class,numerosity,fitness,accuracy,match_count,correct_count,n_conditions_total,n_conditions_effective,rule,support_score
0,3,1.0,1.0,25,25,18,18,dnr_dnr after sadm == 0 AND dzgroup_Coma == 0 AND race_other == 0 AND avtisst <= 42.3 AND diabetes == 0 AND sps <= 48 AND adlp == 0 AND dementia == 0 AND 1.64 <= edu <= 22.4 AND 7.22 <= ph <= 7.73 AND dzclass_Cancer == 0 AND dzclass_COPD/CHF/Cirrhosis == 0 AND 121 <= sod <= 155 AND glucose_was_missing == 0 AND urine <= 4.64e+03 AND income_was_missing == 1 AND crea <= 9.96 AND race_black == 1,3.0
0,2,1.0,1.0,20,20,14,14,dnr_no dnr == 1 AND dnr_dnr before sadm == 0 AND totmcst <= 2.55e+05 AND crea <= 7.5 AND dzgroup_Lung Cancer == 0 AND dzclass_Coma == 0 AND charges <= 5.43e+05 AND bun_was_missing == 0 AND pafi <= 464 AND dzgroup_COPD == 0 AND dzgroup_MOSF w/Malig == 0 AND edu <= 20.4 AND dnrday <= 117 AND 122 <= sod <= 146,2.0
0,2,1.0,1.0,6,6,26,26,48.4 <= age <= 77.7 AND scoma <= 19 AND totcst <= 1.07e+05 AND avtisst <= 20.9 AND 2.31 <= sps <= 42.9 AND 7.26 <= aps <= 46.7 AND wblc <= 45.1 AND 61.4 <= hrt <= 139 AND resp <= 51.7 AND 123 <= sod <= 149 AND 7.08 <= ph <= 7.76 AND bun_was_missing == 0 AND bun <= 47.4 AND urine_was_missing == 0 AND adlp_was_missing == 0 AND adlp == 2 AND adls == 1 AND 0.955 <= adlsc <= 2.72 AND sex == 1 AND dzgroup_COPD == 1 AND dzgroup_MOSF w/Malig == 0 AND dzclass_Coma == 0 AND race_hispanic == 0 AND race_other == 0 AND race_white == 1 AND ca_yes == 0,2.0
0,2,1.0,1.0,41,41,18,18,dnr_no dnr == 1 AND charges <= 5.05e+05 AND avtisst <= 23.3 AND 1.43 <= alb <= 11.6 AND dzclass_Cancer == 0 AND dnr_dnr after sadm == 0 AND sps <= 48.1 AND wblc <= 63.8 AND urine <= 5.06e+03 AND dzgroup_COPD == 0 AND dzgroup_Lung Cancer == 0 AND dzgroup_MOSF w/Malig == 0 AND race_other == 0 AND glucose_was_missing == 1 AND race_asian == 0 AND crea <= 6.67 AND bun <= 114 AND 3.21 <= aps <= 56.8,2.0
0,2,1.0,1.0,136,136,23,23,charges <= 4.05e+05 AND dementia == 0 AND urine <= 5.3e+03 AND adlp_was_missing == 0 AND adlsc <= 2.51 AND dzgroup_Coma == 0 AND dzclass_Cancer == 0 AND race_asian == 0 AND race_other == 0 AND dnr_dnr after sadm == 0 AND dzgroup_MOSF w/Malig == 0 AND race_hispanic == 0 AND dnr_no dnr == 1 AND 1.87 <= sps <= 35.5 AND 36.4 <= hrt <= 141 AND 0.134 <= bili <= 21.7 AND glucose_was_missing == 0 AND dzclass_Coma == 0 AND dnr_dnr before sadm == 0 AND avtisst <= 41.8 AND 117 <= sod <= 155 AND dzgroup_Colon Cancer == 0 AND race_white == 0,2.0
0,2,1.0,1.0,36,36,16,16,dnr_dnr after sadm == 0 AND race_other == 0 AND dzgroup_Cirrhosis == 0 AND dzgroup_Lung Cancer == 0 AND bun <= 129 AND dzgroup_MOSF w/Malig == 0 AND 36.4 <= temp <= 41.1 AND dzclass_Cancer == 0 AND ca_no == 1 AND scoma <= 34.5 AND avtisst <= 24.4 AND 3.76 <= resp <= 44.2 AND glucose_was_missing == 0 AND glucose <= 272 AND adlsc <= 2.66 AND dnr_no dnr == 1,2.0
0,2,1.0,1.0,43,43,16,16,6.16 <= resp <= 37.8 AND bili <= 13.2 AND race_other == 0 AND dzgroup_Coma == 0 AND dnr_no dnr == 1 AND dnrday <= 104 AND dzgroup_COPD == 1 AND meanbp <= 129 AND bun <= 93.3 AND dzgroup_MOSF w/Malig == 0 AND totmcst <= 2.72e+05 AND scoma <= 34.5 AND urine <= 5.3e+03 AND dzgroup_Cirrhosis == 0 AND race_asian == 0 AND glucose <= 460,2.0
1,2,1.0,1.0,10,10,20,20,dementia == 0 AND adlp == 0 AND dnr_dnr before sadm == 0 AND dzclass_Cancer == 0 AND sex == 0 AND 121 <= sod <= 159 AND dzclass_Coma == 0 AND dnr_dnr after sadm == 1 AND urine_was_missing == 0 AND dzgroup_Cirrhosis == 0 AND aps >= 30.5 AND adlp_was_missing == 1 AND dzgroup_COPD == 0 AND charges <= 3.31e+05 AND ca_yes == 1 AND bili <= 16 AND dzgroup_Colon Cancer == 0 AND num_co == 1 AND wblc <= 62.7 AND alb <= 12.3,2.0
0,2,1.0,1.0,99,99,20,20,dnr_dnr after sadm == 0 AND scoma <= 34.5 AND dnr_dnr before sadm == 0 AND diabetes == 0 AND sps <= 48 AND race_asian == 0 AND wblc <= 118 AND dzgroup_Cirrhosis == 0 AND num_co == 1 AND totcst <= 8.4e+04 AND race_other == 0 AND dnr_no dnr == 1 AND 2.39 <= edu <= 26.7 AND avtisst <= 28.4 AND dementia == 0 AND glucose <= 314 AND dzgroup_Coma == 0 AND race_black == 0 AND race_white == 1 AND 11.1 <= meanbp <= 129,2.0
1,2,1.0,1.0,29,29,28,28,crea <= 6.12 AND bun <= 103 AND urine <= 2.9e+03 AND dzgroup_Colon Cancer == 0 AND dzgroup_Lung Cancer == 0 AND dzclass_Cancer == 0 AND dementia == 0 AND dzgroup_COPD == 0 AND dzgroup_MOSF w/Malig == 0 AND dnr_dnr before sadm == 0 AND dnr_no dnr == 0 AND wblc <= 61.9 AND 34.7 <= temp <= 41.5 AND 7.5 <= edu <= 19.9 AND 21.6 <= hrt <= 208 AND 118 <= sod <= 156 AND urine_was_missing == 1 AND adlp_was_missing == 1 AND totmcst <= 2.74e+05 AND totcst <= 2.67e+05 AND race_asian == 0 AND 25.1 <= age <= 73.7 AND avtisst >= 31 AND dnrday <= 71.1 AND alb <= 11.2 AND dzgroup_CHF == 0 AND dzclass_Coma == 0 AND ca_yes == 0,2.0
0,2,1.0,1.0,76,76,16,16,sod <= 155 AND dzgroup_MOSF w/Malig == 0 AND dnrday <= 75.1 AND charges <= 4.16e+05 AND dzgroup_Cirrhosis == 0 AND race_asian == 0 AND dnr_no dnr == 1 AND sex == 0 AND race_white == 0 AND avtisst <= 30.5 AND wblc <= 66.5 AND 72.2 <= hrt <= 152 AND dzgroup_Lung Cancer == 0 AND race_hispanic == 0 AND alb <= 11.5 AND dzgroup_Coma == 0,2.0
1,2,1.0,1.0,10,10,14,14,aps <= 118 AND dzgroup_COPD == 0 AND adlp == 0 AND dzclass_Cancer == 0 AND race_asian == 0 AND dnrday <= 49.6 AND hrt >= 72.9 AND dementia == 0 AND pafi <= 524 AND bun <= 119 AND dnr_no dnr == 0 AND avtisst >= 23.5 AND race_hispanic == 0 AND dzgroup_Cirrhosis == 1,2.0
0,2,1.0,1.0,158,158,16,16,dnr_dnr after sadm == 0 AND diabetes == 0 AND dnr_no dnr == 1 AND dnrday <= 80.5 AND dzgroup_COPD == 0 AND ca_no == 1 AND adlp_was_missing == 0 AND avtisst <= 23.3 AND dzgroup_Coma == 0 AND race_other == 0 AND 47 <= meanbp <= 161 AND wblc <= 71.5 AND resp <= 51.3 AND dzgroup_Cirrhosis == 0 AND dzgroup_Colon Cancer == 0 AND 114 <= sod <= 154,2.0
0,2,1.0,1.0,41,41,25,25,dzclass_COPD/CHF/Cirrhosis == 1 AND race_other == 0 AND ph >= 7.23 AND totmcst <= 2.97e+05 AND avtisst <= 23.3 AND dzgroup_Coma == 0 AND dzgroup_Lung Cancer == 0 AND dzgroup_MOSF w/Malig == 0 AND urine <= 4.3e+03 AND dnr_dnr after sadm == 0 AND dnr_dnr before sadm == 0 AND crea <= 9.08 AND sps <= 46 AND aps <= 84.1 AND dzgroup_COPD == 0 AND dnr_no dnr == 1 AND adlp == 0 AND adls == 1 AND 47 <= meanbp <= 161 AND resp <= 51.3 AND income_was_missing == 0 AND race_white == 1 AND charges <= 2.91e+05 AND dzgroup_Colon Cancer == 0 AND race_black == 0,2.0
0,2,0.9657566934966823,0.9930555555555556,144,143,23,23,dzclass_Cancer == 0 AND dnr_no dnr == 1 AND totmcst <= 2.55e+05 AND 47 <= meanbp <= 161 AND 36.4 <= hrt <= 211 AND age >= 44.6 AND 3.96 <= resp <= 51.3 AND dzgroup_Colon Cancer == 0 AND dzgroup_Coma == 0 AND race_hispanic == 0 AND dnr_dnr before sadm == 0 AND pafi <= 512 AND dzgroup_MOSF w/Malig == 0 AND totcst <= 2.11e+05 AND sps <= 48.1 AND wblc <= 71.5 AND glucose <= 502 AND adlsc <= 1.13 AND dzgroup_COPD == 0 AND race_white == 1 AND ca_yes == 0 AND dnr_dnr after sadm == 0 AND aps <= 38.7,1.9315133869933645
0,2,0.9438348152387257,0.9885057471264368,87,86,16,16,race_other == 0 AND wblc <= 87.9 AND diabetes == 1 AND resp <= 57.5 AND bili <= 18.5 AND urine <= 5.3e+03 AND race_black == 0 AND charges <= 4.09e+05 AND race_white == 1 AND dnr_no dnr == 1 AND adlp_was_missing == 0 AND dzclass_Cancer == 0 AND race_asian == 0 AND scoma <= 34.5 AND avtisst <= 42.3 AND 32.8 <= temp <= 39.7,1.8876696304774514
0,2,0.9248473431559379,0.9844961240310077,129,127,16,16,dzgroup_MOSF w/Malig == 0 AND dzgroup_Cirrhosis == 0 AND race_asian == 0 AND dnr_no dnr == 1 AND sex == 0 AND wblc <= 66.5 AND race_hispanic == 0 AND dzgroup_Coma == 0 AND scoma <= 34.5 AND totcst <= 2.11e+05 AND sps <= 48.1 AND dementia == 0 AND crea <= 7.4 AND adlp_was_missing == 0 AND race_other == 0 AND ca_yes == 0,1.8496946863118757
0,2,0.8650761992027131,0.9714285714285714,70,68,12,12,dzgroup_MOSF w/Malig == 0 AND charges <= 4.27e+05 AND race_asian == 0 AND dnr_no dnr == 1 AND avtisst <= 30.5 AND dzgroup_Lung Cancer == 0 AND dzgroup_Coma == 0 AND 47 <= meanbp <= 161 AND dzgroup_COPD == 0 AND race_other == 0 AND adls == 0 AND dnr_dnr before sadm == 0,1.7301523984054261
0,2,0.8083193429703577,0.9583333333333334,72,69,16,16,dnr_dnr after sadm == 0 AND dnr_dnr before sadm == 0 AND wblc <= 118 AND dzgroup_Cirrhosis == 0 AND num_co == 1 AND totcst <= 8.4e+04 AND race_other == 0 AND dnr_no dnr == 1 AND avtisst <= 35.9 AND dzgroup_Coma == 0 AND race_black == 0 AND race_white == 1 AND 7.9 <= meanbp <= 129 AND 11.1 <= aps <= 46.8 AND race_hispanic == 0 AND glucose <= 624,1.6166386859407154
0,2,0.7474643357994335,0.9434482758620689,725,684,15,15,dementia == 0 AND dnrday <= 75.1 AND avtisst <= 24.4 AND alb <= 9.58 AND race_other == 0 AND wblc <= 72.2 AND 7.11 <= ph <= 7.73 AND bun <= 113 AND bili <= 22.6 AND meanbp <= 161 AND 113 <= sod <= 149 AND dzgroup_Cirrhosis == 0 AND ca_yes == 0 AND 37.4 <= hrt <= 217 AND dzgroup_Coma == 0,1.494928671598867
0,2,0.6839095992798868,0.926829268292683,82,76,15,15,dnrday <= 75.1 AND alb <= 9.58 AND race_other == 0 AND dzgroup_Cirrhosis == 0 AND dzgroup_Coma == 0 AND urine <= 5.3e+03 AND dzgroup_COPD == 0 AND race_black == 0 AND totmcst <= 1.55e+05 AND 30.7 <= age <= 68.4 AND 115 <= sod <= 147 AND bun_was_missing == 0 AND dnr_no dnr == 1 AND 0.566 <= adlsc <= 4.46 AND dnr_dnr after sadm == 0,1.3678191985597736
0,2,0.670176922268936,0.9230769230769231,13,12,20,20,dzclass_Cancer == 1 AND dnr_dnr after sadm == 0 AND 117 <= sod <= 155 AND race_other == 0 AND charges <= 3.45e+05 AND sps <= 45.1 AND dzclass_COPD/CHF/Cirrhosis == 0 AND race_black == 0 AND race_asian == 0 AND age >= 25.8 AND totcst <= 9.77e+04 AND dementia == 0 AND bili <= 6.78 AND glucose <= 314 AND bun_was_missing == 0 AND dzgroup_Colon Cancer == 0 AND race_hispanic == 0 AND 8.28 <= hrt <= 148 AND dzgroup_CHF == 0 AND dzclass_Coma == 0,1.340353844537872
0,2,0.638865843993574,0.9142857142857143,315,288,18,18,race_other == 0 AND 0.375 <= edu <= 26.7 AND race_asian == 0 AND avtisst <= 28.4 AND dementia == 0 AND adlp == 0 AND dzgroup_Cirrhosis == 0 AND dnr_dnr before sadm == 0 AND 133 <= sod <= 169 AND 7.3 <= ph <= 7.64 AND dzgroup_Lung Cancer == 0 AND charges <= 3.97e+05 AND bili <= 22.6 AND 345 <= urine <= 3.58e+03 AND wblc <= 83.6 AND 34.1 <= temp <= 39.6 AND glucose <= 487 AND race_hispanic == 0,1.277731687987148
1,2,0.5904900000000001,0.9,10,9,15,15,dnrday <= 62 AND scoma >= 74.5 AND urine <= 3.22e+03 AND race_other == 0 AND dnr_dnr before sadm == 0 AND adlp == 0 AND race_hispanic == 0 AND dnr_dnr after sadm == 1 AND dnr_no dnr == 0 AND sex == 0 AND dementia == 0 AND hrt >= 72.9 AND glucose <= 612 AND adlp_was_missing == 1 AND dzclass_Cancer == 0,1.1809800000000001
1,2,0.5549289573066435,0.8888888888888888,9,8,13,13,dzgroup_MOSF w/Malig == 0 AND dnr_no dnr == 0 AND 21.6 <= hrt <= 208 AND dzclass_Cancer == 0 AND dnr_dnr before sadm == 0 AND dzgroup_CHF == 0 AND age <= 50.5 AND dzgroup_Coma == 0 AND dzgroup_Lung Cancer == 0 AND 1.76e+04 <= totcst <= 4.01e+05 AND race_white == 0 AND ca_no == 1 AND race_asian == 0,1.109857914613287
0,2,0.5549289573066435,0.8888888888888888,9,8,20,20,race_asian == 0 AND dnr_dnr before sadm == 0 AND resp <= 44.2 AND adlp_was_missing == 0 AND dzgroup_Cirrhosis == 0 AND dzgroup_Coma == 0 AND dzclass_Coma == 0 AND scoma <= 34.5 AND 30.3 <= aps <= 78.5 AND glucose <= 581 AND dzgroup_CHF == 0 AND charges <= 5e+05 AND wblc <= 69.8 AND dzclass_COPD/CHF/Cirrhosis == 1 AND race_other == 0 AND edu <= 16.8 AND sps <= 55.5 AND alb <= 7.87 AND bili <= 15.1 AND dzgroup_COPD == 1,1.109857914613287
1,2,0.512908935546875,0.875,168,147,16,16,dnr_no dnr == 0 AND dementia == 0 AND avtisst >= 23.5 AND dzgroup_COPD == 0 AND scoma <= 37 AND dnr_dnr after sadm == 1 AND 30.8 <= aps <= 77.2 AND charges <= 5.97e+05 AND totcst <= 1.97e+05 AND 20.2 <= sps <= 56.8 AND wblc <= 49.7 AND glucose <= 373 AND dzgroup_Cirrhosis == 0 AND dzgroup_Lung Cancer == 0 AND dzclass_Cancer == 0 AND 32.6 <= meanbp <= 131,1.02581787109375
0,1,1.0,1.0,13,13,22,22,crea <= 7.3 AND adlp == 0 AND scoma <= 34.5 AND charges <= 5.12e+05 AND urine <= 3.58e+03 AND adls == 1 AND dzclass_Coma == 0 AND dnr_dnr after sadm == 0 AND urine_was_missing == 1 AND dnrday <= 82.4 AND 7.29 <= ph <= 7.75 AND sex == 1 AND dzgroup_CHF == 0 AND race_black == 0 AND race_other == 0 AND dnr_no dnr == 1 AND 5.33 <= sps <= 31.1 AND diabetes == 0 AND dzgroup_Coma == 0 AND dnr_dnr before sadm == 0 AND 1.86 <= adlsc <= 4.05 AND ca_no == 0,1.0
0,1,1.0,1.0,39,39,18,18,dzgroup_Cirrhosis == 0 AND dnr_dnr before sadm == 0 AND scoma <= 34.5 AND charges <= 4.16e+05 AND ca_yes == 0 AND avtisst <= 42.7 AND resp <= 51.3 AND dzgroup_COPD == 0 AND dzgroup_Colon Cancer == 0 AND dnr_no dnr == 1 AND age >= 75.6 AND 7.77 <= edu <= 17.6 AND 35.5 <= meanbp <= 129 AND 8.02 <= hrt <= 172 AND dzgroup_MOSF w/Malig == 0 AND race_asian == 0 AND totcst <= 1.88e+05 AND dzgroup_CHF == 1,1.0
1,1,1.0,1.0,2,2,28,28,age >= 60.8 AND num_co == 3 AND edu >= 20.5 AND totmcst <= 2.62e+05 AND dnrday <= 56.6 AND 89.6 <= meanbp <= 150 AND wblc <= 51.4 AND hrt <= 168 AND 36.3 <= temp <= 39.5 AND alb <= 9.29 AND 127 <= sod <= 145 AND glucose_was_missing == 1 AND glucose <= 408 AND bun_was_missing == 1 AND bun <= 125 AND urine <= 4.98e+03 AND adlp == 1 AND adls == 1 AND sex == 1 AND income_was_missing == 0 AND dzgroup_COPD == 0 AND dzgroup_Cirrhosis == 0 AND dzgroup_Coma == 0 AND dzclass_Coma == 0 AND race_black == 0 AND race_white == 1 AND ca_yes == 1 AND dnr_dnr before sadm == 0,1.0
1,1,1.0,1.0,2,2,35,35,39.2 <= age <= 78.6 AND scoma <= 36.5 AND totcst <= 9.66e+04 AND totmcst <= 1.16e+05 AND aps <= 61.8 AND dementia == 0 AND dnrday <= 75.9 AND 58 <= meanbp <= 172 AND wblc <= 36.1 AND 60.3 <= hrt <= 220 AND resp <= 41.2 AND pafi <= 391 AND bili <= 15.4 AND crea <= 6.08 AND glucose_was_missing == 0 AND glucose <= 294 AND urine <= 5.9e+03 AND adlp == 5 AND adls == 5 AND 3.3 <= adlsc <= 6.7 AND income_was_missing == 1 AND income == 1 AND dzgroup_Cirrhosis == 0 AND dzgroup_Coma == 0 AND dzgroup_Lung Cancer == 0 AND dzgroup_MOSF w/Malig == 0 AND dzclass_Coma == 0 AND race_asian == 0 AND race_black == 0 AND race_hispanic == 0 AND race_other == 0 AND race_white == 1 AND ca_yes == 0 AND dnr_dnr after sadm == 0 AND dnr_dnr before sadm == 0,1.0
0,1,1.0,1.0,1,1,26,26,24.4 <= age <= 59.6 AND num_co == 2 AND 7.39 <= edu <= 26.6 AND 16.1 <= scoma <= 29.5 AND charges <= 2.39e+05 AND totcst <= 1.71e+05 AND totmcst <= 1.55e+05 AND diabetes == 0 AND 13.1 <= meanbp <= 133 AND wblc <= 79.6 AND alb <= 13.2 AND bili <= 21.7 AND 113 <= sod <= 157 AND 7.26 <= ph <= 7.64 AND glucose <= 398 AND urine_was_missing == 1 AND adlp == 0 AND adlsc <= 2.37 AND dzgroup_COPD == 0 AND dzgroup_Lung Cancer == 0 AND dzgroup_MOSF w/Malig == 0 AND dnr_dnr before sadm == 0 AND dnr_no dnr == 1 AND dementia == 0 AND dzclass_Cancer == 0 AND resp <= 55.2,1.0
0,1,1.0,1.0,2,2,25,25,74.4 <= age <= 101 AND totmcst <= 2.51e+05 AND 11.4 <= avtisst <= 39.1 AND sps <= 67.4 AND dementia == 0 AND wblc <= 84.8 AND 131 <= hrt <= 199 AND 23.2 <= resp <= 48.8 AND bili <= 18.2 AND crea <= 7.85 AND bun_was_missing == 1 AND urine <= 4.94e+03 AND adlp_was_missing == 1 AND adls == 1 AND income == 0 AND dzgroup_CHF == 0 AND dzgroup_COPD == 1 AND dzgroup_Coma == 0 AND dzclass_Coma == 0 AND race_asian == 0 AND race_other == 0 AND ca_yes == 0 AND dnr_dnr after sadm == 1 AND dnr_dnr before sadm == 0 AND dnr_no dnr == 0,1.0
1,1,1.0,1.0,2,2,27,27,edu <= 19 AND charges <= 2.05e+05 AND totcst <= 1.23e+05 AND diabetes == 1 AND dnrday <= 61.4 AND 70.1 <= meanbp <= 150 AND wblc <= 59.7 AND bili <= 16 AND bun <= 122 AND urine_was_missing == 0 AND urine <= 3.15e+03 AND adlp == 0 AND adls == 7 AND sex == 1 AND income == 0 AND dzgroup_COPD == 0 AND dzgroup_Colon Cancer == 0 AND dzgroup_Lung Cancer == 0 AND dzgroup_MOSF w/Malig == 0 AND dzclass_COPD/CHF/Cirrhosis == 1 AND dzclass_Cancer == 0 AND dzclass_Coma == 0 AND race_asian == 0 AND race_other == 0 AND ca_no == 1 AND dnr_dnr after sadm == 1 AND dnr_dnr before sadm == 0,1.0
0,1,1.0,1.0,4,4,18,18,6.16 <= resp <= 37.8 AND bili <= 13.2 AND race_other == 0 AND dzgroup_Coma == 0 AND dnr_no dnr == 1 AND dnrday <= 104 AND dzgroup_COPD == 1 AND meanbp <= 129 AND bun <= 93.3 AND dzgroup_MOSF w/Malig == 0 AND totmcst <= 2.72e+05 AND scoma <= 34.5 AND urine <= 5.3e+03 AND dzgroup_Cirrhosis == 0 AND race_asian == 0 AND glucose <= 460 AND alb <= 10 AND adlsc <= 2.33,1.0
0,1,1.0,1.0,6,6,17,17,dnr_no dnr == 1 AND dnr_dnr before sadm == 0 AND crea <= 7.5 AND dzgroup_Lung Cancer == 0 AND bun_was_missing == 0 AND pafi <= 464 AND dzgroup_COPD == 0 AND dzgroup_MOSF w/Malig == 0 AND edu <= 20.4 AND dnrday <= 117 AND sps <= 45.1 AND bili <= 18.1 AND urine_was_missing == 0 AND urine <= 5.3e+03 AND adlp == 0 AND dnr_dnr after sadm == 0 AND ca_yes == 0,1.0
1,1,1.0,1.0,1,1,22,22,dnrday <= 71.1 AND dementia == 0 AND bun <= 119 AND dnr_no dnr == 0 AND race_hispanic == 0 AND dzgroup_Colon Cancer == 0 AND crea <= 3.38 AND dzclass_Cancer == 0 AND 25.1 <= age <= 98.3 AND 56.8 <= pafi <= 391 AND income_was_missing == 0 AND race_other == 0 AND totmcst <= 2.74e+05 AND 21.6 <= hrt <= 208 AND adlp_was_missing == 1 AND dzgroup_COPD == 0 AND dzgroup_Lung Cancer == 0 AND dzgroup_MOSF w/Malig == 0 AND race_asian == 0 AND ca_no == 1 AND dnr_dnr before sadm == 0 AND charges <= 2.34e+05,1.0
0,1,1.0,1.0,1,1,18,18,dnr_dnr after sadm == 0 AND dzgroup_Colon Cancer == 0 AND dnr_no dnr == 1 AND race_other == 0 AND totmcst <= 2.72e+05 AND dementia == 0 AND ca_no == 0 AND glucose_was_missing == 0 AND edu <= 26.7 AND totcst <= 2.27e+05 AND meanbp <= 161 AND glucose <= 272 AND dzclass_Coma == 0 AND bun_was_missing == 0 AND adlp == 0 AND dzgroup_Cirrhosis == 0 AND dzclass_Cancer == 0 AND race_hispanic == 0,1.0
0,1,1.0,1.0,1,1,20,20,dnr_dnr after sadm == 0 AND dzgroup_Colon Cancer == 0 AND dnr_no dnr == 1 AND race_other == 0 AND totmcst <= 2.72e+05 AND dementia == 0 AND ca_no == 0 AND glucose_was_missing == 0 AND edu <= 26.7 AND totcst <= 2.27e+05 AND meanbp <= 161 AND glucose <= 272 AND dzclass_Coma == 0 AND wblc <= 118 AND bun_was_missing == 0 AND adlp == 0 AND dzgroup_Cirrhosis == 0 AND dzclass_Cancer == 0 AND race_hispanic == 0 AND dzgroup_MOSF w/Malig == 0,1.0
0,1,1.0,1.0,2,2,25,25,age >= 45.9 AND num_co == 1 AND totcst <= 2.49e+05 AND totmcst <= 2.12e+05 AND sps <= 38.3 AND diabetes == 0 AND dementia == 0 AND dnrday <= 86.1 AND resp <= 45.5 AND 469 <= pafi <= 787 AND crea <= 6.09 AND bun <= 75.3 AND urine <= 4.44e+03 AND adlp_was_missing == 0 AND adlp == 0 AND adls == 0 AND income_was_missing == 0 AND dzgroup_Colon Cancer == 1 AND dzgroup_Lung Cancer == 0 AND dzclass_Cancer == 1 AND race_asian == 1 AND race_black == 0 AND dnr_dnr after sadm == 0 AND dnr_dnr before sadm == 0 AND dnr_no dnr == 1,1.0
1,1,1.0,1.0,2,2,26,26,54.5 <= age <= 82.1 AND 4.71 <= edu <= 19.3 AND scoma >= 63 AND totcst <= 1.96e+05 AND aps <= 47.8 AND dementia == 0 AND dnrday <= 103 AND wblc <= 37.6 AND resp <= 24.3 AND alb <= 11.5 AND crea <= 6.31 AND 137 <= sod <= 163 AND ph >= 7.2 AND glucose <= 519 AND bun_was_missing == 1 AND adlp_was_missing == 1 AND adlp == 0 AND adls == 1 AND income_was_missing == 1 AND income == 1 AND dzgroup_COPD == 0 AND dzgroup_Coma == 1 AND race_other == 0 AND race_white == 1 AND dnr_dnr before sadm == 0 AND dnr_no dnr == 1,1.0
1,1,1.0,1.0,2,2,32,32,num_co == 2 AND 0.84 <= edu <= 23.2 AND totcst <= 2.57e+05 AND totmcst <= 2.04e+05 AND sps <= 45 AND aps <= 50.8 AND dementia == 1 AND dnrday <= 57.3 AND 39.7 <= meanbp <= 180 AND 26.5 <= hrt <= 134 AND 10.4 <= resp <= 37.6 AND 32.4 <= temp <= 38.7 AND 87.6 <= pafi <= 465 AND alb <= 9.15 AND crea <= 5.77 AND 124 <= sod <= 164 AND bun_was_missing == 0 AND bun <= 90.8 AND urine_was_missing == 0 AND 965 <= urine <= 4.84e+03 AND adls == 6 AND adlsc >= 4.34 AND income == 0 AND dzgroup_CHF == 0 AND dzgroup_Cirrhosis == 0 AND dzgroup_Coma == 0 AND dzgroup_MOSF w/Malig == 0 AND dzclass_Coma == 0 AND race_asian == 0 AND race_black == 1 AND race_other == 0 AND dnr_no dnr == 0,1.0
0,1,1.0,1.0,3,3,37,37,7.04 <= edu <= 17 AND scoma <= 22.5 AND charges <= 4.3e+05 AND 1.21e+04 <= totcst <= 1.96e+05 AND totmcst <= 2.95e+05 AND avtisst <= 54.5 AND 11.3 <= sps <= 36.1 AND 18.4 <= aps <= 53.6 AND dementia == 0 AND meanbp <= 75.1 AND 16.6 <= hrt <= 173 AND resp <= 28.7 AND 33 <= temp <= 37.2 AND 7.53 <= glucose <= 480 AND bun_was_missing == 0 AND bun <= 115 AND urine_was_missing == 0 AND adlp_was_missing == 1 AND adlp == 0 AND adls == 0 AND adlsc <= 1.73 AND sex == 0 AND income_was_missing == 1 AND income == 1 AND dzgroup_Cirrhosis == 0 AND dzgroup_Colon Cancer == 0 AND dzgroup_Coma == 0 AND dzgroup_MOSF w/Malig == 0 AND dzclass_Coma == 0 AND race_asian == 0 AND race_black == 1 AND race_other == 0 AND race_white == 0 AND ca_no == 1 AND ca_yes == 0 AND dnr_dnr after sadm == 0 AND dnr_no dnr == 1,1.0
1,1,1.0,1.0,2,2,26,26,num_co == 4 AND 5.41 <= edu <= 20.6 AND charges <= 3.94e+05 AND totmcst <= 1.66e+05 AND avtisst <= 38.2 AND sps <= 61.3 AND aps <= 76.5 AND dnrday <= 79 AND wblc <= 85.5 AND 72.9 <= hrt <= 135 AND 32.9 <= temp <= 38.6 AND pafi <= 543 AND crea <= 4.62 AND 116 <= sod <= 162 AND glucose_was_missing == 0 AND bun_was_missing == 0 AND adlp_was_missing == 1 AND adls == 0 AND income_was_missing == 1 AND dzgroup_Cirrhosis == 0 AND dzclass_Cancer == 1 AND dzclass_Coma == 0 AND race_black == 0 AND race_other == 0 AND ca_no == 0 AND ca_yes == 0,1.0
1,1,1.0,1.0,2,2,29,29,59.3 <= age <= 86.9 AND num_co == 0 AND 2.08 <= edu <= 21.9 AND charges <= 2.92e+05 AND totcst <= 1.05e+05 AND totmcst <= 1.29e+05 AND sps <= 71 AND dnrday <= 40.6 AND wblc <= 34.8 AND 23.9 <= hrt <= 106 AND resp <= 28.9 AND 32.7 <= temp <= 37.3 AND crea <= 5.92 AND 125 <= sod <= 145 AND glucose_was_missing == 0 AND bun_was_missing == 0 AND adlp == 0 AND adls == 1 AND 0.108 <= adlsc <= 4.35 AND sex == 1 AND dzgroup_CHF == 0 AND dzgroup_Colon Cancer == 0 AND dzclass_COPD/CHF/Cirrhosis == 0 AND dzclass_Cancer == 0 AND dzclass_Coma == 0 AND race_black == 0 AND race_other == 0 AND race_white == 1 AND ca_yes == 1,1.0
0,1,1.0,1.0,4,4,31,31,58.1 <= age <= 88.3 AND 7.2 <= edu <= 16.8 AND charges <= 5.43e+05 AND avtisst <= 29.9 AND sps <= 47.6 AND aps <= 57.7 AND 102 <= meanbp <= 168 AND 12.7 <= hrt <= 117 AND 3.16 <= resp <= 56.8 AND 115 <= sod <= 159 AND 7.27 <= ph <= 7.58 AND glucose_was_missing == 0 AND glucose <= 341 AND bun <= 103 AND urine_was_missing == 0 AND 3.89e+03 <= urine <= 6.5e+03 AND adlp_was_missing == 0 AND adlp == 0 AND adls == 2 AND income_was_missing == 0 AND dzgroup_COPD == 1 AND dzgroup_Coma == 0 AND dzgroup_Lung Cancer == 0 AND dzclass_COPD/CHF/Cirrhosis == 1 AND dzclass_Coma == 0 AND race_hispanic == 0 AND race_other == 0 AND ca_no == 1 AND dnr_dnr after sadm == 0 AND dnr_dnr before sadm == 0 AND dnr_no dnr == 1,1.0
1,1,1.0,1.0,2,2,26,26,41 <= age <= 97.1 AND scoma <= 16 AND totcst <= 2.18e+05 AND avtisst <= 38.9 AND diabetes == 1 AND dnrday <= 73.2 AND 40.4 <= meanbp <= 93.6 AND 47.4 <= hrt <= 135 AND alb <= 7.25 AND 115 <= sod <= 151 AND glucose_was_missing == 0 AND urine_was_missing == 0 AND adlp_was_missing == 1 AND adlp == 0 AND 1.62 <= adlsc <= 4.38 AND sex == 1 AND income_was_missing == 0 AND dzgroup_CHF == 1 AND dzgroup_COPD == 0 AND dzgroup_Coma == 0 AND dzgroup_MOSF w/Malig == 0 AND dzclass_COPD/CHF/Cirrhosis == 1 AND race_black == 0 AND race_white == 1 AND ca_no == 0 AND dnr_no dnr == 0,1.0
0,1,1.0,1.0,2,2,21,21,charges <= 4.81e+05 AND diabetes == 0 AND dementia == 0 AND dnrday <= 86.9 AND 25.7 <= meanbp <= 90.3 AND resp <= 23.9 AND crea <= 4.83 AND glucose <= 230 AND bun_was_missing == 0 AND 20 <= urine <= 3.26e+03 AND adlp_was_missing == 1 AND adls == 3 AND income_was_missing == 1 AND dzgroup_CHF == 0 AND dzgroup_Coma == 0 AND race_other == 0 AND race_white == 1 AND ca_no == 0 AND ca_yes == 0 AND dnr_dnr after sadm == 0 AND dnr_no dnr == 0,1.0
1,1,1.0,1.0,2,2,33,33,age <= 53.4 AND num_co == 0 AND scoma >= 75.5 AND charges <= 3.95e+05 AND totmcst <= 1.48e+05 AND 26.7 <= sps <= 77.1 AND 38.3 <= aps <= 77.7 AND dnrday <= 62.4 AND resp <= 60.6 AND pafi <= 383 AND crea <= 4.28 AND ph >= 7.14 AND adlp == 0 AND adls == 0 AND adlsc <= 2.4 AND income_was_missing == 0 AND income == 0 AND dzgroup_CHF == 0 AND dzgroup_COPD == 0 AND dzgroup_Cirrhosis == 0 AND dzgroup_Colon Cancer == 0 AND dzgroup_Coma == 1 AND dzgroup_Lung Cancer == 0 AND dzgroup_MOSF w/Malig == 0 AND dzclass_COPD/CHF/Cirrhosis == 0 AND dzclass_Cancer == 0 AND race_asian == 0 AND race_black == 0 AND race_hispanic == 0 AND ca_no == 1 AND ca_yes == 0 AND dnr_dnr before sadm == 0 AND dnr_no dnr == 0,1.0
0,1,1.0,1.0,2,2,32,32,56.5 <= age <= 91.7 AND num_co == 2 AND 1.47 <= edu <= 18.5 AND totcst <= 1.96e+05 AND sps <= 59.9 AND diabetes == 0 AND dnrday <= 116 AND meanbp <= 99.8 AND 32.8 <= temp <= 40.3 AND pafi <= 358 AND bili <= 16.3 AND crea <= 5.39 AND 174 <= glucose <= 436 AND bun_was_missing == 0 AND bun <= 135 AND urine <= 3.17e+03 AND adlp_was_missing == 0 AND adls == 4 AND 2.27 <= adlsc <= 5.73 AND income_was_missing == 0 AND dzgroup_CHF == 0 AND dzgroup_COPD == 0 AND dzgroup_Cirrhosis == 1 AND dzgroup_Colon Cancer == 0 AND dzgroup_Lung Cancer == 0 AND dzgroup_MOSF w/Malig == 0 AND race_asian == 0 AND race_white == 1 AND ca_no == 1 AND ca_yes == 0 AND dnr_dnr after sadm == 0 AND dnr_dnr before sadm == 0,1.0
0,1,1.0,1.0,2,2,33,33,34.3 <= age <= 94.5 AND num_co == 3 AND scoma <= 36.5 AND aps <= 26.6 AND dnrday <= 60.8 AND 50.3 <= meanbp <= 140 AND wblc <= 48.1 AND 7.24 <= resp <= 32.8 AND 34.3 <= temp <= 38.8 AND bili <= 22.7 AND crea <= 5.29 AND 113 <= sod <= 151 AND 7.31 <= ph <= 7.63 AND glucose_was_missing == 1 AND glucose <= 471 AND bun_was_missing == 1 AND adlp_was_missing == 1 AND adls == 1 AND adlsc <= 2.2 AND income_was_missing == 0 AND income == 1 AND dzgroup_COPD == 1 AND dzgroup_Cirrhosis == 0 AND dzgroup_MOSF w/Malig == 0 AND dzclass_COPD/CHF/Cirrhosis == 1 AND dzclass_Coma == 0 AND race_asian == 0 AND race_black == 0 AND race_other == 0 AND race_white == 1 AND ca_no == 1 AND ca_yes == 0 AND dnr_dnr after sadm == 0,1.0
1,1,1.0,1.0,2,2,30,30,num_co == 2 AND 3.7 <= sps <= 63.1 AND diabetes == 1 AND dementia == 0 AND 39.6 <= meanbp <= 100 AND wblc <= 53.4 AND resp <= 37.5 AND pafi <= 379 AND 117 <= sod <= 159 AND ph >= 7.18 AND glucose <= 259 AND 240 <= urine <= 2.85e+03 AND adlp == 0 AND adlsc >= 5.66 AND income_was_missing == 0 AND dzgroup_CHF == 0 AND dzgroup_COPD == 1 AND dzgroup_Cirrhosis == 0 AND dzgroup_Colon Cancer == 0 AND dzgroup_Lung Cancer == 0 AND dzgroup_MOSF w/Malig == 0 AND dzclass_Cancer == 0 AND dzclass_Coma == 0 AND race_asian == 0 AND race_hispanic == 0 AND race_other == 0 AND race_white == 0 AND ca_no == 1 AND dnr_dnr after sadm == 1 AND dnr_no dnr == 0,1.0
1,1,1.0,1.0,2,2,31,31,num_co == 5 AND 8.88 <= edu <= 19.1 AND scoma <= 33 AND 7.58 <= sps <= 42.2 AND diabetes == 0 AND dementia == 1 AND 8.6 <= resp <= 39.4 AND alb <= 8.26 AND glucose_was_missing == 1 AND glucose <= 466 AND bun <= 134 AND urine <= 4.8e+03 AND adlp_was_missing == 1 AND adlp == 0 AND adls == 4 AND 2.76 <= adlsc <= 5.24 AND income == 0 AND dzgroup_COPD == 0 AND dzgroup_Colon Cancer == 0 AND dzgroup_Lung Cancer == 0 AND dzclass_COPD/CHF/Cirrhosis == 1 AND dzclass_Cancer == 0 AND dzclass_Coma == 0 AND race_asian == 0 AND race_black == 0 AND race_hispanic == 0 AND race_white == 1 AND ca_no == 1 AND ca_yes == 0 AND dnr_dnr after sadm == 1 AND dnr_dnr before sadm == 0,1.0
0,1,1.0,1.0,2,2,21,21,scoma >= 84 AND sps <= 62.8 AND 10.2 <= aps <= 87.8 AND dementia == 0 AND dnrday <= 79 AND 82.3 <= meanbp <= 134 AND resp <= 50.6 AND 33.2 <= temp <= 38.2 AND bili <= 15.1 AND bun <= 123 AND urine_was_missing == 0 AND 40 <= urine <= 2.74e+03 AND adlp_was_missing == 1 AND adls == 0 AND sex == 0 AND dzgroup_Cirrhosis == 0 AND dzclass_COPD/CHF/Cirrhosis == 0 AND dzclass_Cancer == 0 AND dzclass_Coma == 0 AND race_hispanic == 0 AND race_other == 0,1.0
0,1,1.0,1.0,2,2,28,28,44.9 <= age <= 90.9 AND num_co == 2 AND 0.84 <= edu <= 23.2 AND charges <= 3.16e+05 AND totmcst <= 1.9e+05 AND avtisst <= 21 AND sps <= 52.9 AND diabetes == 0 AND 82.7 <= meanbp <= 147 AND 10.4 <= resp <= 45.6 AND 32.4 <= temp <= 39.8 AND crea <= 6.74 AND 120 <= sod <= 156 AND glucose <= 303 AND bun_was_missing == 1 AND 615 <= urine <= 3.32e+03 AND adlp_was_missing == 0 AND adlp == 1 AND adls == 2 AND dzgroup_Colon Cancer == 0 AND dzgroup_Coma == 0 AND dzclass_COPD/CHF/Cirrhosis == 1 AND race_asian == 0 AND race_black == 0 AND race_hispanic == 0 AND race_white == 1 AND dnr_dnr after sadm == 0 AND dnr_dnr before sadm == 0,1.0
0,1,1.0,1.0,4,4,31,31,edu <= 22.2 AND scoma <= 33.5 AND avtisst <= 25.3 AND aps <= 37 AND diabetes == 0 AND dementia == 0 AND 8.35 <= meanbp <= 136 AND resp <= 21 AND alb <= 7.3 AND 131 <= sod <= 153 AND 7.13 <= ph <= 7.69 AND bun_was_missing == 0 AND urine_was_missing == 0 AND adlp_was_missing == 1 AND adlp == 0 AND adlsc <= 2.1 AND sex == 0 AND income_was_missing == 1 AND dzgroup_CHF == 0 AND dzgroup_COPD == 1 AND dzgroup_Cirrhosis == 0 AND dzgroup_Colon Cancer == 0 AND dzgroup_Coma == 0 AND dzgroup_Lung Cancer == 0 AND dzgroup_MOSF w/Malig == 0 AND dzclass_Cancer == 0 AND dzclass_Coma == 0 AND race_asian == 0 AND race_black == 0 AND race_other == 0 AND dnr_no dnr == 1,1.0
0,1,1.0,1.0,2,2,28,28,52.6 <= age <= 91.1 AND num_co == 3 AND 3.2 <= edu <= 12.8 AND totcst <= 2.32e+05 AND dnrday <= 76.8 AND 30.9 <= meanbp <= 101 AND 4.73 <= hrt <= 119 AND resp <= 48.1 AND 33.8 <= temp <= 38.4 AND 145 <= pafi <= 591 AND bili <= 10 AND crea <= 4.71 AND 131 <= sod <= 149 AND 7.17 <= ph <= 7.65 AND bun_was_missing == 0 AND adlp_was_missing == 1 AND adlp == 0 AND adls == 1 AND 0.116 <= adlsc <= 1.88 AND income_was_missing == 1 AND dzgroup_Colon Cancer == 0 AND dzgroup_MOSF w/Malig == 0 AND dzclass_COPD/CHF/Cirrhosis == 1 AND race_black == 0 AND race_hispanic == 0 AND race_other == 0 AND race_white == 1 AND dnr_dnr before sadm == 0,1.0
1,1,1.0,1.0,2,2,30,30,age <= 67.4 AND num_co == 2 AND scoma <= 17 AND totcst <= 2.69e+05 AND totmcst <= 1.41e+05 AND 19 <= sps <= 64.6 AND 21.3 <= aps <= 94.7 AND dementia == 0 AND 19.8 <= meanbp <= 126 AND wblc <= 75 AND 7.28 <= resp <= 40.7 AND alb <= 6.73 AND bili >= 36.9 AND 116 <= sod <= 154 AND glucose <= 345 AND bun_was_missing == 1 AND adlp_was_missing == 0 AND adlp == 1 AND adls == 1 AND adlsc <= 3.68 AND sex == 0 AND income_was_missing == 0 AND income == 3 AND dzgroup_COPD == 0 AND dzgroup_MOSF w/Malig == 0 AND dzclass_COPD/CHF/Cirrhosis == 1 AND race_black == 0 AND race_hispanic == 0 AND race_white == 1 AND dnr_dnr before sadm == 0,1.0
1,1,1.0,1.0,3,3,19,19,diabetes == 0 AND dnrday <= 117 AND 60.5 <= meanbp <= 154 AND resp <= 42.8 AND 35 <= temp <= 37.6 AND glucose <= 587 AND bun <= 134 AND urine_was_missing == 1 AND adlp_was_missing == 0 AND adlsc <= 3.44 AND sex == 0 AND income == 2 AND dzgroup_COPD == 0 AND dzgroup_Cirrhosis == 0 AND dzgroup_Lung Cancer == 0 AND dzgroup_MOSF w/Malig == 1 AND dzclass_Coma == 0 AND race_black == 0 AND dnr_no dnr == 0,1.0
0,1,1.0,1.0,3,3,26,26,num_co == 2 AND 8.71 <= edu <= 23.3 AND totcst <= 1.18e+05 AND 2.53 <= sps <= 28.3 AND dementia == 0 AND meanbp <= 125 AND wblc <= 70.6 AND 56.6 <= hrt <= 243 AND pafi <= 503 AND alb <= 9.5 AND bili <= 18 AND 115 <= sod <= 159 AND bun_was_missing == 1 AND bun <= 132 AND urine_was_missing == 1 AND adlp == 0 AND adls == 1 AND income == 1 AND dzgroup_Colon Cancer == 0 AND dzgroup_Lung Cancer == 0 AND race_asian == 1 AND race_hispanic == 0 AND race_white == 0 AND ca_no == 1 AND ca_yes == 0 AND dnr_dnr after sadm == 0,1.0
0,1,1.0,1.0,2,2,26,26,num_co == 0 AND scoma >= 75 AND 10.5 <= avtisst <= 47.5 AND sps <= 47.5 AND dementia == 0 AND dnrday <= 51 AND 36.3 <= temp <= 40.8 AND bili <= 23.7 AND crea <= 6.34 AND 125 <= sod <= 147 AND ph >= 7.17 AND glucose_was_missing == 1 AND glucose <= 513 AND bun <= 120 AND urine_was_missing == 1 AND adls == 0 AND income_was_missing == 0 AND income == 0 AND dzgroup_Coma == 1 AND dzgroup_Lung Cancer == 0 AND dzgroup_MOSF w/Malig == 0 AND dzclass_Coma == 1 AND race_black == 0 AND race_hispanic == 0 AND race_white == 1 AND ca_yes == 0,1.0
0,1,1.0,1.0,8,8,25,25,34.7 <= age <= 61.5 AND num_co == 2 AND charges <= 2.11e+05 AND totmcst <= 2.55e+05 AND avtisst <= 33.1 AND dementia == 0 AND hrt <= 152 AND 4.6 <= resp <= 35.4 AND pafi <= 464 AND alb <= 8.26 AND crea <= 5.7 AND 7.08 <= ph <= 7.76 AND glucose_was_missing == 1 AND 660 <= urine <= 3.27e+03 AND adlp_was_missing == 0 AND income_was_missing == 0 AND income == 1 AND dzgroup_COPD == 0 AND dzgroup_Cirrhosis == 1 AND dzgroup_Lung Cancer == 0 AND dzgroup_MOSF w/Malig == 0 AND race_asian == 0 AND race_other == 0 AND ca_yes == 0 AND dnr_dnr before sadm == 0,1.0
0,1,1.0,1.0,2,2,25,25,27.8 <= age <= 81.4 AND scoma <= 26.5 AND totcst <= 2.45e+05 AND totmcst <= 2.83e+05 AND 4.61 <= sps <= 65 AND resp <= 33.1 AND bili <= 20.4 AND crea <= 8.72 AND 119 <= sod <= 157 AND 7.26 <= ph <= 7.55 AND glucose <= 519 AND bun <= 128 AND adls == 5 AND 3.27 <= adlsc <= 6.73 AND sex == 0 AND income_was_missing == 0 AND dzgroup_COPD == 0 AND dzgroup_Cirrhosis == 0 AND dzclass_COPD/CHF/Cirrhosis == 0 AND dzclass_Coma == 0 AND race_hispanic == 0 AND race_white == 0 AND ca_yes == 1 AND dnr_dnr before sadm == 0 AND dnr_no dnr == 0,1.0
0,1,1.0,1.0,2,2,33,33,num_co == 0 AND scoma <= 30.5 AND charges <= 4.19e+05 AND avtisst <= 31.9 AND sps <= 21.6 AND aps <= 60.5 AND dementia == 0 AND dnrday <= 87.8 AND 30.8 <= meanbp <= 137 AND 35.5 <= hrt <= 153 AND resp <= 43.3 AND alb <= 9.39 AND bili <= 21.9 AND crea <= 5.7 AND 123 <= sod <= 155 AND 7.24 <= ph <= 7.6 AND bun <= 102 AND urine_was_missing == 1 AND urine <= 5.25e+03 AND adls == 1 AND adlsc <= 2.86 AND sex == 1 AND income_was_missing == 0 AND income == 2 AND dzgroup_CHF == 0 AND dzgroup_COPD == 0 AND dzgroup_MOSF w/Malig == 0 AND race_black == 0 AND race_hispanic == 1 AND race_other == 0 AND race_white == 0 AND ca_yes == 0 AND dnr_no dnr == 1,1.0
0,1,1.0,1.0,2,2,33,33,num_co == 3 AND edu <= 10.4 AND scoma <= 13 AND totcst <= 1.47e+05 AND totmcst <= 1.58e+05 AND 8.03 <= sps <= 33.8 AND aps <= 87.3 AND diabetes == 0 AND dementia == 0 AND wblc <= 48.2 AND 43 <= hrt <= 165 AND resp <= 50.2 AND 34.4 <= temp <= 38.1 AND pafi <= 438 AND bili <= 11.6 AND crea <= 7.04 AND glucose_was_missing == 1 AND glucose <= 345 AND bun_was_missing == 1 AND bun <= 87.3 AND urine_was_missing == 1 AND urine <= 4.4e+03 AND adlp_was_missing == 0 AND 4.94 <= adlsc <= 7.06 AND dzgroup_COPD == 1 AND dzclass_COPD/CHF/Cirrhosis == 1 AND dzclass_Cancer == 0 AND dzclass_Coma == 0 AND race_other == 0 AND race_white == 1 AND ca_yes == 0 AND dnr_dnr after sadm == 1 AND dnr_no dnr == 0,1.0
0,1,1.0,1.0,3,3,32,32,edu <= 13.2 AND charges <= 2.59e+05 AND totcst <= 1.2e+05 AND sps <= 62 AND diabetes == 0 AND dementia == 0 AND dnrday <= 118 AND 9.35 <= meanbp <= 137 AND wblc <= 52.7 AND 59 <= hrt <= 171 AND 35.7 <= temp <= 40.3 AND pafi <= 409 AND alb <= 10.2 AND bili <= 18.5 AND crea <= 10.2 AND glucose_was_missing == 1 AND bun_was_missing == 1 AND bun <= 99.2 AND urine <= 5.16e+03 AND adlp == 1 AND adlsc <= 4.05 AND sex == 0 AND income == 1 AND dzgroup_Lung Cancer == 0 AND dzclass_COPD/CHF/Cirrhosis == 0 AND dzclass_Coma == 0 AND race_asian == 0 AND race_black == 0 AND race_white == 1 AND ca_no == 1 AND dnr_dnr after sadm == 0 AND dnr_no dnr == 1,1.0
0,1,1.0,1.0,2,2,32,32,num_co == 1 AND charges <= 3.86e+05 AND totcst <= 2.85e+05 AND totmcst <= 1.3e+05 AND 7.14 <= avtisst <= 34.9 AND sps <= 64.4 AND diabetes == 0 AND dementia == 0 AND 55.1 <= meanbp <= 171 AND 72.7 <= hrt <= 167 AND alb <= 7.47 AND crea <= 4.64 AND 118 <= sod <= 148 AND 7.3 <= ph <= 7.62 AND glucose <= 508 AND bun_was_missing == 1 AND adlp_was_missing == 0 AND adlp == 5 AND adls == 6 AND adlsc >= 3.74 AND sex == 1 AND dzgroup_CHF == 0 AND dzgroup_COPD == 0 AND dzgroup_Cirrhosis == 0 AND dzgroup_Lung Cancer == 0 AND dzclass_COPD/CHF/Cirrhosis == 0 AND race_asian == 0 AND race_black == 1 AND race_hispanic == 0 AND dnr_dnr after sadm == 0 AND dnr_dnr before sadm == 0 AND dnr_no dnr == 1,1.0
0,1,1.0,1.0,2,2,39,39,num_co == 2 AND 3.71 <= edu <= 18.3 AND scoma >= 64.5 AND charges <= 3.35e+05 AND totmcst <= 1.61e+05 AND avtisst <= 50 AND 12.4 <= sps <= 45 AND 5.7 <= aps <= 90.3 AND diabetes == 0 AND dementia == 0 AND wblc <= 54.2 AND alb <= 8.25 AND bili <= 15.2 AND crea <= 3.48 AND 116 <= sod <= 146 AND 7.23 <= ph <= 7.71 AND glucose_was_missing == 1 AND glucose <= 340 AND bun_was_missing == 1 AND bun <= 131 AND urine_was_missing == 1 AND urine <= 4.3e+03 AND adls == 7 AND adlsc >= 4.7 AND income_was_missing == 0 AND dzgroup_CHF == 0 AND dzgroup_COPD == 0 AND dzgroup_Cirrhosis == 0 AND dzgroup_Colon Cancer == 0 AND dzgroup_Coma == 0 AND dzgroup_Lung Cancer == 0 AND dzgroup_MOSF w/Malig == 0 AND dzclass_COPD/CHF/Cirrhosis == 0 AND dzclass_Coma == 0 AND race_black == 0 AND race_hispanic == 0 AND race_other == 0 AND race_white == 1 AND ca_no == 0,1.0
0,1,1.0,1.0,2,2,28,28,32.1 <= age <= 77.4 AND num_co == 3 AND scoma <= 26 AND totcst <= 1.08e+05 AND totmcst <= 1.98e+05 AND 3.82 <= avtisst <= 46.2 AND aps <= 49.7 AND diabetes == 0 AND dnrday <= 99.1 AND 56.4 <= meanbp <= 110 AND wblc <= 40.6 AND 49.9 <= pafi <= 530 AND alb <= 6.59 AND bili <= 22.9 AND 7.2 <= ph <= 7.76 AND glucose_was_missing == 1 AND glucose <= 461 AND urine <= 4.4e+03 AND 1.01 <= adlsc <= 2.99 AND income_was_missing == 0 AND dzgroup_Cirrhosis == 0 AND dzgroup_Coma == 0 AND dzgroup_MOSF w/Malig == 0 AND race_asian == 0 AND race_black == 1 AND race_hispanic == 0 AND dnr_dnr after sadm == 1 AND dnr_dnr before sadm == 0,1.0
0,1,1.0,1.0,2,2,25,25,edu <= 19.5 AND scoma <= 17 AND charges <= 2.33e+05 AND totcst <= 1.6e+05 AND diabetes == 0 AND dnrday <= 63.4 AND 58.2 <= hrt <= 158 AND resp <= 51.6 AND 35 <= temp <= 41.1 AND alb <= 6.91 AND 1.46 <= bili <= 20.3 AND crea <= 5.28 AND 123 <= sod <= 157 AND glucose_was_missing == 1 AND adlp_was_missing == 0 AND 0.00975 <= adlsc <= 1.99 AND income_was_missing == 0 AND dzgroup_Colon Cancer == 0 AND dzgroup_MOSF w/Malig == 1 AND dzclass_COPD/CHF/Cirrhosis == 0 AND race_black == 0 AND race_hispanic == 0 AND race_other == 0 AND dnr_dnr after sadm == 1 AND dnr_no dnr == 0,1.0
0,1,1.0,1.0,3,3,29,29,44.2 <= age <= 97 AND num_co == 0 AND totcst <= 1.43e+05 AND totmcst <= 2.55e+05 AND sps <= 47.9 AND aps <= 85.5 AND dnrday <= 100 AND 49.5 <= meanbp <= 108 AND 49.1 <= hrt <= 211 AND pafi <= 503 AND crea <= 8.43 AND 7.28 <= ph <= 7.56 AND glucose <= 375 AND bun <= 106 AND urine <= 5.06e+03 AND adlp_was_missing == 1 AND sex == 0 AND income == 1 AND dzgroup_Colon Cancer == 0 AND dzgroup_Coma == 1 AND dzgroup_Lung Cancer == 0 AND dzclass_COPD/CHF/Cirrhosis == 0 AND dzclass_Cancer == 0 AND dzclass_Coma == 1 AND race_hispanic == 0 AND race_other == 0 AND race_white == 0 AND dnr_dnr before sadm == 0 AND dnr_no dnr == 1,1.0
0,1,1.0,1.0,2,2,30,30,num_co == 1 AND 9.34 <= edu <= 22.7 AND 20.5 <= scoma <= 61.5 AND charges <= 4.67e+05 AND totmcst <= 1.62e+05 AND dnrday <= 78.7 AND wblc <= 83.9 AND 7.32 <= resp <= 48.7 AND 116 <= pafi <= 588 AND alb <= 11.6 AND crea <= 5.13 AND 126 <= sod <= 142 AND 7.36 <= ph <= 7.72 AND bun_was_missing == 1 AND urine_was_missing == 1 AND urine <= 4.17e+03 AND adlp_was_missing == 1 AND adlp == 0 AND 0.879 <= adlsc <= 3.64 AND income_was_missing == 0 AND income == 3 AND dzgroup_COPD == 0 AND dzgroup_Cirrhosis == 0 AND dzgroup_Colon Cancer == 0 AND dzgroup_MOSF w/Malig == 0 AND dzclass_Cancer == 0 AND dzclass_Coma == 1 AND race_hispanic == 0 AND race_white == 1 AND dnr_dnr before sadm == 0,1.0
0,1,1.0,1.0,4,4,25,25,age >= 51.3 AND 25.5 <= scoma <= 56.5 AND totcst <= 2.96e+05 AND totmcst <= 3.21e+05 AND 17.5 <= avtisst <= 49.8 AND sps <= 53.2 AND diabetes == 0 AND resp <= 25.6 AND crea <= 9.77 AND 117 <= sod <= 157 AND 25.2 <= glucose <= 551 AND bun <= 130 AND dzgroup_CHF == 0 AND dzgroup_Cirrhosis == 0 AND dzgroup_Coma == 1 AND dzclass_Coma == 1 AND race_black == 0 AND race_other == 0 AND race_white == 1 AND ca_no == 1 AND ca_yes == 0 AND dnr_dnr before sadm == 0 AND num_co == 0 AND urine_was_missing == 1 AND income == 3,1.0
0,1,1.0,1.0,16,16,22,22,age >= 51.3 AND 25.5 <= scoma <= 56.5 AND totcst <= 2.96e+05 AND 17.5 <= avtisst <= 49.8 AND sps <= 53.2 AND diabetes == 0 AND resp <= 25.6 AND crea <= 9.77 AND 117 <= sod <= 157 AND 25.2 <= glucose <= 551 AND bun <= 130 AND dzgroup_CHF == 0 AND dzgroup_Cirrhosis == 0 AND dzgroup_Coma == 1 AND dzclass_Coma == 1 AND race_black == 0 AND race_other == 0 AND race_white == 1 AND ca_no == 1 AND ca_yes == 0 AND dnrday <= 93.3 AND dnr_dnr after sadm == 0,1.0
1,1,1.0,1.0,2,2,32,32,age >= 65.4 AND 10.2 <= edu <= 29.8 AND scoma >= 66 AND charges <= 3.16e+05 AND totcst <= 1.5e+05 AND totmcst <= 2.23e+05 AND 16.9 <= avtisst <= 50.1 AND 8.4 <= sps <= 67.8 AND 17.7 <= aps <= 102 AND diabetes == 0 AND dementia == 0 AND 47.8 <= hrt <= 202 AND 36.9 <= temp <= 39.5 AND 7.12 <= ph <= 7.52 AND glucose_was_missing == 0 AND 78.7 <= glucose <= 667 AND 28.8 <= bun <= 205 AND urine_was_missing == 0 AND urine <= 3.9e+03 AND sex == 0 AND income == 1 AND dzgroup_Coma == 0 AND dzgroup_Lung Cancer == 0 AND dzgroup_MOSF w/Malig == 0 AND dzclass_Cancer == 0 AND race_asian == 0 AND race_black == 0 AND race_hispanic == 0 AND race_white == 1 AND ca_no == 0 AND ca_yes == 1 AND dnr_no dnr == 1,1.0
0,1,1.0,1.0,2,2,25,25,18.6 <= age <= 69.7 AND num_co == 4 AND 5.02 <= edu <= 19 AND scoma <= 17.5 AND sps <= 57.2 AND dementia == 0 AND dnrday <= 51.9 AND wblc <= 64.4 AND resp <= 42.8 AND 33.6 <= temp <= 38.4 AND 74.2 <= pafi <= 640 AND alb <= 14.7 AND crea <= 4.41 AND glucose_was_missing == 0 AND bun <= 75.3 AND 690 <= urine <= 4.11e+03 AND adlp == 0 AND sex == 0 AND dzgroup_COPD == 0 AND dzgroup_Cirrhosis == 0 AND dzclass_COPD/CHF/Cirrhosis == 0 AND dzclass_Cancer == 1 AND dzclass_Coma == 0 AND race_black == 1 AND ca_no == 0,1.0
0,1,1.0,1.0,5,5,33,33,num_co == 0 AND 5.64 <= edu <= 18.4 AND totmcst <= 1.37e+05 AND 20.5 <= avtisst <= 49 AND 12.3 <= sps <= 47.9 AND 22.3 <= aps <= 71.7 AND diabetes == 0 AND dementia == 0 AND dnrday <= 131 AND 105 <= hrt <= 175 AND resp <= 61.2 AND 36.2 <= temp <= 40.8 AND pafi <= 469 AND crea <= 6.12 AND glucose <= 529 AND bun_was_missing == 1 AND bun <= 134 AND urine_was_missing == 1 AND adlp_was_missing == 1 AND adlp == 0 AND sex == 1 AND income == 0 AND dzgroup_Colon Cancer == 0 AND dzgroup_Coma == 0 AND dzgroup_MOSF w/Malig == 0 AND dzclass_COPD/CHF/Cirrhosis == 0 AND dzclass_Cancer == 0 AND race_asian == 0 AND race_black == 1 AND race_other == 0 AND ca_yes == 0 AND dnr_dnr after sadm == 0 AND dnr_dnr before sadm == 0,1.0
0,1,1.0,1.0,2,2,27,27,age >= 58.5 AND num_co == 5 AND scoma <= 29 AND charges <= 5.3e+05 AND totcst <= 1.82e+05 AND diabetes == 1 AND dnrday <= 108 AND meanbp <= 136 AND 22.8 <= hrt <= 177 AND pafi <= 411 AND crea <= 5.47 AND 115 <= sod <= 159 AND glucose <= 410 AND bun <= 118 AND 1.08e+03 <= urine <= 4.24e+03 AND adlp_was_missing == 0 AND adlp == 2 AND 3.34 <= adlsc <= 6.66 AND sex == 1 AND dzgroup_CHF == 1 AND dzgroup_Cirrhosis == 0 AND dzclass_COPD/CHF/Cirrhosis == 1 AND dzclass_Cancer == 0 AND dzclass_Coma == 0 AND race_black == 0 AND ca_no == 0 AND dnr_no dnr == 1,1.0
1,1,1.0,1.0,2,2,35,35,num_co == 2 AND 6.26 <= edu <= 17.7 AND scoma <= 63.5 AND totcst <= 2.13e+05 AND 6.9 <= avtisst <= 53.1 AND 32.6 <= aps <= 73.4 AND dementia == 0 AND 37.2 <= meanbp <= 121 AND wblc <= 49.9 AND resp <= 37.3 AND alb <= 12.7 AND bili <= 22.5 AND 124 <= sod <= 162 AND ph >= 7.11 AND glucose <= 431 AND bun <= 107 AND urine_was_missing == 0 AND urine <= 4.17e+03 AND adlp == 0 AND adls == 1 AND 0.345 <= adlsc <= 4.87 AND income_was_missing == 0 AND income == 0 AND dzgroup_CHF == 0 AND dzgroup_Cirrhosis == 0 AND dzgroup_Colon Cancer == 0 AND dzgroup_Lung Cancer == 0 AND dzclass_COPD/CHF/Cirrhosis == 0 AND race_asian == 0 AND race_black == 0 AND race_other == 0 AND race_white == 0 AND ca_no == 1 AND dnr_dnr after sadm == 1 AND dnr_dnr before sadm == 0,1.0
1,1,1.0,1.0,1,1,22,22,dzgroup_Cirrhosis == 0 AND dzclass_Coma == 0 AND race_hispanic == 0 AND dnr_dnr after sadm == 1 AND dnr_no dnr == 0 AND totcst <= 1.97e+05 AND dzgroup_Coma == 0 AND dementia == 0 AND adlp == 0 AND dzclass_Cancer == 0 AND dnr_dnr before sadm == 0 AND 45 <= age <= 81.9 AND 29.1 <= avtisst <= 62.9 AND diabetes == 0 AND alb <= 10.6 AND dnrday <= 75.4 AND 7.5 <= edu <= 16.5 AND 14.8 <= resp <= 41.2 AND dzgroup_MOSF w/Malig == 0 AND ca_yes == 0 AND totmcst <= 2.08e+05 AND race_other == 0,1.0
0,1,1.0,1.0,6,6,20,20,dnr_dnr after sadm == 0 AND scoma <= 34.5 AND sps <= 48 AND race_asian == 0 AND wblc <= 118 AND dzgroup_Cirrhosis == 0 AND num_co == 1 AND totcst <= 8.4e+04 AND race_other == 0 AND dnr_no dnr == 1 AND 2.39 <= edu <= 26.7 AND avtisst <= 28.4 AND dementia == 0 AND glucose <= 314 AND dzgroup_Coma == 0 AND race_black == 0 AND 11.1 <= meanbp <= 129 AND 7.14 <= ph <= 7.7 AND dzclass_Cancer == 1 AND ca_no == 0,1.0
0,1,1.0,1.0,5,5,12,12,dnr_dnr after sadm == 0 AND dzgroup_Cirrhosis == 0 AND dnr_no dnr == 1 AND glucose <= 581 AND dzgroup_Coma == 0 AND charges <= 5.34e+05 AND adls == 1 AND aps <= 46.8 AND diabetes == 0 AND dzgroup_Colon Cancer == 0 AND dzclass_COPD/CHF/Cirrhosis == 1 AND race_other == 0,1.0
0,1,1.0,1.0,4,4,21,21,dzgroup_Coma == 0 AND dnr_no dnr == 1 AND scoma <= 34.5 AND glucose <= 503 AND urine_was_missing == 1 AND ca_yes == 0 AND wblc <= 118 AND 1.43 <= alb <= 11.6 AND crea <= 6.67 AND 2.39 <= edu <= 22.4 AND sps <= 45.1 AND dementia == 0 AND bili <= 18.3 AND dzgroup_COPD == 0 AND dzclass_Coma == 0 AND race_black == 0 AND race_other == 0 AND race_white == 1 AND hrt <= 130 AND sex == 0 AND dzgroup_Lung Cancer == 0,1.0
0,1,1.0,1.0,1,1,22,22,dzgroup_Coma == 0 AND race_other == 0 AND dzgroup_MOSF w/Malig == 0 AND dnr_no dnr == 1 AND sps <= 48 AND dzclass_Coma == 0 AND avtisst <= 42.3 AND dzgroup_Colon Cancer == 0 AND totcst <= 1.8e+05 AND crea <= 7.64 AND bun_was_missing == 0 AND diabetes == 0 AND dzgroup_COPD == 1 AND 7.04 <= ph <= 7.73 AND wblc <= 56.7 AND alb <= 6.15 AND income == 0 AND dzgroup_CHF == 0 AND race_hispanic == 0 AND dnr_dnr after sadm == 0 AND ca_no == 1 AND dnr_dnr before sadm == 0,1.0
0,1,1.0,1.0,3,3,14,14,dnr_dnr before sadm == 0 AND dzclass_COPD/CHF/Cirrhosis == 1 AND dnr_no dnr == 1 AND adlp == 0 AND sex == 0 AND dzgroup_Coma == 0 AND dnr_dnr after sadm == 0 AND ca_yes == 0 AND 7.13 <= ph <= 7.71 AND 1.49 <= edu <= 14.5 AND scoma <= 16.5 AND glucose <= 503 AND totmcst <= 1.8e+05 AND 34.7 <= temp <= 37.5,1.0
0,1,1.0,1.0,6,6,17,17,dnr_dnr before sadm == 0 AND scoma <= 34.5 AND charges <= 5e+05 AND avtisst <= 25.3 AND 7.77 <= edu <= 17.6 AND 35.5 <= meanbp <= 129 AND dzgroup_MOSF w/Malig == 0 AND dzclass_COPD/CHF/Cirrhosis == 1 AND race_other == 0 AND dnrday <= 65.1 AND wblc <= 69.8 AND 7.09 <= ph <= 7.72 AND dzgroup_Cirrhosis == 0 AND dzgroup_Lung Cancer == 0 AND dementia == 0 AND 33.4 <= temp <= 38.8 AND adlsc <= 3.16,1.0
0,1,1.0,1.0,2,2,33,33,35.7 <= age <= 80.1 AND num_co == 1 AND 1.92 <= edu <= 22.1 AND scoma <= 25.5 AND totcst <= 1.19e+05 AND totmcst <= 1.16e+05 AND avtisst <= 26.5 AND sps <= 45.8 AND dementia == 0 AND dnrday <= 106 AND wblc <= 69.5 AND 12.7 <= resp <= 37.3 AND 34 <= temp <= 39.3 AND alb <= 8.01 AND bili <= 9.82 AND 0.497 <= crea <= 13.7 AND 131 <= sod <= 165 AND glucose_was_missing == 0 AND glucose <= 415 AND 10.7 <= bun <= 103 AND urine <= 4.39e+03 AND adlp == 5 AND adls == 4 AND dzgroup_Cirrhosis == 0 AND dzgroup_Coma == 0 AND dzclass_COPD/CHF/Cirrhosis == 0 AND dzclass_Cancer == 1 AND dzclass_Coma == 0 AND race_asian == 0 AND race_other == 0 AND ca_yes == 0 AND dnr_dnr before sadm == 0 AND dnr_no dnr == 1,1.0
0,1,1.0,1.0,2,2,31,31,num_co == 3 AND scoma <= 24.5 AND charges <= 1.89e+05 AND totcst <= 1.49e+05 AND totmcst <= 1.73e+05 AND 8.39 <= aps <= 67.6 AND diabetes == 1 AND 71.2 <= meanbp <= 157 AND 8.28 <= hrt <= 148 AND 4.16 <= resp <= 35.8 AND 35.2 <= temp <= 40.4 AND 221 <= pafi <= 436 AND alb <= 12.1 AND bili <= 19 AND 118 <= sod <= 156 AND glucose_was_missing == 1 AND glucose <= 287 AND bun_was_missing == 1 AND bun <= 90.3 AND urine_was_missing == 1 AND 120 <= urine <= 3.81e+03 AND adlp == 4 AND sex == 1 AND income_was_missing == 1 AND income == 1 AND dzgroup_COPD == 0 AND dzgroup_Lung Cancer == 0 AND race_black == 1 AND race_other == 0 AND race_white == 0 AND dnr_dnr after sadm == 0,1.0
1,1,1.0,1.0,2,2,30,30,age <= 76.3 AND num_co == 5 AND 2.86 <= edu <= 21.1 AND 7.79 <= avtisst <= 33.2 AND 11.6 <= sps <= 53.2 AND diabetes == 0 AND 36.9 <= meanbp <= 107 AND hrt <= 175 AND 4.16 <= resp <= 35.8 AND 34.3 <= temp <= 38.5 AND 113 <= sod <= 157 AND ph >= 7.14 AND glucose_was_missing == 0 AND bun_was_missing == 0 AND bun <= 67.3 AND adls == 6 AND adlsc >= 3.84 AND sex == 0 AND income == 0 AND dzgroup_COPD == 0 AND dzgroup_Cirrhosis == 1 AND dzgroup_MOSF w/Malig == 0 AND dzclass_COPD/CHF/Cirrhosis == 1 AND dzclass_Coma == 0 AND race_hispanic == 0 AND race_other == 0 AND race_white == 0 AND ca_no == 1 AND ca_yes == 0 AND dnr_dnr after sadm == 1,1.0
0,1,1.0,1.0,2,2,33,33,34.4 <= age <= 87.2 AND scoma <= 32 AND charges <= 4.19e+05 AND 9.94 <= avtisst <= 53.1 AND aps <= 69.9 AND diabetes == 0 AND dementia == 0 AND dnrday <= 75.5 AND 106 <= hrt <= 184 AND resp <= 28.5 AND pafi <= 385 AND bili <= 20.4 AND crea <= 5.83 AND 123 <= sod <= 171 AND glucose <= 328 AND bun_was_missing == 0 AND urine_was_missing == 0 AND urine <= 3.32e+03 AND adlp_was_missing == 1 AND adlsc <= 2.58 AND sex == 0 AND income_was_missing == 0 AND income == 0 AND dzgroup_Colon Cancer == 0 AND dzgroup_Coma == 1 AND dzgroup_MOSF w/Malig == 0 AND dzclass_COPD/CHF/Cirrhosis == 0 AND dzclass_Cancer == 0 AND dzclass_Coma == 1 AND race_black == 1 AND ca_no == 0 AND ca_yes == 1 AND dnr_no dnr == 1,1.0
0,1,1.0,1.0,2,2,35,35,55.9 <= age <= 86.9 AND 5.33 <= edu <= 18.7 AND scoma <= 27 AND totcst <= 2.15e+05 AND totmcst <= 1.73e+05 AND 7.55 <= avtisst <= 29.1 AND 8.14 <= aps <= 51.9 AND diabetes == 0 AND dnrday <= 42.6 AND 67.7 <= meanbp <= 132 AND wblc <= 50.3 AND 45.2 <= hrt <= 155 AND 33.7 <= temp <= 38.5 AND 33.5 <= pafi <= 677 AND alb <= 8.06 AND 117 <= sod <= 165 AND 7.14 <= ph <= 7.7 AND glucose_was_missing == 1 AND glucose <= 350 AND urine_was_missing == 1 AND adlp_was_missing == 1 AND adls == 0 AND sex == 1 AND income_was_missing == 0 AND dzgroup_Cirrhosis == 0 AND dzgroup_Coma == 0 AND dzgroup_Lung Cancer == 0 AND dzclass_COPD/CHF/Cirrhosis == 1 AND race_asian == 0 AND race_hispanic == 0 AND ca_no == 0 AND ca_yes == 1 AND dnr_dnr before sadm == 0 AND dnr_no dnr == 0 AND resp <= 47.8,1.0
1,1,1.0,1.0,2,2,32,32,scoma <= 15 AND totmcst <= 1.34e+05 AND 31.4 <= avtisst <= 67.6 AND 25.3 <= aps <= 74.7 AND diabetes == 0 AND dementia == 0 AND dnrday <= 71.4 AND meanbp <= 99.4 AND 65.2 <= hrt <= 155 AND 33.1 <= temp <= 40 AND pafi <= 260 AND alb <= 10.6 AND bili <= 22.1 AND 124 <= sod <= 154 AND glucose_was_missing == 1 AND adlp == 0 AND adls == 5 AND income_was_missing == 0 AND income == 0 AND dzgroup_COPD == 0 AND dzgroup_Cirrhosis == 0 AND dzgroup_Colon Cancer == 0 AND dzgroup_Lung Cancer == 0 AND dzgroup_MOSF w/Malig == 1 AND dzclass_Cancer == 0 AND dzclass_Coma == 0 AND race_asian == 0 AND race_black == 0 AND race_other == 0 AND race_white == 1 AND ca_no == 0 AND ca_yes == 1,1.0
0,1,1.0,1.0,2,2,33,33,3.49e+05 <= totmcst <= 6.62e+05 AND 31.1 <= avtisst <= 73.4 AND 27.8 <= sps <= 84.2 AND 46.9 <= aps <= 137 AND dnrday <= 189 AND 14.5 <= meanbp <= 69.5 AND 64 <= hrt <= 206 AND temp >= 36.1 AND alb <= 6.59 AND crea <= 11.4 AND 130 <= sod <= 152 AND glucose <= 245 AND bun_was_missing == 0 AND bun <= 118 AND urine_was_missing == 0 AND urine <= 1.48e+03 AND adls == 0 AND adlsc <= 1.2 AND sex == 1 AND income_was_missing == 0 AND income == 0 AND dzgroup_CHF == 0 AND dzgroup_COPD == 0 AND dzgroup_Cirrhosis == 0 AND dzgroup_MOSF w/Malig == 0 AND dzclass_Cancer == 0 AND dzclass_Coma == 0 AND race_asian == 0 AND race_hispanic == 1 AND ca_no == 1 AND ca_yes == 0 AND dnr_dnr after sadm == 0 AND dnr_no dnr == 1,1.0
1,1,1.0,1.0,2,2,37,37,num_co == 1 AND 37.5 <= scoma <= 72.5 AND totmcst <= 1.98e+05 AND 3.67 <= avtisst <= 58.3 AND 56.3 <= sps <= 88 AND diabetes == 0 AND dementia == 0 AND dnrday <= 50.5 AND meanbp <= 63.9 AND wblc <= 50.1 AND 14.1 <= hrt <= 186 AND 23.6 <= resp <= 46.4 AND 33 <= temp <= 39.2 AND alb <= 13.5 AND 0.533 <= crea <= 9.27 AND glucose_was_missing == 1 AND bun_was_missing == 0 AND bun <= 119 AND urine_was_missing == 0 AND urine <= 2.65e+03 AND adlp_was_missing == 1 AND adls == 0 AND sex == 0 AND income_was_missing == 1 AND dzgroup_CHF == 0 AND dzgroup_Cirrhosis == 0 AND dzgroup_Colon Cancer == 0 AND dzgroup_Coma == 0 AND dzgroup_Lung Cancer == 0 AND dzclass_COPD/CHF/Cirrhosis == 0 AND race_black == 1 AND race_other == 0 AND race_white == 0 AND ca_yes == 1 AND dnr_dnr after sadm == 1 AND dnr_dnr before sadm == 0 AND dnr_no dnr == 0,1.0
0,1,1.0,1.0,2,2,28,28,21.3 <= age <= 78.2 AND scoma <= 40.5 AND totcst <= 2.09e+05 AND totmcst <= 2.23e+05 AND 18.1 <= sps <= 65.7 AND 39 <= aps <= 125 AND diabetes == 0 AND dementia == 0 AND meanbp <= 81.7 AND wblc <= 111 AND 7.28 <= resp <= 40.7 AND bili <= 9.09 AND 1.46 <= crea <= 12.5 AND sod <= 157 AND glucose <= 357 AND bun_was_missing == 0 AND 2.64e+03 <= urine <= 6.6e+03 AND adlp_was_missing == 0 AND adlp == 5 AND adls == 6 AND sex == 1 AND dzgroup_COPD == 0 AND dzgroup_Coma == 0 AND dzgroup_Lung Cancer == 0 AND race_white == 1 AND ca_yes == 0 AND dnr_dnr after sadm == 1 AND dnr_no dnr == 0,1.0
1,1,1.0,1.0,2,2,29,29,19 <= avtisst <= 53.7 AND 27.3 <= sps <= 60.9 AND aps >= 51.9 AND diabetes == 0 AND dementia == 0 AND 11.2 <= resp <= 72.8 AND pafi <= 381 AND alb <= 11.8 AND crea <= 7.24 AND 136 <= sod <= 154 AND 6.96 <= ph <= 7.62 AND glucose_was_missing == 0 AND bun_was_missing == 0 AND bun <= 148 AND 1.72e+03 <= urine <= 6.12e+03 AND adlp == 0 AND adls == 0 AND adlsc <= 2.33 AND income == 3 AND dzgroup_COPD == 0 AND dzgroup_Cirrhosis == 0 AND dzgroup_Colon Cancer == 0 AND dzgroup_Coma == 0 AND dzgroup_Lung Cancer == 0 AND dzclass_COPD/CHF/Cirrhosis == 0 AND race_black == 0 AND race_other == 0 AND ca_yes == 1 AND dnr_dnr after sadm == 0,1.0
1,1,1.0,1.0,2,2,29,29,num_co == 6 AND 11.3 <= edu <= 28.7 AND 10.5 <= scoma <= 71.5 AND charges <= 4.19e+05 AND totcst <= 1.2e+05 AND totmcst <= 2.06e+05 AND diabetes == 0 AND dementia == 0 AND 57.6 <= meanbp <= 156 AND wblc <= 68.7 AND alb <= 5.75 AND bili <= 20.5 AND bun_was_missing == 0 AND bun <= 56.9 AND 3.16e+03 <= urine <= 7.56e+03 AND adlp_was_missing == 1 AND adls == 2 AND adlsc <= 4.3 AND income_was_missing == 0 AND dzgroup_Cirrhosis == 1 AND dzgroup_Colon Cancer == 0 AND dzgroup_Coma == 0 AND dzclass_COPD/CHF/Cirrhosis == 1 AND dzclass_Coma == 0 AND race_asian == 0 AND race_black == 0 AND race_hispanic == 0 AND race_white == 1 AND dnr_dnr after sadm == 0,1.0
1,1,1.0,1.0,2,2,27,27,60.1 <= age <= 100 AND scoma <= 37 AND charges <= 5.32e+05 AND totcst <= 1.42e+05 AND totmcst <= 1.92e+05 AND 4.36 <= avtisst <= 53.6 AND diabetes == 0 AND dementia == 0 AND dnrday <= 106 AND wblc <= 63.5 AND 77.7 <= hrt <= 162 AND bili <= 10.8 AND 113 <= sod <= 157 AND glucose_was_missing == 0 AND adlp_was_missing == 1 AND income == 1 AND dzgroup_COPD == 0 AND dzgroup_Colon Cancer == 0 AND dzgroup_Coma == 0 AND dzgroup_MOSF w/Malig == 1 AND dzclass_Cancer == 0 AND dzclass_Coma == 0 AND race_white == 0 AND ca_no == 0 AND ca_yes == 0 AND dnr_dnr after sadm == 0 AND dnr_no dnr == 1,1.0
0,1,1.0,1.0,2,2,28,28,46.1 <= age <= 88 AND 3.94 <= edu <= 20.1 AND charges <= 2.82e+05 AND dementia == 0 AND resp <= 48.6 AND 34 <= temp <= 38.8 AND sod <= 152 AND glucose <= 364 AND bun <= 92.8 AND adlp == 2 AND adls == 0 AND adlsc <= 2.58 AND sex == 0 AND income == 1 AND dzgroup_CHF == 0 AND dzgroup_COPD == 0 AND dzgroup_Cirrhosis == 0 AND dzgroup_Colon Cancer == 0 AND dzgroup_Coma == 0 AND dzgroup_Lung Cancer == 0 AND dzclass_Cancer == 0 AND race_black == 0 AND race_hispanic == 0 AND race_other == 0 AND ca_no == 0 AND ca_yes == 1 AND dnr_dnr before sadm == 0 AND dnr_no dnr == 1,1.0
1,1,1.0,1.0,2,2,33,33,67.7 <= age <= 88.7 AND 0.84 <= edu <= 23.2 AND charges <= 2.12e+05 AND totcst <= 9.34e+04 AND 12 <= avtisst <= 37.4 AND sps <= 57.8 AND diabetes == 1 AND dnrday <= 79 AND 67.7 <= meanbp <= 168 AND wblc <= 43.7 AND 20.2 <= hrt <= 120 AND 9.48 <= resp <= 38.5 AND 34.2 <= temp <= 38.2 AND alb <= 10.7 AND bili <= 16.8 AND 125 <= sod <= 149 AND 7.11 <= ph <= 7.59 AND 304 <= glucose <= 578 AND bun_was_missing == 0 AND bun <= 104 AND urine_was_missing == 0 AND 2.17e+03 <= urine <= 6.76e+03 AND adlp_was_missing == 1 AND adlp == 0 AND adls == 6 AND adlsc >= 3.7 AND income == 0 AND dzgroup_COPD == 0 AND dzgroup_Cirrhosis == 0 AND dzclass_Coma == 0 AND race_black == 0 AND ca_no == 0 AND dnr_dnr before sadm == 0,1.0
0,1,1.0,1.0,2,2,34,34,42.4 <= age <= 84.3 AND totcst <= 1.41e+05 AND totmcst <= 1.76e+05 AND avtisst <= 36.6 AND sps <= 30.8 AND diabetes == 0 AND dnrday <= 86.4 AND wblc <= 67 AND 68.8 <= hrt <= 223 AND 390 <= pafi <= 802 AND alb <= 8.54 AND crea <= 4.41 AND 125 <= sod <= 149 AND 7.14 <= ph <= 7.76 AND glucose_was_missing == 0 AND glucose <= 229 AND urine_was_missing == 0 AND adlp == 1 AND sex == 0 AND dzgroup_CHF == 0 AND dzgroup_COPD == 0 AND dzgroup_Colon Cancer == 1 AND dzgroup_Coma == 0 AND dzgroup_Lung Cancer == 0 AND dzgroup_MOSF w/Malig == 0 AND dzclass_COPD/CHF/Cirrhosis == 0 AND dzclass_Cancer == 1 AND dzclass_Coma == 0 AND race_asian == 0 AND race_other == 0 AND race_white == 1 AND ca_no == 0 AND dnr_dnr after sadm == 0 AND dnr_no dnr == 1,1.0
1,1,1.0,1.0,2,2,30,30,age >= 46.8 AND 3.63 <= edu <= 20.4 AND totcst <= 2.44e+05 AND totmcst <= 1.16e+05 AND 17.1 <= avtisst <= 60.9 AND 57.8 <= sps <= 98.4 AND 50 <= aps <= 112 AND dementia == 0 AND dnrday <= 95.6 AND resp <= 55.7 AND temp >= 36.3 AND pafi <= 318 AND bili <= 16.9 AND 7.32 <= ph <= 7.56 AND glucose_was_missing == 1 AND bun <= 102 AND adlp == 0 AND adlsc <= 3.52 AND income == 1 AND dzgroup_CHF == 0 AND dzgroup_COPD == 0 AND dzgroup_Colon Cancer == 0 AND dzgroup_Coma == 0 AND dzgroup_MOSF w/Malig == 1 AND dzclass_Cancer == 0 AND dzclass_Coma == 0 AND race_black == 0 AND race_hispanic == 0 AND ca_no == 0 AND dnr_dnr after sadm == 1,1.0
1,1,1.0,1.0,3,3,33,33,27.8 <= age <= 86.4 AND num_co == 1 AND 2.5 <= scoma <= 71.5 AND totcst <= 1.37e+05 AND totmcst <= 1.21e+05 AND 5.06 <= avtisst <= 38.9 AND 0.881 <= sps <= 56.3 AND diabetes == 0 AND dnrday <= 60.8 AND 25.2 <= meanbp <= 111 AND 14.5 <= hrt <= 122 AND bili <= 11.2 AND 7.19 <= ph <= 7.73 AND glucose_was_missing == 1 AND glucose <= 382 AND bun <= 97.8 AND adlp_was_missing == 1 AND adls == 6 AND adlsc >= 4.2 AND income_was_missing == 1 AND income == 1 AND dzgroup_Cirrhosis == 0 AND dzgroup_Colon Cancer == 0 AND dzgroup_Coma == 0 AND dzgroup_MOSF w/Malig == 1 AND dzclass_COPD/CHF/Cirrhosis == 0 AND dzclass_Coma == 0 AND race_black == 0 AND race_other == 0 AND ca_no == 0 AND dnr_dnr after sadm == 1 AND dnr_dnr before sadm == 0 AND dnr_no dnr == 0,1.0
1,1,1.0,1.0,2,2,29,29,age >= 63.9 AND num_co == 6 AND scoma <= 19.5 AND charges <= 5.7e+05 AND 11.8 <= sps <= 36.6 AND diabetes == 1 AND dnrday <= 96.6 AND temp >= 34.7 AND bili <= 18.2 AND crea <= 4.95 AND 124 <= sod <= 140 AND 7.17 <= ph <= 7.67 AND glucose_was_missing == 0 AND urine_was_missing == 0 AND 1.52e+03 <= urine <= 3.78e+03 AND adlp_was_missing == 1 AND adlp == 0 AND adlsc >= 5.23 AND income_was_missing == 0 AND dzgroup_Colon Cancer == 0 AND dzgroup_Coma == 0 AND dzgroup_Lung Cancer == 0 AND dzclass_COPD/CHF/Cirrhosis == 0 AND dzclass_Cancer == 0 AND dzclass_Coma == 0 AND race_black == 0 AND race_white == 1 AND ca_no == 0 AND dnr_no dnr == 0,1.0
1,1,1.0,1.0,2,2,27,27,1.77 <= edu <= 22.2 AND scoma >= 71.5 AND totmcst <= 1.27e+05 AND diabetes == 1 AND dnrday <= 78.1 AND 105 <= meanbp <= 157 AND resp <= 27.2 AND 58 <= pafi <= 675 AND bili <= 20.1 AND crea <= 3.78 AND 120 <= sod <= 164 AND glucose_was_missing == 1 AND bun_was_missing == 1 AND bun <= 97.8 AND adlp_was_missing == 1 AND adlp == 0 AND 1.84 <= adlsc <= 7.01 AND dzgroup_COPD == 0 AND dzgroup_Cirrhosis == 0 AND dzgroup_Colon Cancer == 0 AND dzgroup_MOSF w/Malig == 0 AND race_asian == 0 AND race_black == 1 AND race_hispanic == 0 AND race_other == 0 AND race_white == 0 AND ca_no == 1,1.0
1,1,1.0,1.0,2,2,33,33,num_co == 2 AND 1.96 <= edu <= 14 AND totcst <= 1.63e+05 AND totmcst <= 2.19e+05 AND 23.4 <= avtisst <= 56.6 AND 65.3 <= sps <= 91.1 AND 60 <= aps <= 122 AND dnrday <= 54.6 AND 61.6 <= meanbp <= 162 AND wblc <= 87 AND alb <= 12.1 AND 4.96 <= bili <= 23.8 AND urine_was_missing == 0 AND urine <= 3.35e+03 AND adlp_was_missing == 1 AND adlp == 0 AND 1.69 <= adlsc <= 4.31 AND income_was_missing == 0 AND dzgroup_CHF == 0 AND dzgroup_Coma == 0 AND dzgroup_Lung Cancer == 0 AND dzclass_COPD/CHF/Cirrhosis == 0 AND dzclass_Cancer == 0 AND dzclass_Coma == 0 AND race_asian == 0 AND race_hispanic == 0 AND race_other == 0 AND race_white == 0 AND ca_no == 1 AND ca_yes == 0 AND dnr_dnr after sadm == 0 AND dnr_dnr before sadm == 0 AND dnr_no dnr == 1,1.0
0,1,1.0,1.0,2,2,31,31,57.8 <= age <= 86.3 AND num_co == 1 AND scoma <= 34.5 AND avtisst <= 30.1 AND aps <= 53.7 AND diabetes == 0 AND 30.2 <= meanbp <= 116 AND wblc <= 27.4 AND resp <= 39.4 AND 35 <= temp <= 39 AND alb <= 8.72 AND 128 <= sod <= 148 AND glucose <= 350 AND urine_was_missing == 1 AND adlp_was_missing == 0 AND adlp == 1 AND sex == 1 AND income_was_missing == 0 AND dzgroup_CHF == 0 AND dzgroup_COPD == 0 AND dzgroup_Cirrhosis == 0 AND dzgroup_Coma == 0 AND dzgroup_MOSF w/Malig == 0 AND dzclass_COPD/CHF/Cirrhosis == 0 AND dzclass_Cancer == 1 AND race_black == 1 AND race_hispanic == 0 AND race_other == 0 AND race_white == 0 AND dnr_dnr after sadm == 0 AND dnr_dnr before sadm == 0,1.0
1,1,1.0,1.0,2,2,20,20,28.6 <= age <= 57.1 AND 5 <= scoma <= 47 AND charges <= 8.24e+05 AND 19.6 <= avtisst <= 51.9 AND 11.8 <= sps <= 64.2 AND 91.4 <= hrt <= 169 AND pafi <= 301 AND 7.12 <= ph <= 7.54 AND urine_was_missing == 1 AND sex == 1 AND income_was_missing == 1 AND dzgroup_CHF == 0 AND dzgroup_Cirrhosis == 0 AND dzclass_Cancer == 0 AND race_black == 0 AND race_hispanic == 0 AND race_white == 1 AND ca_no == 0 AND dnr_dnr after sadm == 0 AND dnr_no dnr == 1,1.0
1,1,1.0,1.0,2,2,27,27,age <= 52.1 AND num_co == 4 AND edu <= 22 AND 31.5 <= scoma <= 90.5 AND 1.57e+05 <= charges <= 9.6e+05 AND 4.93e+04 <= totcst <= 2.39e+05 AND totmcst <= 3.59e+05 AND 64 <= aps <= 126 AND diabetes == 0 AND dnrday <= 83.8 AND 35.8 <= meanbp <= 104 AND wblc <= 37.6 AND resp <= 47.3 AND 113 <= sod <= 149 AND glucose_was_missing == 0 AND glucose <= 362 AND bun <= 109 AND urine_was_missing == 0 AND urine <= 5.42e+03 AND adlp == 0 AND adls == 7 AND sex == 1 AND income_was_missing == 0 AND dzgroup_COPD == 0 AND dzclass_Cancer == 0 AND race_asian == 0 AND dnr_dnr after sadm == 1,1.0
0,1,1.0,1.0,2,2,24,24,3.5 <= scoma <= 78.5 AND totmcst <= 2.57e+05 AND 7.65 <= avtisst <= 37.7 AND diabetes == 0 AND dnrday <= 84.2 AND meanbp <= 129 AND wblc <= 49.6 AND crea <= 4.49 AND 137 <= sod <= 165 AND glucose_was_missing == 0 AND bun <= 80.8 AND urine_was_missing == 0 AND urine <= 1.25e+03 AND adlp == 1 AND income_was_missing == 1 AND dzgroup_Colon Cancer == 0 AND dzgroup_Lung Cancer == 0 AND dzgroup_MOSF w/Malig == 0 AND dzclass_COPD/CHF/Cirrhosis == 1 AND dzclass_Cancer == 0 AND race_black == 1 AND race_hispanic == 0 AND ca_no == 1 AND dnr_dnr before sadm == 0,1.0
0,1,1.0,1.0,2,2,25,25,num_co == 2 AND scoma <= 35 AND totcst <= 1.17e+05 AND totmcst <= 9.72e+04 AND 3.34 <= sps <= 69.7 AND aps <= 66.5 AND meanbp >= 128 AND 35.5 <= temp <= 40.7 AND 6.97 <= ph <= 7.65 AND glucose_was_missing == 0 AND glucose <= 360 AND bun_was_missing == 0 AND bun <= 77.3 AND adlp_was_missing == 0 AND adlsc <= 1.52 AND sex == 1 AND income_was_missing == 1 AND dzgroup_CHF == 0 AND dzgroup_COPD == 0 AND dzgroup_Cirrhosis == 0 AND dzgroup_Colon Cancer == 1 AND dzgroup_Lung Cancer == 0 AND race_other == 0 AND ca_yes == 0 AND dnr_no dnr == 0,1.0
1,1,1.0,1.0,2,2,35,35,55.8 <= age <= 81.7 AND num_co == 1 AND 3.02 <= edu <= 17 AND charges <= 2.52e+05 AND 29.6 <= sps <= 83 AND aps >= 72.9 AND dnrday <= 51.5 AND 17.5 <= meanbp <= 72.5 AND 1.7 <= wblc <= 51.7 AND 52.3 <= hrt <= 192 AND 24.6 <= resp <= 63.4 AND 39.2 <= pafi <= 571 AND bili <= 22.1 AND 2.06 <= crea <= 9.94 AND glucose <= 294 AND bun_was_missing == 0 AND urine_was_missing == 0 AND adlp_was_missing == 1 AND adlp == 0 AND adls == 0 AND sex == 1 AND income_was_missing == 0 AND income == 0 AND dzgroup_Cirrhosis == 0 AND dzgroup_Colon Cancer == 0 AND dzgroup_Coma == 0 AND dzclass_COPD/CHF/Cirrhosis == 0 AND race_asian == 0 AND race_black == 1 AND race_hispanic == 0 AND race_other == 0 AND race_white == 0 AND ca_yes == 1 AND dnr_dnr after sadm == 1 AND dnr_dnr before sadm == 0,1.0
1,1,1.0,1.0,2,2,31,31,age <= 50.2 AND 29.3 <= aps <= 78.7 AND 71.8 <= meanbp <= 142 AND wblc <= 31.1 AND 4.55 <= hrt <= 151 AND 34.8 <= temp <= 41.2 AND 115 <= sod <= 159 AND 7.15 <= ph <= 7.69 AND bun_was_missing == 0 AND 19.2 <= bun <= 121 AND adlp_was_missing == 0 AND adlp == 0 AND adlsc <= 1.27 AND income_was_missing == 0 AND dzgroup_CHF == 0 AND dzgroup_COPD == 0 AND dzgroup_Cirrhosis == 0 AND dzgroup_Colon Cancer == 0 AND dzgroup_Coma == 0 AND dzgroup_MOSF w/Malig == 1 AND dzclass_COPD/CHF/Cirrhosis == 0 AND dzclass_Cancer == 0 AND dzclass_Coma == 0 AND race_asian == 0 AND race_black == 0 AND race_white == 1 AND ca_yes == 1 AND dnr_dnr after sadm == 1 AND dnr_dnr before sadm == 0 AND dnr_no dnr == 0 AND dementia == 0,1.0
0,1,1.0,1.0,2,2,32,32,num_co == 4 AND 1.3 <= edu <= 22.7 AND scoma <= 23.5 AND 5.12e+05 <= charges <= 1.06e+06 AND 1.59e+04 <= totcst <= 3.45e+05 AND totmcst <= 4.38e+05 AND 9.22 <= avtisst <= 59.3 AND 16.1 <= aps <= 97.9 AND diabetes == 1 AND dementia == 0 AND dnrday <= 109 AND 72.9 <= meanbp <= 147 AND 7.36 <= resp <= 56.6 AND 35.5 <= temp <= 38 AND pafi <= 502 AND bili <= 28.5 AND crea <= 8.68 AND 7.19 <= ph <= 7.69 AND bun <= 141 AND urine_was_missing == 0 AND adlp_was_missing == 1 AND adls == 6 AND sex == 0 AND income_was_missing == 0 AND dzgroup_COPD == 0 AND dzgroup_Colon Cancer == 0 AND dzgroup_Lung Cancer == 0 AND dzgroup_MOSF w/Malig == 1 AND dzclass_Cancer == 0 AND race_asian == 0 AND race_hispanic == 0 AND ca_no == 0,1.0
0,1,1.0,1.0,1,1,33,33,56.6 <= age <= 95.1 AND charges <= 3.92e+05 AND totcst <= 1.28e+05 AND sps <= 49.8 AND dnrday <= 100 AND wblc <= 69.1 AND 71.5 <= hrt <= 198 AND 8.72 <= resp <= 41.3 AND pafi <= 470 AND alb <= 11.9 AND bili <= 22.4 AND sod <= 155 AND 7.05 <= ph <= 7.67 AND glucose_was_missing == 0 AND glucose <= 642 AND bun_was_missing == 0 AND 56.7 <= bun <= 191 AND urine_was_missing == 0 AND adlsc >= 4.48 AND sex == 1 AND income == 0 AND dzgroup_CHF == 0 AND dzgroup_Lung Cancer == 0 AND dzclass_Cancer == 0 AND dzclass_Coma == 0 AND race_asian == 0 AND race_hispanic == 0 AND ca_no == 0 AND dnr_dnr after sadm == 1 AND dnr_dnr before sadm == 0 AND diabetes == 0 AND adlp == 0 AND adls == 6,1.0
1,1,1.0,1.0,1,1,20,20,dzgroup_COPD == 0 AND dzgroup_MOSF w/Malig == 0 AND race_asian == 0 AND avtisst >= 29.1 AND dementia == 0 AND dnr_dnr after sadm == 1 AND adlp == 0 AND dzclass_Cancer == 0 AND wblc <= 43.8 AND adls == 1 AND 9.95 <= sps <= 60.4 AND alb <= 7.5 AND dzgroup_Cirrhosis == 0 AND race_black == 0 AND 25.1 <= age <= 81.9 AND urine <= 3.22e+03 AND dzgroup_Coma == 0 AND totcst <= 2.36e+05 AND bun_was_missing == 0 AND adlp_was_missing == 1,1.0
0,1,1.0,1.0,15,15,15,15,dnr_dnr before sadm == 0 AND scoma <= 34.5 AND charges <= 5e+05 AND avtisst <= 25.3 AND 7.77 <= edu <= 17.6 AND 35.5 <= meanbp <= 129 AND dzgroup_MOSF w/Malig == 0 AND race_asian == 0 AND dzclass_COPD/CHF/Cirrhosis == 1 AND race_other == 0 AND dnrday <= 65.1 AND wblc <= 69.8 AND 7.09 <= ph <= 7.72 AND dzgroup_Cirrhosis == 0 AND dzgroup_Lung Cancer == 0,1.0
0,1,1.0,1.0,2,2,13,13,race_other == 0 AND dnr_dnr before sadm == 0 AND dzclass_COPD/CHF/Cirrhosis == 1 AND race_black == 0 AND scoma <= 34.5 AND avtisst <= 42.7 AND resp <= 42.1 AND 7.71 <= hrt <= 119 AND race_hispanic == 0 AND 0.904 <= adlsc <= 3.1 AND 65.7 <= age <= 89.2 AND totcst <= 1.88e+05 AND dzgroup_Lung Cancer == 0,1.0
0,1,1.0,1.0,1,1,21,21,wblc <= 80.4 AND income_was_missing == 0 AND charges <= 4.27e+05 AND 38.6 <= hrt <= 226 AND race_other == 0 AND avtisst <= 24.4 AND glucose_was_missing == 0 AND race_hispanic == 0 AND alb <= 7.87 AND totmcst <= 2.62e+05 AND 11.1 <= aps <= 46.8 AND dzgroup_Cirrhosis == 0 AND dnr_dnr before sadm == 0 AND 33.4 <= temp <= 38.3 AND crea <= 6.75 AND 113 <= sod <= 156 AND adlp_was_missing == 0 AND dzgroup_Coma == 0 AND race_black == 0 AND 32.5 <= meanbp <= 128 AND income == 0,1.0
0,1,1.0,1.0,2,2,34,34,56.6 <= age <= 86.7 AND 0.095 <= edu <= 15.9 AND charges <= 3.19e+05 AND totcst <= 2.42e+05 AND totmcst <= 2.72e+05 AND avtisst <= 38 AND diabetes == 0 AND dnrday <= 97.6 AND hrt <= 130 AND resp <= 28.3 AND 107 <= pafi <= 605 AND bili <= 20 AND crea <= 9.84 AND 129 <= sod <= 147 AND glucose <= 348 AND urine_was_missing == 0 AND 2.37 <= adlsc <= 3.34 AND income_was_missing == 0 AND dzgroup_Cirrhosis == 0 AND dzgroup_Colon Cancer == 0 AND dzgroup_Coma == 0 AND dzgroup_Lung Cancer == 0 AND dzgroup_MOSF w/Malig == 0 AND dzclass_COPD/CHF/Cirrhosis == 1 AND dzclass_Coma == 0 AND race_asian == 0 AND race_black == 0 AND race_other == 0 AND race_white == 1 AND dnr_dnr after sadm == 1 AND dnr_no dnr == 0 AND scoma <= 23.5 AND dementia == 0 AND alb <= 13.2,1.0
1,1,1.0,1.0,2,2,24,24,num_co == 0 AND edu <= 10.6 AND scoma >= 64.5 AND charges <= 5.41e+05 AND 27.7 <= sps <= 68.3 AND diabetes == 0 AND temp >= 36.3 AND 23.6 <= pafi <= 572 AND 117 <= sod <= 141 AND 7.2 <= ph <= 7.62 AND glucose_was_missing == 1 AND glucose <= 377 AND bun <= 126 AND urine_was_missing == 1 AND adls == 3 AND income_was_missing == 1 AND dzgroup_COPD == 0 AND dzgroup_Cirrhosis == 0 AND dzclass_Cancer == 0 AND dzclass_Coma == 0 AND race_hispanic == 0 AND race_white == 1 AND ca_no == 0 AND dnr_dnr before sadm == 0,1.0
0,1,1.0,1.0,3,3,25,25,num_co == 2 AND scoma <= 29.5 AND totcst <= 2.1e+05 AND totmcst <= 1.87e+05 AND avtisst <= 44.9 AND dnrday <= 71.1 AND 28.5 <= meanbp <= 85.5 AND wblc <= 39.1 AND pafi <= 347 AND bili <= 11.6 AND ph >= 7.16 AND glucose_was_missing == 1 AND urine_was_missing == 1 AND adlp_was_missing == 0 AND 4.08 <= adlsc <= 5.92 AND income_was_missing == 0 AND income == 2 AND dzgroup_CHF == 0 AND dzgroup_Colon Cancer == 0 AND dzclass_Cancer == 0 AND dzclass_Coma == 0 AND race_asian == 0 AND race_other == 0 AND dnr_dnr before sadm == 0 AND dnr_no dnr == 0,1.0
1,1,1.0,1.0,2,2,29,29,age <= 55.5 AND num_co == 0 AND 5.64 <= edu <= 18.4 AND scoma >= 79.5 AND charges <= 5.76e+05 AND totcst <= 2.35e+05 AND 3.63 <= aps <= 78.4 AND diabetes == 0 AND dementia == 0 AND dnrday <= 98.5 AND 84.8 <= meanbp <= 151 AND wblc <= 35 AND 21.1 <= resp <= 44.9 AND 33.7 <= temp <= 37.8 AND pafi <= 349 AND alb <= 12.5 AND glucose <= 495 AND bun <= 126 AND adlp == 0 AND sex == 0 AND dzgroup_COPD == 0 AND dzgroup_Lung Cancer == 0 AND dzclass_Cancer == 0 AND dzclass_Coma == 1 AND race_hispanic == 0 AND ca_no == 1 AND dnr_dnr after sadm == 0 AND dnr_dnr before sadm == 0 AND dnr_no dnr == 1,1.0
0,1,1.0,1.0,2,2,33,33,30.7 <= age <= 63.3 AND num_co == 1 AND 4.38 <= edu <= 27.6 AND 26 <= scoma <= 62 AND charges <= 4.08e+05 AND 2.12 <= avtisst <= 59.9 AND diabetes == 0 AND dementia == 0 AND 5.15 <= meanbp <= 125 AND 120 <= pafi <= 489 AND alb <= 13 AND bili <= 10.3 AND crea <= 6.12 AND glucose_was_missing == 0 AND bun_was_missing == 0 AND bun <= 93.2 AND adlp_was_missing == 0 AND adlp == 4 AND adls == 6 AND sex == 0 AND income == 0 AND dzgroup_CHF == 0 AND dzgroup_COPD == 1 AND dzgroup_Colon Cancer == 0 AND dzgroup_Coma == 0 AND dzgroup_Lung Cancer == 0 AND dzgroup_MOSF w/Malig == 0 AND dzclass_COPD/CHF/Cirrhosis == 1 AND dzclass_Coma == 0 AND race_hispanic == 1 AND ca_yes == 0 AND dnr_dnr after sadm == 0 AND dnr_dnr before sadm == 1,1.0
1,1,1.0,1.0,2,2,31,31,num_co == 1 AND charges <= 2.58e+05 AND 35.9 <= avtisst <= 67.5 AND 4.63 <= sps <= 49.2 AND wblc <= 59.6 AND 52.8 <= hrt <= 217 AND 37.1 <= temp <= 40 AND pafi <= 322 AND alb <= 8.14 AND bili <= 8.68 AND crea <= 8.2 AND 128 <= sod <= 170 AND 7.11 <= ph <= 7.75 AND glucose_was_missing == 0 AND bun <= 102 AND urine_was_missing == 0 AND urine <= 4.54e+03 AND adls == 6 AND income_was_missing == 0 AND income == 2 AND dzgroup_COPD == 0 AND dzgroup_Cirrhosis == 0 AND dzgroup_Colon Cancer == 0 AND dzgroup_Coma == 0 AND dzgroup_Lung Cancer == 0 AND dzgroup_MOSF w/Malig == 1 AND dzclass_COPD/CHF/Cirrhosis == 0 AND dzclass_Cancer == 0 AND race_asian == 0 AND race_hispanic == 0 AND ca_no == 0,1.0
1,1,1.0,1.0,4,4,17,17,dzclass_Coma == 0 AND race_hispanic == 0 AND dnr_dnr after sadm == 1 AND dnr_no dnr == 0 AND totcst <= 1.97e+05 AND dementia == 0 AND adlp == 0 AND dzclass_Cancer == 0 AND dnr_dnr before sadm == 0 AND 29.1 <= avtisst <= 62.9 AND diabetes == 0 AND alb <= 10.6 AND dzgroup_Colon Cancer == 0 AND urine_was_missing == 1 AND 23.6 <= meanbp <= 84.4 AND 705 <= urine <= 3.22e+03 AND dzgroup_MOSF w/Malig == 0,1.0
1,1,1.0,1.0,1,1,24,24,dzgroup_COPD == 0 AND dnr_dnr before sadm == 0 AND totmcst <= 2.74e+05 AND adlp_was_missing == 1 AND dzclass_Cancer == 0 AND dnr_no dnr == 0 AND dnrday <= 71.1 AND ca_yes == 0 AND dzgroup_Colon Cancer == 0 AND alb <= 11.2 AND dzgroup_Lung Cancer == 0 AND aps <= 101 AND bun_was_missing == 0 AND charges <= 4.02e+05 AND wblc <= 35.8 AND 34.7 <= temp <= 41.5 AND 118 <= sod <= 156 AND avtisst >= 23.5 AND glucose_was_missing == 1 AND 1.35 <= adlsc <= 4.18 AND dnr_dnr after sadm == 1 AND 199 <= pafi <= 739 AND dzgroup_Cirrhosis == 0 AND dzgroup_Coma == 0,1.0
1,1,1.0,1.0,1,1,20,20,adlp == 0 AND dzgroup_COPD == 0 AND totcst <= 1.58e+05 AND bun <= 113 AND charges <= 4.58e+05 AND 42.8 <= pafi <= 557 AND dzclass_Cancer == 0 AND ca_yes == 0 AND dnr_dnr before sadm == 0 AND 25.1 <= age <= 73.7 AND dementia == 0 AND dzgroup_Cirrhosis == 0 AND dzgroup_Coma == 0 AND dzgroup_MOSF w/Malig == 0 AND race_asian == 0 AND race_black == 1 AND ca_no == 1 AND 33.4 <= temp <= 39.6 AND adlsc <= 4.58 AND dnr_dnr after sadm == 1,1.0
0,1,1.0,1.0,3,3,18,18,dzgroup_Coma == 0 AND dnr_no dnr == 1 AND aps <= 46.8 AND urine_was_missing == 1 AND diabetes == 0 AND wblc <= 63.8 AND crea <= 6.67 AND dnr_dnr after sadm == 0 AND dzgroup_Colon Cancer == 0 AND dzclass_COPD/CHF/Cirrhosis == 1 AND avtisst <= 47.2 AND dementia == 0 AND dzgroup_CHF == 0 AND charges <= 3.97e+05 AND hrt <= 143 AND bili <= 21 AND glucose_was_missing == 1 AND dzclass_Cancer == 0,1.0
0,1,1.0,1.0,9,9,13,13,dnr_dnr before sadm == 0 AND scoma <= 34.5 AND dzgroup_MOSF w/Malig == 0 AND race_asian == 0 AND dzclass_COPD/CHF/Cirrhosis == 1 AND race_other == 0 AND 7.71 <= hrt <= 112 AND dementia == 0 AND dnrday <= 104 AND 345 <= urine <= 5.68e+03 AND dzclass_Cancer == 0 AND race_black == 0 AND dnr_dnr after sadm == 0,1.0
0,1,1.0,1.0,3,3,18,18,race_other == 0 AND avtisst <= 24.4 AND urine <= 5.3e+03 AND dzgroup_Coma == 0 AND 113 <= sod <= 165 AND scoma <= 34.5 AND charges <= 4.09e+05 AND sps <= 55.5 AND adlp_was_missing == 0 AND dzclass_Coma == 0 AND crea <= 8.39 AND adlsc <= 2.16 AND race_hispanic == 0 AND dzgroup_Cirrhosis == 0 AND income_was_missing == 0 AND income == 1 AND 37.3 <= age <= 80 AND dnr_no dnr == 1,1.0
0,1,1.0,1.0,3,3,20,20,sod <= 149 AND charges <= 5e+05 AND urine_was_missing == 1 AND race_hispanic == 0 AND crea <= 7.15 AND adlp_was_missing == 0 AND dzgroup_Cirrhosis == 0 AND sex == 0 AND dzgroup_Coma == 0 AND dzclass_Cancer == 0 AND dementia == 0 AND dnrday <= 49.6 AND wblc <= 69.8 AND dzgroup_Colon Cancer == 0 AND race_asian == 0 AND ca_no == 1 AND dnr_dnr before sadm == 0 AND totcst <= 1.07e+05 AND race_black == 0 AND race_other == 0,1.0
1,1,1.0,1.0,3,3,19,19,dzclass_Cancer == 0 AND dementia == 0 AND dnr_no dnr == 0 AND totmcst <= 2.74e+05 AND totcst <= 2.67e+05 AND adlp == 0 AND charges <= 4.02e+05 AND ca_no == 1 AND hrt >= 21.6 AND dzgroup_CHF == 0 AND alb <= 10.6 AND dzgroup_Cirrhosis == 0 AND dzgroup_Lung Cancer == 0 AND ca_yes == 0 AND diabetes == 0 AND glucose_was_missing == 1 AND dnr_dnr after sadm == 1 AND adlp_was_missing == 1 AND adlsc <= 2.09,1.0
1,1,1.0,1.0,3,3,20,19,dzclass_Cancer == 0 AND dnr_dnr before sadm == 0 AND dnr_dnr after sadm == 1 AND dnr_no dnr == 0 AND adlp == 0 AND 9.18 <= edu <= 22.8 AND dzclass_COPD/CHF/Cirrhosis == 0 AND totmcst <= 1.73e+05 AND ph >= 7.22 AND urine_was_missing == 0 AND dzgroup_CHF == 0 AND race_hispanic == 0 AND avtisst >= 23.5 AND glucose <= 316 AND bun <= 113 AND 2.11 <= adlsc <= 6.78 AND dzgroup_COPD == 0 AND sex == 1 AND sod <= 159,1.0
0,1,1.0,1.0,2,2,26,26,6.42 <= edu <= 17.6 AND scoma <= 37.5 AND charges <= 3.7e+05 AND totcst <= 2.45e+05 AND 11.2 <= avtisst <= 49.8 AND aps <= 85.2 AND dnrday <= 110 AND 115 <= meanbp <= 175 AND wblc <= 82 AND temp >= 36.8 AND alb <= 12.8 AND bili <= 23.6 AND 6.99 <= ph <= 7.65 AND glucose <= 513 AND urine_was_missing == 1 AND adls == 5 AND 3.16 <= adlsc <= 6.84 AND sex == 1 AND income_was_missing == 0 AND dzclass_COPD/CHF/Cirrhosis == 1 AND dzclass_Cancer == 0 AND race_black == 0 AND race_other == 0 AND race_white == 1 AND ca_yes == 0 AND dnr_dnr before sadm == 0,1.0
1,1,1.0,1.0,2,2,32,32,age >= 58.9 AND num_co == 1 AND charges <= 3.54e+05 AND totmcst <= 2.58e+05 AND 16.5 <= avtisst <= 53.5 AND aps <= 104 AND dementia == 0 AND dnrday <= 86.5 AND wblc <= 80 AND alb <= 11 AND 112 <= sod <= 156 AND 6.96 <= ph <= 7.43 AND glucose <= 540 AND urine_was_missing == 0 AND 1.1e+03 <= urine <= 3.44e+03 AND adlp_was_missing == 0 AND adlp == 5 AND adlsc <= 2.51 AND sex == 1 AND income_was_missing == 0 AND income == 2 AND dzgroup_CHF == 0 AND dzgroup_Coma == 0 AND dzgroup_Lung Cancer == 0 AND dzgroup_MOSF w/Malig == 0 AND race_asian == 0 AND race_black == 0 AND race_hispanic == 0 AND race_white == 1 AND ca_yes == 0 AND dnr_dnr after sadm == 1 AND dnr_no dnr == 0,1.0
1,1,1.0,1.0,11,11,25,25,34.5 <= age <= 59.6 AND totcst <= 1.25e+05 AND totmcst <= 2.55e+05 AND dementia == 0 AND dnrday <= 73.4 AND 9.92 <= resp <= 38.1 AND 111 <= pafi <= 746 AND alb <= 7.45 AND bili <= 22.4 AND crea <= 9.25 AND glucose_was_missing == 0 AND glucose <= 640 AND 5.66 <= bun <= 104 AND urine_was_missing == 1 AND dzgroup_CHF == 0 AND dzgroup_Colon Cancer == 0 AND dzclass_COPD/CHF/Cirrhosis == 0 AND dzclass_Cancer == 0 AND dzclass_Coma == 0 AND race_asian == 0 AND race_black == 0 AND race_hispanic == 0 AND race_white == 1 AND ca_yes == 1 AND dnr_dnr after sadm == 1,1.0
1,1,1.0,1.0,2,2,29,29,num_co == 0 AND charges <= 4.57e+05 AND totmcst <= 1.9e+05 AND sps >= 61.9 AND aps >= 105 AND dementia == 0 AND 19.4 <= meanbp <= 111 AND wblc <= 71.5 AND resp <= 48.1 AND 33.1 <= temp <= 39.9 AND 115 <= sod <= 159 AND glucose <= 494 AND bun_was_missing == 0 AND bun <= 118 AND urine_was_missing == 0 AND adlp_was_missing == 1 AND adlp == 0 AND 0.168 <= adlsc <= 1.94 AND income == 1 AND dzgroup_CHF == 0 AND dzgroup_Colon Cancer == 0 AND dzgroup_Coma == 0 AND dzgroup_Lung Cancer == 0 AND dzgroup_MOSF w/Malig == 0 AND race_black == 0 AND race_hispanic == 0 AND race_other == 0 AND race_white == 0 AND dnr_dnr before sadm == 0,1.0
1,1,1.0,1.0,2,2,34,34,45.1 <= age <= 71.1 AND num_co == 1 AND scoma >= 80.5 AND charges <= 5.61e+05 AND totmcst <= 1.3e+05 AND sps <= 53.9 AND 19.4 <= aps <= 64.6 AND 10.1 <= meanbp <= 128 AND wblc <= 77.1 AND hrt <= 131 AND resp <= 38.9 AND 33 <= temp <= 40.1 AND pafi <= 473 AND 118 <= sod <= 148 AND bun_was_missing == 0 AND bun <= 79.8 AND urine_was_missing == 0 AND urine <= 4.7e+03 AND adlp_was_missing == 1 AND adlsc <= 2.58 AND sex == 1 AND income_was_missing == 1 AND dzgroup_CHF == 0 AND dzgroup_COPD == 0 AND dzgroup_Coma == 1 AND dzgroup_Lung Cancer == 0 AND dzgroup_MOSF w/Malig == 0 AND dzclass_Cancer == 0 AND race_black == 1 AND race_hispanic == 0 AND race_other == 0 AND ca_yes == 0 AND dnr_dnr before sadm == 0 AND dnr_no dnr == 0,1.0
1,1,1.0,1.0,2,2,33,33,num_co == 3 AND 2.39 <= edu <= 21.6 AND totcst <= 2.22e+05 AND totmcst <= 2.18e+05 AND 9.99 <= avtisst <= 30 AND dnrday <= 90.1 AND wblc <= 85.4 AND hrt >= 106 AND resp <= 30.7 AND 37.5 <= temp <= 40 AND pafi <= 507 AND alb <= 13.8 AND crea <= 6.6 AND 128 <= sod <= 154 AND 7.2 <= ph <= 7.64 AND glucose <= 530 AND bun_was_missing == 0 AND 30.2 <= bun <= 144 AND urine_was_missing == 0 AND adlsc <= 0.955 AND sex == 1 AND income == 0 AND dzgroup_CHF == 0 AND dzgroup_Colon Cancer == 0 AND dzgroup_MOSF w/Malig == 0 AND dzclass_COPD/CHF/Cirrhosis == 1 AND dzclass_Coma == 0 AND race_asian == 0 AND race_hispanic == 0 AND race_other == 0 AND ca_no == 1 AND dnr_dnr after sadm == 0 AND dnr_no dnr == 1,1.0
1,1,1.0,1.0,2,2,28,28,65.3 <= age <= 92.1 AND num_co == 1 AND charges <= 2.54e+05 AND totmcst <= 2.15e+05 AND 46.5 <= sps <= 87.1 AND dementia == 0 AND dnrday <= 84.2 AND meanbp <= 83 AND hrt <= 74.6 AND resp <= 55.7 AND 34 <= temp <= 37 AND alb <= 11.7 AND crea <= 11.5 AND glucose_was_missing == 1 AND bun_was_missing == 1 AND 525 <= urine <= 3.4e+03 AND adlp_was_missing == 1 AND adlp == 0 AND adls == 1 AND income == 1 AND dzgroup_COPD == 0 AND dzgroup_Coma == 0 AND dzgroup_MOSF w/Malig == 0 AND dzclass_COPD/CHF/Cirrhosis == 0 AND dzclass_Coma == 0 AND ca_no == 0 AND ca_yes == 1 AND dnr_no dnr == 1,1.0
1,1,1.0,1.0,2,2,27,27,num_co == 2 AND 5.8 <= edu <= 18.2 AND charges <= 5.96e+05 AND totcst <= 2.1e+05 AND 56 <= meanbp <= 168 AND wblc <= 54.8 AND 34.4 <= hrt <= 112 AND 124 <= sod <= 146 AND glucose_was_missing == 0 AND bun <= 123 AND urine_was_missing == 0 AND urine <= 6.03e+03 AND adlp_was_missing == 1 AND adlp == 0 AND adls == 1 AND sex == 0 AND dzgroup_COPD == 0 AND dzgroup_Cirrhosis == 1 AND dzgroup_Colon Cancer == 0 AND dzgroup_Coma == 0 AND dzgroup_Lung Cancer == 0 AND dzclass_COPD/CHF/Cirrhosis == 1 AND dzclass_Cancer == 0 AND race_white == 0 AND ca_no == 1 AND dnr_dnr after sadm == 0 AND dnr_no dnr == 1,1.0
0,1,1.0,1.0,2,2,30,30,53.9 <= age <= 78.2 AND num_co == 1 AND scoma <= 17.5 AND charges <= 2.82e+05 AND totcst <= 2.41e+05 AND totmcst <= 2.75e+05 AND aps <= 45.6 AND dementia == 0 AND dnrday <= 78.7 AND wblc <= 42.9 AND 41.4 <= hrt <= 119 AND 69.7 <= pafi <= 378 AND alb <= 8.94 AND bili <= 24.3 AND crea <= 7.28 AND glucose <= 304 AND bun_was_missing == 0 AND bun <= 115 AND urine_was_missing == 0 AND adlp == 2 AND adls == 0 AND adlsc <= 2.05 AND income_was_missing == 1 AND dzgroup_MOSF w/Malig == 0 AND dzclass_Coma == 0 AND race_black == 0 AND race_hispanic == 0 AND race_other == 0 AND ca_no == 0 AND dnr_dnr before sadm == 0,1.0
1,1,1.0,1.0,2,2,29,29,58.5 <= age <= 86.1 AND totcst <= 2.67e+05 AND diabetes == 0 AND dementia == 0 AND 28.9 <= hrt <= 111 AND 33 <= temp <= 39.4 AND pafi <= 358 AND alb <= 6.52 AND bili <= 19.5 AND crea <= 5.62 AND 115 <= sod <= 155 AND 7.3 <= ph <= 7.66 AND glucose <= 242 AND urine_was_missing == 0 AND 80 <= urine <= 3.41e+03 AND adlp_was_missing == 1 AND adls == 6 AND adlsc >= 3.81 AND income_was_missing == 0 AND income == 1 AND dzgroup_Colon Cancer == 0 AND dzgroup_Coma == 0 AND dzgroup_Lung Cancer == 0 AND dzclass_Cancer == 0 AND dzclass_Coma == 0 AND race_black == 0 AND ca_yes == 1 AND dnr_dnr after sadm == 1 AND dnr_dnr before sadm == 0,1.0
1,1,1.0,1.0,2,2,33,33,age <= 46.5 AND num_co == 2 AND 4.56 <= edu <= 19.4 AND scoma <= 34 AND totmcst <= 1.16e+05 AND 11.3 <= sps <= 50.9 AND 6.03 <= aps <= 54 AND diabetes == 0 AND dnrday <= 49.8 AND 74.4 <= meanbp <= 166 AND hrt <= 125 AND resp <= 29.4 AND 34.5 <= temp <= 37.6 AND alb <= 9.01 AND crea <= 7.68 AND sod <= 148 AND glucose_was_missing == 1 AND glucose <= 456 AND bun <= 85.8 AND urine_was_missing == 1 AND urine <= 4.76e+03 AND adlp == 0 AND adls == 1 AND adlsc <= 4.92 AND sex == 0 AND income_was_missing == 1 AND income == 1 AND dzgroup_Colon Cancer == 0 AND dzgroup_Lung Cancer == 0 AND race_asian == 0 AND dnr_dnr after sadm == 1 AND dnr_dnr before sadm == 0 AND dnr_no dnr == 0,1.0
0,1,1.0,1.0,2,2,23,23,edu <= 19.6 AND scoma <= 31.5 AND totcst <= 1.81e+05 AND totmcst <= 2.3e+05 AND dementia == 1 AND dnrday <= 130 AND meanbp >= 71.5 AND 35.6 <= temp <= 41 AND 0.803 <= crea <= 13.8 AND glucose_was_missing == 0 AND glucose <= 263 AND bun_was_missing == 0 AND bun <= 166 AND urine_was_missing == 0 AND adlp == 0 AND income == 0 AND dzgroup_COPD == 0 AND dzgroup_Coma == 1 AND dzgroup_Lung Cancer == 0 AND dzgroup_MOSF w/Malig == 0 AND race_black == 0 AND race_other == 0 AND ca_no == 1,1.0
1,1,1.0,1.0,3,3,25,25,num_co == 1 AND 1.39 <= edu <= 20.6 AND charges <= 2.96e+05 AND totcst <= 1.93e+05 AND 24 <= avtisst <= 44 AND dnrday <= 90.9 AND 75.8 <= meanbp <= 144 AND bun <= 105 AND urine_was_missing == 0 AND urine <= 2.44e+03 AND adlp_was_missing == 1 AND adlp == 0 AND adlsc <= 1.34 AND income_was_missing == 0 AND dzgroup_Colon Cancer == 0 AND dzgroup_Lung Cancer == 0 AND dzgroup_MOSF w/Malig == 0 AND dzclass_COPD/CHF/Cirrhosis == 0 AND dzclass_Coma == 1 AND race_black == 1 AND race_white == 0 AND ca_no == 1 AND ca_yes == 0 AND dnr_dnr after sadm == 1 AND dnr_dnr before sadm == 0,1.0
0,1,1.0,1.0,4,4,26,26,num_co == 2 AND scoma <= 18.5 AND charges <= 2.39e+05 AND totmcst <= 1.55e+05 AND avtisst <= 18.8 AND dementia == 0 AND dnrday <= 108 AND 44.4 <= meanbp <= 97.6 AND wblc <= 56.6 AND 27.8 <= hrt <= 192 AND 33.6 <= temp <= 38.8 AND alb <= 8.22 AND bili <= 11.9 AND crea <= 4.95 AND glucose_was_missing == 0 AND urine_was_missing == 0 AND sex == 1 AND income == 0 AND dzgroup_CHF == 0 AND dzgroup_COPD == 1 AND dzgroup_Cirrhosis == 0 AND dzgroup_Lung Cancer == 0 AND dzclass_Cancer == 0 AND race_white == 1 AND ca_no == 0 AND dnr_no dnr == 0,1.0
1,1,1.0,1.0,2,2,24,24,charges <= 5.89e+05 AND totmcst <= 1.61e+05 AND sps <= 40.3 AND 55.2 <= hrt <= 135 AND 2.36 <= resp <= 29.6 AND alb <= 11.3 AND bili <= 19.8 AND 146 <= sod <= 164 AND glucose_was_missing == 0 AND 499 <= glucose <= 803 AND urine_was_missing == 0 AND adls == 5 AND sex == 1 AND income_was_missing == 0 AND income == 2 AND dzgroup_Cirrhosis == 0 AND dzgroup_Lung Cancer == 0 AND dzclass_Cancer == 0 AND dzclass_Coma == 1 AND race_asian == 0 AND race_hispanic == 1 AND race_other == 0 AND race_white == 0 AND dnr_dnr before sadm == 0,1.0
1,1,1.0,1.0,2,2,32,32,34.4 <= age <= 97.2 AND 10.5 <= scoma <= 41.5 AND totmcst <= 1.55e+05 AND diabetes == 0 AND dementia == 0 AND dnrday <= 59.4 AND 54.4 <= meanbp <= 186 AND wblc <= 66.8 AND resp <= 52.2 AND 33.3 <= temp <= 36.8 AND 55.3 <= pafi <= 673 AND bili <= 11.3 AND sod <= 159 AND glucose_was_missing == 1 AND urine_was_missing == 1 AND urine <= 4.4e+03 AND adlp_was_missing == 0 AND sex == 0 AND income_was_missing == 0 AND income == 1 AND dzgroup_CHF == 0 AND dzgroup_Colon Cancer == 0 AND dzgroup_Coma == 0 AND dzgroup_MOSF w/Malig == 0 AND race_asian == 0 AND race_black == 0 AND race_hispanic == 0 AND race_other == 0 AND race_white == 1 AND ca_no == 0 AND ca_yes == 1 AND dnr_dnr after sadm == 1,1.0
1,1,1.0,1.0,2,2,28,28,age >= 69.6 AND num_co == 1 AND 11 <= edu <= 19 AND avtisst <= 37.9 AND 4.32 <= aps <= 53.7 AND 53.5 <= meanbp <= 112 AND wblc <= 102 AND bili <= 20.9 AND bun_was_missing == 1 AND bun <= 113 AND adlp_was_missing == 1 AND adlp == 0 AND adls == 3 AND 1.8 <= adlsc <= 4.2 AND income_was_missing == 0 AND income == 1 AND dzgroup_CHF == 0 AND dzgroup_COPD == 0 AND dzgroup_Colon Cancer == 0 AND dzgroup_Lung Cancer == 0 AND dzgroup_MOSF w/Malig == 0 AND dzclass_COPD/CHF/Cirrhosis == 0 AND dzclass_Cancer == 0 AND race_black == 0 AND race_hispanic == 0 AND race_other == 0 AND ca_no == 0 AND dnr_no dnr == 0,1.0
1,1,1.0,1.0,2,2,30,30,num_co == 0 AND 6.57 <= edu <= 17.4 AND 17.5 <= scoma <= 70.5 AND aps <= 80.2 AND diabetes == 0 AND dementia == 0 AND dnrday <= 78.8 AND 14.2 <= meanbp <= 136 AND 80.4 <= hrt <= 148 AND 35.5 <= temp <= 38.8 AND pafi <= 490 AND crea <= 6.49 AND glucose_was_missing == 1 AND glucose <= 398 AND bun_was_missing == 1 AND 435 <= urine <= 3.5e+03 AND adlp == 0 AND adls == 1 AND 2.64 <= adlsc <= 4.77 AND sex == 1 AND income_was_missing == 1 AND dzgroup_COPD == 0 AND dzgroup_Cirrhosis == 0 AND dzgroup_MOSF w/Malig == 0 AND dzclass_COPD/CHF/Cirrhosis == 0 AND dzclass_Cancer == 1 AND race_asian == 0 AND race_black == 0 AND ca_no == 0 AND dnr_dnr before sadm == 1,1.0
1,1,1.0,1.0,4,4,28,28,charges <= 2.25e+05 AND totmcst <= 2.71e+05 AND 21.7 <= avtisst <= 43.3 AND diabetes == 0 AND 40.5 <= meanbp <= 174 AND wblc <= 74.7 AND 33.2 <= temp <= 39 AND crea <= 13.8 AND glucose_was_missing == 0 AND glucose <= 492 AND bun_was_missing == 0 AND urine_was_missing == 1 AND 795 <= urine <= 3.14e+03 AND adlp_was_missing == 1 AND adlp == 0 AND income_was_missing == 1 AND income == 1 AND dzgroup_CHF == 0 AND dzgroup_COPD == 1 AND dzgroup_Lung Cancer == 0 AND dzclass_Cancer == 0 AND race_asian == 0 AND race_black == 0 AND race_white == 1 AND ca_no == 1 AND ca_yes == 0 AND dnr_dnr before sadm == 0 AND dnr_no dnr == 0,1.0
0,1,1.0,1.0,2,2,30,30,64.5 <= age <= 101 AND num_co == 2 AND 7.57 <= edu <= 18.4 AND scoma <= 35.5 AND avtisst <= 25.5 AND sps <= 55.3 AND aps <= 50.3 AND dementia == 0 AND wblc <= 62.8 AND 32.6 <= hrt <= 97.4 AND resp <= 34 AND alb <= 12.3 AND bili <= 19.8 AND glucose_was_missing == 0 AND glucose <= 681 AND bun_was_missing == 0 AND adlp == 2 AND 0.116 <= adlsc <= 1.88 AND sex == 0 AND income_was_missing == 0 AND income == 1 AND dzgroup_COPD == 1 AND dzgroup_Cirrhosis == 0 AND dzgroup_Coma == 0 AND dzgroup_Lung Cancer == 0 AND dzgroup_MOSF w/Malig == 0 AND race_black == 0 AND race_other == 0 AND race_white == 1 AND ca_yes == 0,1.0
1,1,1.0,1.0,2,2,29,29,38.9 <= age <= 60.7 AND scoma <= 26.5 AND totcst <= 1.07e+05 AND totmcst <= 1.38e+05 AND aps <= 68.5 AND meanbp >= 95.5 AND 13.2 <= resp <= 60.8 AND pafi <= 192 AND alb <= 11.7 AND bili <= 8.78 AND 7.23 <= ph <= 7.51 AND glucose <= 478 AND bun_was_missing == 0 AND urine_was_missing == 0 AND urine <= 3.78e+03 AND adlp == 0 AND adls == 1 AND adlsc >= 2.44 AND dzgroup_Cirrhosis == 0 AND dzgroup_Coma == 0 AND dzgroup_Lung Cancer == 0 AND dzclass_COPD/CHF/Cirrhosis == 0 AND dzclass_Coma == 0 AND race_black == 1 AND race_hispanic == 0 AND race_other == 0 AND ca_no == 0 AND dnr_dnr before sadm == 0 AND dnr_no dnr == 0,1.0
0,1,1.0,1.0,2,2,27,27,3.88 <= edu <= 14.1 AND scoma <= 19.5 AND charges <= 5.11e+05 AND totcst <= 1.65e+05 AND totmcst <= 2.73e+05 AND diabetes == 0 AND 14.3 <= resp <= 55.7 AND 34.8 <= temp <= 41.2 AND 41.4 <= pafi <= 393 AND alb <= 9.16 AND bili <= 16.7 AND crea <= 10.6 AND 114 <= sod <= 154 AND glucose_was_missing == 0 AND 660 <= urine <= 6.69e+03 AND adlp == 0 AND income == 0 AND dzgroup_CHF == 0 AND dzgroup_COPD == 0 AND dzgroup_Cirrhosis == 0 AND dzgroup_MOSF w/Malig == 1 AND dzclass_Cancer == 0 AND race_hispanic == 0 AND race_other == 1 AND ca_no == 0 AND ca_yes == 1 AND dnr_dnr after sadm == 1,1.0
1,1,1.0,1.0,2,2,29,29,num_co == 1 AND scoma >= 79 AND charges <= 3.05e+05 AND totmcst <= 2.58e+05 AND 13.1 <= avtisst <= 46.9 AND 59.7 <= aps <= 106 AND dementia == 0 AND meanbp <= 100 AND 18.6 <= resp <= 57.4 AND pafi <= 241 AND alb <= 9.86 AND crea <= 7.38 AND 121 <= sod <= 163 AND glucose_was_missing == 0 AND glucose <= 583 AND bun_was_missing == 0 AND urine_was_missing == 0 AND 3.83e+03 <= urine <= 7.07e+03 AND income_was_missing == 1 AND income == 1 AND dzgroup_CHF == 0 AND dzgroup_MOSF w/Malig == 0 AND dzclass_Coma == 1 AND race_asian == 0 AND race_black == 1 AND race_white == 0 AND ca_yes == 0 AND dnr_dnr after sadm == 0 AND dnr_dnr before sadm == 0,1.0
0,1,1.0,1.0,2,2,29,29,59.8 <= age <= 90 AND num_co == 1 AND totmcst <= 2.28e+05 AND 0.846 <= sps <= 29.6 AND aps <= 68.2 AND dnrday <= 42.3 AND alb <= 8.86 AND bili <= 11.8 AND 124 <= sod <= 154 AND 7.22 <= ph <= 7.62 AND glucose <= 258 AND bun_was_missing == 0 AND bun <= 124 AND urine_was_missing == 1 AND adlp_was_missing == 0 AND sex == 0 AND income == 0 AND dzgroup_CHF == 0 AND dzgroup_COPD == 1 AND dzgroup_Cirrhosis == 0 AND dzgroup_Lung Cancer == 0 AND dzclass_COPD/CHF/Cirrhosis == 1 AND dzclass_Cancer == 0 AND race_asian == 0 AND race_other == 0 AND race_white == 1 AND ca_no == 1 AND dnr_no dnr == 0 AND diabetes == 0,1.0
0,1,1.0,1.0,1,1,32,32,0.235 <= edu <= 19.8 AND charges <= 3.78e+05 AND totcst <= 1.23e+05 AND totmcst <= 2.16e+05 AND aps <= 79.6 AND dnrday <= 44.8 AND 39.5 <= meanbp <= 96.5 AND wblc <= 71.8 AND 81.4 <= hrt <= 159 AND 36 <= temp <= 40 AND alb <= 12.6 AND crea <= 8.17 AND 120 <= sod <= 162 AND 7.18 <= ph <= 7.68 AND urine_was_missing == 0 AND adls == 1 AND income_was_missing == 0 AND dzgroup_CHF == 0 AND dzgroup_COPD == 0 AND dzgroup_Cirrhosis == 1 AND dzgroup_Colon Cancer == 0 AND dzgroup_Coma == 0 AND dzgroup_Lung Cancer == 0 AND dzclass_Cancer == 0 AND race_asian == 0 AND race_black == 0 AND race_hispanic == 1 AND race_other == 0 AND race_white == 0 AND ca_no == 1 AND ca_yes == 0 AND dnr_no dnr == 0,1.0
1,1,1.0,1.0,1,1,36,36,num_co == 3 AND 2.87 <= edu <= 17.1 AND scoma <= 37 AND totcst <= 2.53e+05 AND 1.76 <= avtisst <= 30.2 AND 20.5 <= aps <= 89.5 AND dementia == 0 AND 5.35 <= meanbp <= 133 AND 71.7 <= hrt <= 186 AND resp <= 64.1 AND pafi <= 499 AND alb <= 9.12 AND bili <= 29.8 AND crea <= 5.27 AND 133 <= sod <= 153 AND 7.11 <= ph <= 7.73 AND bun_was_missing == 0 AND bun <= 127 AND urine_was_missing == 0 AND 555 <= urine <= 6.14e+03 AND adlp_was_missing == 0 AND adlsc <= 4.31 AND income == 0 AND dzgroup_CHF == 0 AND dzgroup_COPD == 1 AND dzgroup_Colon Cancer == 0 AND dzgroup_Coma == 0 AND dzgroup_MOSF w/Malig == 0 AND dzclass_Coma == 0 AND race_asian == 0 AND race_black == 0 AND race_other == 0 AND race_white == 1 AND ca_no == 1 AND dnr_dnr before sadm == 1 AND dnr_no dnr == 0,1.0
1,1,1.0,1.0,1,1,27,27,num_co == 5 AND 12.4 <= edu <= 23.6 AND 3.64e+05 <= charges <= 1.31e+06 AND 1.88e+05 <= totcst <= 4.67e+05 AND 6.21e+04 <= totmcst <= 5.45e+05 AND 14.8 <= sps <= 59.4 AND diabetes == 1 AND dementia == 0 AND dnrday <= 185 AND 39.5 <= meanbp <= 96.5 AND resp <= 47.6 AND 76.7 <= pafi <= 548 AND alb <= 11 AND crea <= 10.2 AND 134 <= sod <= 164 AND 41.2 <= bun <= 191 AND adlp_was_missing == 1 AND adlp == 0 AND adlsc <= 4.23 AND sex == 0 AND income == 2 AND dzgroup_COPD == 0 AND dzgroup_Lung Cancer == 0 AND dzgroup_MOSF w/Malig == 0 AND race_black == 0 AND race_hispanic == 0 AND dnr_no dnr == 1,1.0
0,1,1.0,1.0,6,6,20,20,race_other == 0 AND dzgroup_Cirrhosis == 0 AND dzgroup_MOSF w/Malig == 0 AND race_asian == 0 AND ca_yes == 0 AND race_hispanic == 0 AND dnr_dnr before sadm == 0 AND dementia == 0 AND glucose <= 285 AND dnr_no dnr == 1 AND scoma <= 34.5 AND 10.1 <= aps <= 74.9 AND 34.1 <= temp <= 37.9 AND crea <= 7.72 AND bili <= 21.7 AND bun_was_missing == 0 AND bun <= 79.8 AND adlp_was_missing == 1 AND dzclass_Cancer == 0 AND dzclass_Coma == 0,1.0
0,1,1.0,1.0,3,3,19,19,dnr_dnr after sadm == 0 AND dzgroup_Colon Cancer == 0 AND dnr_no dnr == 1 AND race_other == 0 AND totmcst <= 2.72e+05 AND dementia == 0 AND ca_no == 0 AND glucose_was_missing == 0 AND edu <= 26.7 AND totcst <= 2.27e+05 AND meanbp <= 161 AND glucose <= 272 AND dzclass_Coma == 0 AND wblc <= 118 AND bun_was_missing == 0 AND adlp == 0 AND dzgroup_Cirrhosis == 0 AND dzclass_Cancer == 0 AND race_hispanic == 0,1.0
1,1,1.0,1.0,1,1,23,23,avtisst >= 31 AND 30.5 <= aps <= 101 AND dementia == 0 AND dzgroup_COPD == 0 AND diabetes == 0 AND bun <= 113 AND charges <= 4.58e+05 AND hrt <= 208 AND dzclass_Coma == 0 AND race_asian == 0 AND sex == 0 AND totmcst <= 2.74e+05 AND dnrday <= 71.1 AND wblc <= 61.9 AND alb <= 11.2 AND crea <= 6.12 AND urine_was_missing == 1 AND dzgroup_Colon Cancer == 0 AND dzgroup_Lung Cancer == 0 AND dzclass_Cancer == 0 AND ca_yes == 0 AND dnr_no dnr == 0 AND 25.5 <= scoma <= 62.5,1.0
0,1,1.0,1.0,3,3,18,18,dnr_no dnr == 1 AND charges <= 3.85e+05 AND 1.43 <= alb <= 13.3 AND dzclass_Cancer == 0 AND dnr_dnr after sadm == 0 AND sps <= 49.7 AND dzgroup_COPD == 0 AND dzgroup_Lung Cancer == 0 AND dzgroup_MOSF w/Malig == 0 AND race_other == 0 AND glucose_was_missing == 1 AND race_asian == 0 AND 3.21 <= aps <= 56.8 AND num_co == 2 AND bili <= 22.9 AND dzgroup_CHF == 1 AND dnr_dnr before sadm == 0 AND ca_yes == 0,1.0
0,1,1.0,1.0,4,4,21,21,race_asian == 0 AND dzgroup_Cirrhosis == 0 AND dzgroup_Lung Cancer == 0 AND wblc <= 72.2 AND dzclass_COPD/CHF/Cirrhosis == 1 AND 2.39 <= edu <= 21.6 AND dzgroup_MOSF w/Malig == 0 AND dnr_dnr after sadm == 0 AND alb <= 11.6 AND charges <= 5.05e+05 AND avtisst <= 23.3 AND crea <= 6.67 AND bun_was_missing == 1 AND adlp_was_missing == 0 AND dzgroup_Coma == 0 AND dzclass_Cancer == 0 AND ca_yes == 0 AND bun <= 125 AND urine <= 5.06e+03 AND 5.76 <= resp <= 46.2 AND adlp == 0,1.0
0,1,1.0,1.0,1,1,18,17,avtisst <= 42.7 AND race_other == 0 AND dzgroup_Cirrhosis == 0 AND race_asian == 0 AND ca_yes == 0 AND bun <= 51.5 AND aps <= 31.6 AND dementia == 0 AND 14.2 <= pafi <= 546 AND bun_was_missing == 0 AND adlp_was_missing == 1 AND totcst <= 1.61e+05 AND totmcst <= 2.11e+05 AND race_white == 1 AND dzgroup_COPD == 0 AND adls == 0 AND dnr_no dnr == 1,1.0
0,1,1.0,1.0,1,1,17,16,dnr_dnr after sadm == 0 AND dzgroup_Colon Cancer == 0 AND dnr_no dnr == 1 AND race_other == 0 AND totmcst <= 2.72e+05 AND resp <= 51.3 AND age >= 25.8 AND dementia == 0 AND ca_no == 0 AND glucose_was_missing == 0 AND totcst <= 2.27e+05 AND glucose <= 272 AND dzgroup_CHF == 0 AND dzclass_Coma == 0 AND adlp_was_missing == 1 AND income == 1,1.0
0,1,1.0,1.0,2,2,32,32,70.5 <= age <= 99.9 AND num_co == 1 AND charges <= 4.58e+05 AND totmcst <= 2.66e+05 AND diabetes == 0 AND 43.5 <= meanbp <= 102 AND wblc <= 42.2 AND hrt <= 118 AND resp <= 35.3 AND 33.5 <= temp <= 38.5 AND 98.1 <= pafi <= 355 AND alb <= 5.85 AND bili <= 11.2 AND crea <= 7.09 AND 122 <= sod <= 160 AND 7.08 <= ph <= 7.68 AND glucose_was_missing == 0 AND bun_was_missing == 0 AND urine_was_missing == 0 AND adls == 7 AND adlsc >= 5.51 AND sex == 1 AND income == 0 AND dzgroup_COPD == 0 AND dzgroup_Coma == 0 AND dzclass_Cancer == 0 AND dzclass_Coma == 0 AND race_black == 0 AND race_white == 0 AND ca_yes == 1 AND dnr_dnr before sadm == 0 AND dnr_no dnr == 0,1.0
1,1,1.0,1.0,2,2,27,27,num_co == 1 AND scoma <= 63 AND totmcst <= 2.44e+05 AND avtisst <= 57.5 AND diabetes == 0 AND 25 <= meanbp <= 139 AND 2.76 <= resp <= 65.2 AND 33.1 <= temp <= 39.9 AND pafi <= 454 AND 14.4 <= bili <= 39 AND glucose_was_missing == 1 AND bun <= 102 AND urine_was_missing == 1 AND 0.028 <= adlsc <= 4.91 AND sex == 0 AND income == 3 AND dzgroup_COPD == 0 AND dzgroup_Colon Cancer == 0 AND dzgroup_Lung Cancer == 0 AND dzclass_COPD/CHF/Cirrhosis == 0 AND dzclass_Cancer == 0 AND race_asian == 0 AND race_other == 0 AND race_white == 1 AND ca_no == 0 AND ca_yes == 1 AND dnr_no dnr == 0,1.0
0,1,1.0,1.0,1,1,20,20,diabetes == 1 AND 345 <= urine <= 5.68e+03 AND race_black == 0 AND dzclass_Cancer == 0 AND race_asian == 0 AND totmcst <= 1.54e+05 AND dementia == 0 AND alb <= 7.12 AND 136 <= sod <= 154 AND income_was_missing == 0 AND dnr_dnr after sadm == 0 AND age >= 75.6 AND 8.02 <= hrt <= 172 AND resp <= 51.3 AND dzgroup_CHF == 1 AND dzgroup_Cirrhosis == 0 AND ca_yes == 0 AND dnr_no dnr == 1 AND dzgroup_Colon Cancer == 0 AND race_white == 1,1.0
1,1,1.0,1.0,1,1,26,26,charges <= 3.81e+05 AND totcst <= 2.23e+05 AND 13.2 <= avtisst <= 51.8 AND 35 <= aps <= 97 AND wblc <= 60 AND 17.7 <= hrt <= 112 AND alb <= 13.4 AND bili <= 18.8 AND crea <= 10.7 AND 125 <= sod <= 159 AND urine_was_missing == 1 AND 390 <= urine <= 3.54e+03 AND adlp_was_missing == 0 AND adls == 2 AND sex == 1 AND income_was_missing == 0 AND dzgroup_Colon Cancer == 0 AND dzgroup_Coma == 0 AND dzgroup_Lung Cancer == 0 AND dzclass_Cancer == 0 AND race_asian == 0 AND race_black == 0 AND race_other == 0 AND race_white == 1 AND ca_no == 1 AND dnr_dnr before sadm == 0,1.0
0,1,1.0,1.0,28,28,25,25,dementia == 0 AND race_hispanic == 0 AND dnr_no dnr == 1 AND edu <= 26.4 AND 37.9 <= hrt <= 130 AND 13.5 <= resp <= 42.5 AND 7.29 <= ph <= 7.72 AND adlp == 0 AND income_was_missing == 1 AND income == 1 AND race_asian == 0 AND ca_no == 1 AND dnr_dnr after sadm == 0 AND 54 <= age <= 81.1 AND 9.2 <= avtisst <= 37.3 AND race_other == 0 AND sod <= 150 AND totmcst <= 2.62e+05 AND 34.9 <= temp <= 37.6 AND urine_was_missing == 1 AND sex == 0 AND dzgroup_CHF == 0 AND race_black == 0 AND race_white == 1 AND glucose <= 356,1.0
0,1,1.0,1.0,3,3,27,27,num_co == 3 AND scoma <= 21.5 AND totcst <= 9.26e+04 AND avtisst <= 33.1 AND aps <= 49.4 AND diabetes == 0 AND resp <= 45 AND bili <= 15.8 AND crea <= 10.4 AND 7.05 <= ph <= 7.44 AND bun_was_missing == 0 AND 605 <= urine <= 4.12e+03 AND dzgroup_COPD == 1 AND dzgroup_Cirrhosis == 0 AND dzgroup_Lung Cancer == 0 AND dzclass_COPD/CHF/Cirrhosis == 1 AND dzclass_Cancer == 0 AND race_asian == 0 AND race_hispanic == 0 AND race_other == 0 AND ca_no == 0 AND ca_yes == 1 AND dnr_dnr after sadm == 0 AND dnr_dnr before sadm == 0 AND meanbp <= 131 AND temp >= 35.4 AND race_black == 0,1.0
0,1,1.0,1.0,1,1,16,16,dzclass_COPD/CHF/Cirrhosis == 1 AND glucose <= 508 AND avtisst <= 23.3 AND dzgroup_Lung Cancer == 0 AND dzclass_Cancer == 0 AND age >= 76.9 AND bili <= 11.3 AND dzgroup_Cirrhosis == 0 AND dzgroup_Colon Cancer == 0 AND dzgroup_Coma == 0 AND charges <= 5.43e+05 AND dnrday <= 71.5 AND wblc <= 69.8 AND 0.904 <= adlsc <= 3.1 AND race_black == 0 AND race_hispanic == 0,1.0
0,1,1.0,1.0,3,3,16,16,race_other == 0 AND ca_yes == 0 AND 31.5 <= meanbp <= 169 AND age >= 25.8 AND dnrday <= 75.1 AND 113 <= sod <= 155 AND 7.11 <= ph <= 7.73 AND adlp_was_missing == 0 AND resp <= 55.9 AND dzclass_Coma == 0 AND totcst <= 1.68e+05 AND 30.3 <= aps <= 78.5 AND glucose <= 581 AND bun <= 113 AND income == 0 AND dzgroup_CHF == 0,1.0
0,1,1.0,1.0,4,4,17,17,dnr_no dnr == 1 AND 47 <= meanbp <= 161 AND dnr_dnr after sadm == 0 AND diabetes == 0 AND charges <= 5.05e+05 AND totcst <= 2.11e+05 AND crea <= 3.57 AND 130 <= sod <= 151 AND adlp == 0 AND 36.7 <= temp <= 40.3 AND bun <= 113 AND dzgroup_Coma == 0 AND dzclass_COPD/CHF/Cirrhosis == 0 AND race_white == 0 AND ca_no == 1 AND alb <= 7.59 AND dnr_dnr before sadm == 0,1.0
0,1,1.0,1.0,9,9,16,16,6.16 <= resp <= 37.8 AND bili <= 13.2 AND race_other == 0 AND dzgroup_Coma == 0 AND dnr_no dnr == 1 AND dnrday <= 104 AND dzgroup_COPD == 1 AND meanbp <= 129 AND bun <= 93.3 AND dzgroup_MOSF w/Malig == 0 AND totmcst <= 2.72e+05 AND scoma <= 34.5 AND urine <= 5.3e+03 AND dzgroup_Cirrhosis == 0 AND race_asian == 0 AND glucose <= 460,1.0
1,1,1.0,1.0,1,1,15,15,dzgroup_COPD == 0 AND ca_yes == 0 AND dnr_no dnr == 0 AND 30.8 <= aps <= 77.2 AND 25.4 <= age <= 63.9 AND pafi <= 379 AND 32 <= meanbp <= 108 AND dementia == 0 AND dnrday <= 49.6 AND adlp == 0 AND income_was_missing == 1 AND 33 <= temp <= 39.4 AND dzgroup_MOSF w/Malig == 0 AND wblc <= 79.7 AND ca_no == 1,1.0
1,1,1.0,1.0,1,1,21,21,1.94 <= edu <= 18.1 AND charges <= 5.18e+05 AND aps <= 86.7 AND diabetes == 0 AND dnrday <= 66.4 AND temp <= 38.9 AND glucose_was_missing == 1 AND bun <= 119 AND 840 <= urine <= 3.09e+03 AND adlp_was_missing == 1 AND adls == 1 AND income == 1 AND dzgroup_COPD == 0 AND dzgroup_MOSF w/Malig == 0 AND dnr_dnr after sadm == 1 AND totmcst <= 2.58e+05 AND dementia == 0 AND 66.7 <= meanbp <= 129 AND dnr_no dnr == 0 AND adlp == 0 AND dnr_dnr before sadm == 0,1.0
0,1,1.0,1.0,4,4,15,15,dnr_dnr after sadm == 0 AND dzgroup_COPD == 0 AND sex == 0 AND dzgroup_Coma == 0 AND diabetes == 0 AND resp <= 51.3 AND income_was_missing == 0 AND dementia == 0 AND 32.4 <= temp <= 39.8 AND race_asian == 0 AND alb <= 11.6 AND crea <= 6.67 AND dzgroup_MOSF w/Malig == 0 AND race_black == 1 AND dnr_no dnr == 1,1.0
0,1,1.0,1.0,3,3,21,21,avtisst <= 37.3 AND dnr_dnr after sadm == 0 AND urine <= 5.06e+03 AND dzgroup_Lung Cancer == 0 AND race_other == 0 AND glucose_was_missing == 1 AND race_asian == 0 AND bun <= 114 AND sex == 0 AND dnr_dnr before sadm == 0 AND 7.77 <= edu <= 26.7 AND scoma <= 34.5 AND charges <= 3.56e+05 AND wblc <= 72.2 AND 120 <= sod <= 156 AND ph >= 7.11 AND adlp == 0 AND income == 0 AND dzclass_COPD/CHF/Cirrhosis == 1 AND dzclass_Coma == 0 AND alb <= 10.6,1.0
0,1,1.0,1.0,1,1,19,19,race_other == 0 AND dzgroup_Cirrhosis == 0 AND totcst <= 1.68e+05 AND dzgroup_Colon Cancer == 0 AND race_hispanic == 0 AND wblc <= 80.4 AND crea <= 6.75 AND ca_no == 0 AND 51.8 <= meanbp <= 194 AND charges <= 5.43e+05 AND aps <= 46.8 AND resp <= 42.1 AND race_black == 0 AND bili <= 20.2 AND glucose <= 329 AND adlp_was_missing == 0 AND glucose_was_missing == 0 AND dementia == 0 AND income_was_missing == 0,1.0
0,1,1.0,1.0,1,1,18,18,race_other == 0 AND dnr_dnr after sadm == 0 AND glucose_was_missing == 0 AND race_hispanic == 0 AND dnr_dnr before sadm == 0 AND avtisst <= 41.2 AND race_asian == 0 AND dzclass_Coma == 0 AND sex == 1 AND dzgroup_Coma == 0 AND aps <= 93.1 AND ca_yes == 0 AND totmcst <= 2.55e+05 AND glucose <= 502 AND urine <= 3.42e+03 AND dzclass_Cancer == 0 AND race_white == 0 AND dzclass_COPD/CHF/Cirrhosis == 1,1.0
1,1,1.0,1.0,2,2,28,28,num_co == 1 AND scoma <= 35.5 AND charges <= 5.06e+05 AND 10.7 <= sps <= 80.9 AND 55.3 <= aps <= 94.7 AND dementia == 0 AND wblc <= 34.2 AND 65.2 <= hrt <= 165 AND 11.8 <= resp <= 38.2 AND alb <= 7.27 AND 115 <= sod <= 143 AND glucose <= 595 AND 4.06e+03 <= urine <= 7.2e+03 AND adlp_was_missing == 1 AND 0.727 <= adlsc <= 3.27 AND sex == 0 AND income_was_missing == 0 AND dzgroup_CHF == 0 AND dzgroup_Coma == 0 AND dzgroup_MOSF w/Malig == 1 AND dzclass_COPD/CHF/Cirrhosis == 0 AND dzclass_Cancer == 0 AND dzclass_Coma == 0 AND race_black == 1 AND ca_no == 0 AND dnr_dnr after sadm == 1 AND dnr_dnr before sadm == 0 AND dnr_no dnr == 0,1.0
0,1,1.0,1.0,84,84,25,24,dzclass_Coma == 0 AND dzgroup_Cirrhosis == 0 AND dnr_dnr after sadm == 0 AND dementia == 0 AND 8.02 <= hrt <= 141 AND 345 <= urine <= 3.09e+03 AND dzgroup_Coma == 0 AND pafi <= 520 AND adlp_was_missing == 0 AND scoma <= 24 AND 136 <= sod <= 154 AND dzgroup_CHF == 0 AND dzclass_Cancer == 0 AND race_other == 0 AND dnr_no dnr == 1 AND totmcst <= 2.62e+05 AND dnrday <= 104 AND 35.1 <= temp <= 37.6 AND alb <= 7.12 AND 7.11 <= ph <= 7.73 AND bun_was_missing == 1 AND dzgroup_COPD == 1 AND race_black == 0 AND dzgroup_Lung Cancer == 0,1.0
0,1,1.0,1.0,1,1,16,16,race_other == 0 AND avtisst <= 36.5 AND glucose_was_missing == 0 AND adlp == 1 AND bili <= 19.8 AND race_black == 0 AND race_white == 1 AND dnr_dnr before sadm == 0 AND totcst <= 1.7e+05 AND meanbp <= 161 AND ca_no == 0 AND aps <= 93.1 AND dzgroup_COPD == 0 AND dzgroup_Coma == 0 AND dzclass_Coma == 0 AND dnr_dnr after sadm == 0,1.0
1,1,1.0,1.0,3,3,18,18,dnr_no dnr == 0 AND race_hispanic == 0 AND dzgroup_Colon Cancer == 0 AND charges <= 5.18e+05 AND urine_was_missing == 0 AND dzclass_COPD/CHF/Cirrhosis == 0 AND dzclass_Cancer == 0 AND 47.7 <= age <= 98.3 AND pafi <= 391 AND adlp == 0 AND 1.92 <= sps <= 66.3 AND 111 <= sod <= 151 AND race_other == 0 AND 9.18 <= edu <= 22.8 AND 52.8 <= aps <= 118 AND crea <= 7.51 AND adlp_was_missing == 1 AND dzgroup_CHF == 0,1.0
1,1,1.0,1.0,1,1,19,18,dzclass_Cancer == 0 AND dnr_dnr before sadm == 0 AND dnr_dnr after sadm == 1 AND adlp == 0 AND dzclass_COPD/CHF/Cirrhosis == 0 AND totmcst <= 2.58e+05 AND dnrday <= 119 AND 56.8 <= pafi <= 498 AND alb <= 11.3 AND 7.22 <= ph <= 7.7 AND urine_was_missing == 0 AND dzgroup_Colon Cancer == 0 AND race_hispanic == 0 AND race_white == 1 AND income == 1 AND dementia == 0 AND income_was_missing == 0 AND dzgroup_Coma == 1,1.0
0,1,1.0,1.0,7,7,12,12,dnr_dnr after sadm == 0 AND resp <= 33.6 AND glucose_was_missing == 1 AND dzclass_Cancer == 1 AND bun <= 99.2 AND 117 <= sod <= 161 AND race_white == 1 AND 49.2 <= meanbp <= 137 AND race_other == 0 AND crea <= 8.87 AND glucose <= 471 AND urine_was_missing == 1,1.0
1,1,1.0,1.0,4,4,26,26,dzgroup_COPD == 0 AND dzgroup_MOSF w/Malig == 0 AND race_asian == 0 AND dzgroup_Cirrhosis == 0 AND dnr_dnr before sadm == 0 AND avtisst >= 23.5 AND totmcst <= 2.74e+05 AND dementia == 0 AND adlp == 0 AND adlp_was_missing == 1 AND 21.6 <= hrt <= 208 AND dnr_no dnr == 0 AND dnrday <= 71.1 AND ca_yes == 0 AND dzgroup_Colon Cancer == 0 AND 25.1 <= age <= 73.7 AND totcst <= 2.67e+05 AND alb <= 11.2 AND 118 <= sod <= 156 AND 4.09 <= edu <= 19.9 AND bun_was_missing == 1 AND bili <= 20.4 AND 34.7 <= temp <= 41.5 AND charges <= 7.42e+05 AND wblc <= 66.9 AND 13.8 <= resp <= 40.2,1.0
1,1,1.0,1.0,9,9,18,18,urine <= 4.58e+03 AND avtisst >= 23.5 AND adlp == 0 AND dzgroup_COPD == 0 AND dzclass_Cancer == 0 AND race_asian == 0 AND dzgroup_CHF == 0 AND race_hispanic == 0 AND dnrday <= 55.5 AND 21.6 <= hrt <= 185 AND bun_was_missing == 1 AND alb <= 11.2 AND 118 <= sod <= 156 AND dzgroup_MOSF w/Malig == 0 AND dzclass_Coma == 0 AND ca_yes == 0 AND dnr_dnr after sadm == 1 AND dnr_dnr before sadm == 0,1.0
1,1,1.0,1.0,2,2,15,15,avtisst >= 23.5 AND aps <= 101 AND adlp == 0 AND dzgroup_COPD == 0 AND totcst <= 1.58e+05 AND glucose_was_missing == 1 AND dzgroup_Colon Cancer == 0 AND bun <= 113 AND charges <= 4.58e+05 AND 42.8 <= pafi <= 557 AND ca_yes == 0 AND dnr_dnr before sadm == 0 AND hrt <= 140 AND dzclass_COPD/CHF/Cirrhosis == 1 AND race_other == 0,1.0
1,1,1.0,1.0,2,2,14,14,avtisst >= 23.5 AND aps <= 101 AND adlp == 0 AND dzgroup_COPD == 0 AND totcst <= 1.58e+05 AND glucose_was_missing == 1 AND dzgroup_Colon Cancer == 0 AND bun <= 113 AND charges <= 5.1e+05 AND 42.8 <= pafi <= 557 AND ca_yes == 0 AND dnr_dnr before sadm == 0 AND hrt <= 140 AND num_co == 4,1.0
0,1,1.0,1.0,14,14,17,17,wblc <= 71.5 AND race_white == 1 AND dnr_no dnr == 1 AND income_was_missing == 0 AND dzclass_Cancer == 0 AND 29.8 <= meanbp <= 161 AND charges <= 4.27e+05 AND 54.8 <= hrt <= 152 AND race_other == 0 AND 24.5 <= glucose <= 497 AND totcst <= 1.5e+05 AND avtisst <= 36.5 AND dementia == 0 AND glucose_was_missing == 0 AND race_hispanic == 0 AND alb <= 7.87 AND temp >= 35,1.0
0,1,1.0,1.0,9,9,22,22,wblc <= 71.5 AND income_was_missing == 0 AND 29.8 <= meanbp <= 161 AND charges <= 4.27e+05 AND 38.6 <= hrt <= 226 AND race_other == 0 AND glucose <= 497 AND totcst <= 1.5e+05 AND avtisst <= 24.4 AND dementia == 0 AND glucose_was_missing == 0 AND race_hispanic == 0 AND alb <= 7.87 AND totmcst <= 2.62e+05 AND 11.1 <= aps <= 46.8 AND adlsc <= 2.66 AND dzgroup_Cirrhosis == 0 AND dnr_dnr before sadm == 0 AND 60.3 <= age <= 92.1 AND 33.4 <= temp <= 38.3 AND crea <= 7.46 AND 116 <= sod <= 156,1.0
1,1,1.0,1.0,2,2,19,19,race_hispanic == 0 AND dnr_dnr after sadm == 1 AND dnr_no dnr == 0 AND totcst <= 1.97e+05 AND avtisst >= 23.5 AND hrt <= 146 AND dzgroup_Coma == 0 AND dzgroup_CHF == 0 AND 7.22 <= ph <= 7.7 AND adlp == 0 AND dzclass_Cancer == 0 AND dnr_dnr before sadm == 0 AND dzgroup_Colon Cancer == 0 AND ca_yes == 0 AND glucose <= 377 AND 2.11 <= adlsc <= 6.78 AND dzgroup_COPD == 0 AND dzclass_COPD/CHF/Cirrhosis == 0 AND bun_was_missing == 0,1.0
1,1,1.0,1.0,2,2,20,20,race_hispanic == 0 AND dnr_dnr after sadm == 1 AND dnr_no dnr == 0 AND totcst <= 1.97e+05 AND avtisst >= 23.5 AND hrt <= 146 AND dzgroup_Coma == 0 AND dzgroup_CHF == 0 AND 7.22 <= ph <= 7.7 AND adlp == 0 AND dzclass_Cancer == 0 AND dnr_dnr before sadm == 0 AND dzgroup_Colon Cancer == 0 AND ca_yes == 0 AND glucose <= 377 AND 2.11 <= adlsc <= 6.78 AND dzgroup_COPD == 0 AND dzclass_COPD/CHF/Cirrhosis == 0 AND 34.5 <= temp <= 41.1 AND dzclass_Coma == 0,1.0
0,1,1.0,1.0,1,1,14,14,race_other == 0 AND scoma <= 34.5 AND crea <= 7.5 AND dzgroup_Cirrhosis == 0 AND dzgroup_Lung Cancer == 0 AND race_hispanic == 0 AND 28.1 <= age <= 74.1 AND dnrday <= 75.1 AND 0.904 <= adlsc <= 3.1 AND dzclass_COPD/CHF/Cirrhosis == 1 AND adlp_was_missing == 0 AND dzgroup_Coma == 0 AND 6.39 <= aps <= 65.6 AND ca_no == 0,1.0
0,1,1.0,1.0,2,2,21,21,race_other == 0 AND dzgroup_Cirrhosis == 0 AND totcst <= 1.68e+05 AND dzgroup_Colon Cancer == 0 AND race_hispanic == 0 AND wblc <= 80.4 AND crea <= 6.75 AND dzgroup_COPD == 0 AND dzgroup_Lung Cancer == 0 AND race_asian == 0 AND ca_no == 0 AND 51.8 <= meanbp <= 194 AND charges <= 5.43e+05 AND aps <= 46.8 AND resp <= 42.1 AND 7.09 <= ph <= 7.64 AND dzclass_Coma == 0 AND race_black == 0 AND bili <= 18.1 AND glucose <= 329 AND adlp_was_missing == 0,1.0
1,1,1.0,1.0,6,6,24,24,dzgroup_Colon Cancer == 0 AND dzclass_Cancer == 0 AND dementia == 0 AND dzgroup_COPD == 0 AND dzgroup_MOSF w/Malig == 0 AND dnr_no dnr == 0 AND totmcst <= 2.74e+05 AND totcst <= 2.67e+05 AND race_asian == 0 AND 25.1 <= age <= 73.7 AND avtisst >= 31 AND adlp == 0 AND charges <= 4.02e+05 AND urine <= 3.22e+03 AND ca_no == 1 AND hrt >= 21.6 AND dzgroup_CHF == 0 AND alb <= 11.2 AND bun <= 103 AND adlp_was_missing == 1 AND dzgroup_Cirrhosis == 0 AND dzgroup_Lung Cancer == 0 AND ca_yes == 0 AND dnrday <= 87.1,1.0
0,1,1.0,1.0,4,4,16,16,avtisst <= 23.3 AND dzclass_Cancer == 0 AND dnr_dnr after sadm == 0 AND wblc <= 69.8 AND dzgroup_Lung Cancer == 0 AND race_other == 0 AND glucose_was_missing == 1 AND race_asian == 0 AND crea <= 6.67 AND bun <= 114 AND dnrday <= 71.5 AND 7.09 <= ph <= 7.64 AND 0.904 <= adlsc <= 3.1 AND dzgroup_Colon Cancer == 0 AND dzclass_COPD/CHF/Cirrhosis == 1 AND race_black == 0,1.0
0,1,1.0,1.0,3,3,16,16,dementia == 0 AND urine <= 3.94e+03 AND adlp_was_missing == 0 AND dzgroup_Coma == 0 AND dzclass_Cancer == 0 AND race_asian == 0 AND race_other == 0 AND dnr_dnr after sadm == 0 AND race_hispanic == 0 AND dnr_no dnr == 1 AND 0.134 <= bili <= 21.7 AND glucose_was_missing == 0 AND dzgroup_Colon Cancer == 0 AND race_white == 0 AND income_was_missing == 0 AND ca_no == 1,1.0
0,1,1.0,1.0,1,1,15,15,scoma <= 24 AND dementia == 0 AND race_other == 0 AND dnr_no dnr == 1 AND dzgroup_MOSF w/Malig == 0 AND dnr_dnr before sadm == 0 AND alb <= 7.12 AND 7.11 <= ph <= 7.73 AND dzgroup_COPD == 1 AND race_hispanic == 0 AND income_was_missing == 1 AND adlp_was_missing == 0 AND adlsc <= 2.51 AND dzgroup_Coma == 0 AND 7.7 <= meanbp <= 148,1.0
0,1,1.0,1.0,4,4,19,19,dnr_dnr after sadm == 0 AND dzgroup_Cirrhosis == 0 AND avtisst <= 23.3 AND dnr_dnr before sadm == 0 AND dzgroup_Colon Cancer == 0 AND dzgroup_Coma == 0 AND charges <= 4.27e+05 AND dnr_no dnr == 1 AND adlp_was_missing == 0 AND race_other == 0 AND totcst <= 1.7e+05 AND totmcst <= 1.69e+05 AND 47 <= meanbp <= 161 AND resp <= 51.3 AND adlsc <= 2.51 AND dzgroup_COPD == 0 AND diabetes == 0 AND dementia == 0 AND income == 1,1.0
1,1,1.0,1.0,1,1,19,19,dnrday <= 119 AND dementia == 0 AND bun <= 119 AND dnr_no dnr == 0 AND race_hispanic == 0 AND dzgroup_Colon Cancer == 0 AND crea <= 3.38 AND charges <= 5.18e+05 AND urine_was_missing == 0 AND dzclass_COPD/CHF/Cirrhosis == 0 AND dzclass_Cancer == 0 AND scoma >= 10.5 AND 56.8 <= pafi <= 391 AND adlp == 0 AND income_was_missing == 0 AND 1.92 <= sps <= 66.3 AND glucose <= 477 AND dzgroup_Coma == 0 AND dzgroup_Lung Cancer == 0,1.0
0,1,1.0,1.0,5,5,17,17,dnr_dnr after sadm == 0 AND dzgroup_Coma == 0 AND avtisst <= 36.6 AND crea <= 6.74 AND bun <= 130 AND income == 1 AND adlp_was_missing == 0 AND scoma <= 34.5 AND ca_yes == 0 AND totmcst <= 2.76e+05 AND dzgroup_Lung Cancer == 0 AND dzclass_Coma == 0 AND totcst <= 1.75e+05 AND race_asian == 0 AND 5.04 <= resp <= 35 AND alb <= 8.15 AND bun_was_missing == 1,1.0
1,1,1.0,1.0,7,7,20,20,dzgroup_Cirrhosis == 0 AND dzclass_Coma == 0 AND race_hispanic == 0 AND dnr_dnr after sadm == 1 AND dnr_no dnr == 0 AND totcst <= 1.97e+05 AND dzgroup_Coma == 0 AND dementia == 0 AND adlp == 0 AND dzclass_Cancer == 0 AND dnr_dnr before sadm == 0 AND 45 <= age <= 81.9 AND 29.1 <= avtisst <= 62.9 AND diabetes == 0 AND alb <= 10.6 AND dnrday <= 75.4 AND glucose_was_missing == 1 AND dzgroup_Colon Cancer == 0 AND race_other == 0 AND bun_was_missing == 1,1.0
1,1,1.0,1.0,7,7,20,20,dzgroup_Cirrhosis == 0 AND dzclass_Coma == 0 AND race_hispanic == 0 AND dnr_dnr after sadm == 1 AND dnr_no dnr == 0 AND totcst <= 1.97e+05 AND dzgroup_Coma == 0 AND dementia == 0 AND adlp == 0 AND dzclass_Cancer == 0 AND dnr_dnr before sadm == 0 AND 45 <= age <= 81.9 AND 29.1 <= avtisst <= 62.9 AND diabetes == 0 AND alb <= 10.6 AND dnrday <= 75.4 AND glucose_was_missing == 1 AND dzgroup_Colon Cancer == 0 AND race_other == 0 AND urine_was_missing == 1,1.0
0,1,1.0,1.0,1,1,19,19,urine_was_missing == 1 AND dzgroup_Coma == 0 AND avtisst <= 47.2 AND wblc <= 63.8 AND dzclass_COPD/CHF/Cirrhosis == 1 AND dnr_dnr after sadm == 0 AND charges <= 5.05e+05 AND aps <= 46.8 AND bun_was_missing == 1 AND adlp == 0 AND dnr_no dnr == 1 AND adls == 1 AND dzgroup_CHF == 0 AND diabetes == 0 AND crea <= 6.67 AND glucose <= 503 AND dementia == 0 AND sex == 0 AND income == 1,1.0
0,1,1.0,1.0,1,1,16,16,dzgroup_Coma == 0 AND dnr_no dnr == 1 AND scoma <= 16.5 AND aps <= 46.8 AND urine_was_missing == 1 AND ca_yes == 0 AND charges <= 5.05e+05 AND 1.43 <= alb <= 11.6 AND race_asian == 0 AND dnr_dnr after sadm == 0 AND dzgroup_Colon Cancer == 0 AND dzclass_COPD/CHF/Cirrhosis == 1 AND 9.07 <= edu <= 14.5 AND resp <= 51.3 AND race_black == 0 AND dzgroup_CHF == 0,1.0
0,1,1.0,1.0,1,1,28,28,age >= 68.3 AND num_co == 2 AND 2.79 <= edu <= 19.2 AND scoma <= 19.5 AND totcst <= 2.41e+05 AND sps <= 48.9 AND diabetes == 1 AND 5.92 <= resp <= 34.1 AND 33.1 <= temp <= 39.9 AND bili <= 15.4 AND crea <= 8.74 AND 6.99 <= ph <= 7.62 AND bun <= 82.8 AND urine_was_missing == 1 AND adlp_was_missing == 0 AND adls == 2 AND sex == 1 AND dzgroup_Coma == 0 AND dzgroup_Lung Cancer == 0 AND dzclass_Cancer == 1 AND dzclass_Coma == 0 AND race_asian == 0 AND race_black == 0 AND race_other == 1 AND race_white == 0 AND ca_yes == 0 AND dnr_dnr after sadm == 1 AND dnr_no dnr == 0,1.0
1,1,1.0,1.0,1,1,16,16,dzgroup_COPD == 0 AND ca_no == 1 AND ca_yes == 0 AND dnr_dnr after sadm == 1 AND 1.2e+03 <= urine <= 5.7e+03 AND race_other == 0 AND 49.1 <= hrt <= 208 AND dzgroup_Coma == 0 AND dzclass_Coma == 0 AND alb <= 13.3 AND adlp_was_missing == 0 AND dementia == 0 AND dzclass_Cancer == 0 AND race_asian == 0 AND dzgroup_CHF == 1 AND adlp == 5,1.0
1,1,1.0,1.0,2,2,32,32,age >= 66.6 AND num_co == 0 AND 6.88 <= edu <= 17.1 AND totcst <= 1.71e+05 AND 2.75 <= avtisst <= 51.3 AND dnrday <= 68.5 AND 22.9 <= meanbp <= 133 AND 58.5 <= pafi <= 461 AND bili <= 22.7 AND crea <= 8.37 AND 120 <= sod <= 162 AND 7.23 <= ph <= 7.53 AND glucose_was_missing == 1 AND glucose <= 308 AND urine_was_missing == 1 AND urine <= 4.22e+03 AND adlp_was_missing == 1 AND adlp == 0 AND adlsc <= 4.55 AND dzgroup_Cirrhosis == 0 AND dzgroup_Colon Cancer == 0 AND dzgroup_Coma == 1 AND dzclass_Cancer == 0 AND dzclass_Coma == 1 AND race_black == 1 AND race_other == 0 AND race_white == 0 AND ca_no == 1 AND ca_yes == 0 AND dnr_dnr after sadm == 0 AND dnr_dnr before sadm == 0 AND dnr_no dnr == 1,1.0
1,1,1.0,1.0,1,1,26,26,num_co == 3 AND 12.5 <= scoma <= 39.5 AND 8.88e+04 <= totcst <= 3.86e+05 AND 23.8 <= avtisst <= 76.2 AND dementia == 0 AND dnrday <= 55.3 AND wblc <= 58.6 AND 87.7 <= hrt <= 172 AND 36.9 <= temp <= 41.6 AND alb <= 7.13 AND bili <= 25.3 AND crea <= 12.2 AND 7.31 <= ph <= 7.55 AND glucose_was_missing == 1 AND bun <= 107 AND 525 <= urine <= 3.4e+03 AND adlp_was_missing == 1 AND adlp == 0 AND sex == 0 AND income_was_missing == 1 AND dzgroup_Cirrhosis == 0 AND dzgroup_Colon Cancer == 0 AND dzclass_COPD/CHF/Cirrhosis == 0 AND race_hispanic == 0 AND ca_no == 1 AND dnr_no dnr == 1,1.0
0,1,1.0,1.0,1,1,35,35,9.09 <= edu <= 24.9 AND charges <= 8.32e+05 AND 1.15e+05 <= totcst <= 4.19e+05 AND 1.13e+05 <= totmcst <= 3.83e+05 AND 2.08 <= sps <= 57.5 AND 13.4 <= aps <= 72.6 AND diabetes == 0 AND dementia == 0 AND 7.52 <= dnrday <= 198 AND wblc <= 70.8 AND 44.5 <= hrt <= 191 AND 22.6 <= resp <= 53.4 AND 37.8 <= temp <= 40.5 AND pafi <= 289 AND alb <= 12.3 AND bili <= 17.3 AND crea <= 8.54 AND 129 <= sod <= 159 AND 7.27 <= ph <= 7.59 AND glucose <= 340 AND bun <= 122 AND urine <= 4.4e+03 AND adlp_was_missing == 1 AND adlsc <= 1.66 AND dzgroup_COPD == 0 AND dzgroup_Cirrhosis == 0 AND dzgroup_Coma == 1 AND dzclass_Coma == 1 AND race_asian == 0 AND race_black == 0 AND race_hispanic == 0 AND ca_no == 0 AND dnr_dnr after sadm == 1 AND dnr_dnr before sadm == 0 AND dnr_no dnr == 0,1.0
1,1,1.0,1.0,1,1,31,31,age <= 56.3 AND num_co == 4 AND 5.02 <= edu <= 19 AND scoma <= 31.5 AND charges <= 3.88e+05 AND totcst <= 2.42e+05 AND 40.1 <= avtisst <= 70.9 AND 10.8 <= sps <= 42.4 AND aps <= 83.5 AND dnrday <= 69.3 AND 73.6 <= meanbp <= 172 AND 62.5 <= hrt <= 209 AND 10.6 <= resp <= 49.4 AND alb <= 11.6 AND crea <= 3.26 AND glucose <= 356 AND bun <= 135 AND urine_was_missing == 1 AND adlp_was_missing == 1 AND adls == 1 AND 0.824 <= adlsc <= 5.49 AND dzgroup_CHF == 0 AND dzgroup_COPD == 0 AND dzgroup_Cirrhosis == 1 AND dzgroup_Colon Cancer == 0 AND dzgroup_Coma == 0 AND dzgroup_Lung Cancer == 0 AND race_black == 0 AND race_white == 0 AND ca_no == 1 AND ca_yes == 0,1.0
0,1,1.0,1.0,12,12,18,18,dzclass_COPD/CHF/Cirrhosis == 0 AND crea <= 6.74 AND race_black == 0 AND dnr_no dnr == 1 AND 52.5 <= meanbp <= 121 AND age >= 25.8 AND totcst <= 2.47e+05 AND 104 <= pafi <= 344 AND race_other == 0 AND dzgroup_Cirrhosis == 0 AND charges <= 3.45e+05 AND 3.72 <= avtisst <= 25.3 AND 5.48 <= resp <= 34.5 AND income == 1 AND dzgroup_Coma == 0 AND dzgroup_MOSF w/Malig == 0 AND race_asian == 0 AND ca_no == 0,1.0
0,1,1.0,1.0,24,24,15,15,dnr_no dnr == 1 AND dzgroup_COPD == 0 AND avtisst <= 23.3 AND 47 <= meanbp <= 161 AND wblc <= 63.8 AND dnr_dnr after sadm == 0 AND totmcst <= 2.37e+05 AND 36.1 <= temp <= 41.6 AND dzgroup_Cirrhosis == 0 AND ca_no == 1 AND aps <= 46.8 AND diabetes == 0 AND 1.43 <= alb <= 11.6 AND dzgroup_Coma == 0 AND ca_yes == 0,1.0
0,1,1.0,1.0,5,5,15,15,race_other == 0 AND dzgroup_Cirrhosis == 0 AND dnrday <= 75.1 AND totcst <= 1.68e+05 AND dzgroup_Coma == 0 AND dzgroup_Colon Cancer == 0 AND race_hispanic == 0 AND wblc <= 80.4 AND crea <= 6.75 AND adlp_was_missing == 0 AND dzgroup_COPD == 0 AND dzgroup_Lung Cancer == 0 AND race_asian == 0 AND ca_no == 0 AND 51.8 <= meanbp <= 194,1.0
1,1,1.0,1.0,1,1,26,26,dzgroup_COPD == 0 AND dnr_no dnr == 0 AND dementia == 0 AND adlp == 0 AND bili <= 20.7 AND 121 <= sod <= 156 AND avtisst >= 23.5 AND dzclass_Cancer == 0 AND dnr_dnr after sadm == 1 AND 705 <= urine <= 4.94e+03 AND race_other == 0 AND totmcst <= 2.74e+05 AND adls == 0 AND dzgroup_MOSF w/Malig == 0 AND dzclass_COPD/CHF/Cirrhosis == 0 AND edu <= 19.9 AND 80.5 <= meanbp <= 110 AND 34.7 <= temp <= 41.5 AND alb <= 11.2 AND crea <= 6.12 AND bun <= 103 AND adlp_was_missing == 1 AND dzgroup_Cirrhosis == 0 AND dzclass_Coma == 0 AND dnr_dnr before sadm == 0 AND totcst <= 1.4e+05,1.0
1,1,1.0,1.0,7,7,21,21,dzgroup_Colon Cancer == 0 AND dzclass_Cancer == 0 AND dementia == 0 AND dzgroup_COPD == 0 AND dzgroup_MOSF w/Malig == 0 AND dnr_no dnr == 0 AND wblc <= 35.8 AND 118 <= sod <= 144 AND totmcst <= 2.05e+05 AND totcst <= 2.67e+05 AND race_asian == 0 AND 25.1 <= age <= 73.7 AND 31 <= avtisst <= 68.2 AND dnrday <= 49.6 AND adlp == 0 AND charges <= 4.02e+05 AND urine <= 3.22e+03 AND ca_no == 1 AND hrt >= 72.9 AND dzgroup_CHF == 0 AND race_black == 0,1.0
1,1,1.0,1.0,3,3,18,18,dzgroup_MOSF w/Malig == 0 AND avtisst >= 31 AND totmcst <= 2.74e+05 AND dementia == 0 AND dnr_dnr after sadm == 1 AND adlp == 0 AND dzclass_Cancer == 0 AND edu <= 26.4 AND hrt <= 208 AND adls == 1 AND 9.95 <= sps <= 60.4 AND dzgroup_Cirrhosis == 0 AND race_black == 0 AND scoma >= 52.5 AND dnrday <= 71.1 AND 118 <= sod <= 156 AND race_hispanic == 0 AND 45 <= age <= 78.5,1.0
1,1,1.0,1.0,2,2,19,19,dzgroup_MOSF w/Malig == 0 AND dzgroup_Cirrhosis == 0 AND avtisst >= 37.9 AND totmcst <= 1.29e+05 AND adlp == 0 AND adlp_was_missing == 1 AND dzclass_Cancer == 0 AND dnr_no dnr == 0 AND totcst <= 2.31e+05 AND race_black == 0 AND urine <= 4.58e+03 AND dnr_dnr after sadm == 1 AND wblc <= 43.8 AND alb <= 7.5 AND 7 <= ph <= 7.62 AND dzgroup_COPD == 0 AND race_asian == 0 AND race_white == 1 AND 72.8 <= meanbp <= 141,1.0
0,1,1.0,1.0,2,2,19,19,charges <= 6.58e+05 AND dnrday <= 75.1 AND adlsc <= 2.4 AND dzgroup_MOSF w/Malig == 0 AND totmcst <= 5.49e+05 AND dzclass_Coma == 0 AND dementia == 0 AND wblc <= 40.6 AND 118 <= sod <= 156 AND 19.1 <= glucose <= 461 AND income_was_missing == 0 AND dnr_dnr before sadm == 0 AND 1.52 <= sps <= 26.3 AND diabetes == 0 AND 31.5 <= meanbp <= 169 AND adlp_was_missing == 0 AND race_other == 0 AND dnr_dnr after sadm == 1 AND bun_was_missing == 1,1.0
0,1,1.0,1.0,5,5,19,19,dzgroup_Colon Cancer == 0 AND dementia == 0 AND race_black == 0 AND glucose_was_missing == 0 AND race_other == 0 AND adlp_was_missing == 0 AND wblc <= 80.4 AND race_hispanic == 0 AND dnrday <= 75.1 AND crea <= 6.75 AND dzgroup_Cirrhosis == 0 AND dzgroup_Coma == 0 AND charges <= 4.27e+05 AND totmcst <= 1.69e+05 AND 47 <= meanbp <= 161 AND dnr_no dnr == 1 AND num_co == 2 AND bun_was_missing == 0 AND dzclass_Coma == 0,1.0
1,1,1.0,1.0,1,1,29,29,21.5 <= age <= 57.5 AND num_co == 2 AND 2.23 <= edu <= 21.8 AND 1.2e+05 <= totcst <= 4.05e+05 AND 5.24 <= sps <= 51.8 AND diabetes == 1 AND dementia == 0 AND 36.5 <= dnrday <= 188 AND 17.6 <= meanbp <= 116 AND wblc <= 41.1 AND 33.8 <= temp <= 39.2 AND pafi <= 337 AND 131 <= sod <= 169 AND glucose_was_missing == 1 AND bun_was_missing == 1 AND adls == 5 AND 3.27 <= adlsc <= 6.73 AND sex == 1 AND income_was_missing == 1 AND dzgroup_CHF == 0 AND dzgroup_COPD == 0 AND dzgroup_Cirrhosis == 0 AND dzgroup_Colon Cancer == 0 AND dzclass_COPD/CHF/Cirrhosis == 0 AND dzclass_Coma == 0 AND race_hispanic == 0 AND ca_no == 1 AND ca_yes == 0 AND dnr_dnr after sadm == 0,1.0
0,1,1.0,1.0,8,8,18,18,race_other == 0 AND dzgroup_Cirrhosis == 0 AND 30.7 <= age <= 68.4 AND dnr_no dnr == 1 AND charges <= 4.27e+05 AND diabetes == 0 AND dnrday <= 100 AND bun_was_missing == 0 AND ca_no == 1 AND dnr_dnr after sadm == 0 AND dzclass_Coma == 0 AND wblc <= 87.9 AND pafi <= 341 AND bili <= 28.5 AND income == 0 AND dzgroup_Lung Cancer == 0 AND 49 <= hrt <= 161 AND dnr_dnr before sadm == 0,1.0
0,1,1.0,1.0,12,12,17,17,aps <= 46.8 AND bili <= 16.9 AND race_other == 0 AND diabetes == 0 AND dzgroup_Coma == 0 AND dnr_dnr after sadm == 0 AND race_asian == 0 AND race_black == 0 AND dementia == 0 AND dzgroup_CHF == 0 AND adlp_was_missing == 0 AND income_was_missing == 0 AND wblc <= 71.5 AND dzgroup_COPD == 0 AND dzgroup_MOSF w/Malig == 0 AND dnr_no dnr == 1 AND alb <= 12.2,1.0
0,1,1.0,1.0,5,5,20,20,8.02 <= hrt <= 203 AND pafi <= 520 AND dnr_no dnr == 1 AND age >= 25.8 AND dzclass_Coma == 0 AND adls == 1 AND charges <= 5.05e+05 AND 7.11 <= ph <= 7.73 AND urine_was_missing == 1 AND dzgroup_COPD == 0 AND dzgroup_Colon Cancer == 0 AND dementia == 0 AND adlsc <= 2.51 AND 1.94 <= edu <= 26.7 AND 117 <= sod <= 149 AND adlp_was_missing == 0 AND dzgroup_Coma == 0 AND race_asian == 0 AND crea <= 4.61 AND race_other == 0,1.0
0,1,1.0,1.0,1,1,15,15,dzgroup_Cirrhosis == 0 AND race_other == 0 AND dnr_dnr after sadm == 0 AND charges <= 4.27e+05 AND glucose <= 482 AND bun <= 148 AND sex == 0 AND avtisst <= 42.3 AND aps <= 74.9 AND alb <= 12.2 AND bili <= 11.3 AND dzgroup_Coma == 0 AND race_asian == 0 AND temp >= 36.1 AND dnr_no dnr == 0,1.0
1,1,1.0,1.0,1,1,27,27,22.1 <= age <= 65.6 AND num_co == 2 AND scoma >= 67.5 AND totcst <= 8.93e+04 AND 55.2 <= avtisst <= 76.8 AND diabetes == 0 AND dementia == 0 AND meanbp <= 85.2 AND hrt <= 66.9 AND 2.72 <= resp <= 57.3 AND 33.5 <= temp <= 36.5 AND pafi <= 462 AND 6.65 <= bili <= 39.4 AND 3.14 <= crea <= 14.9 AND ph <= 7.42 AND bun_was_missing == 1 AND adlp_was_missing == 1 AND adls == 1 AND adlsc <= 4.42 AND income_was_missing == 0 AND dzgroup_CHF == 0 AND dzgroup_Colon Cancer == 0 AND dzgroup_MOSF w/Malig == 0 AND race_asian == 0 AND race_black == 0 AND race_white == 1 AND dnr_dnr before sadm == 0,1.0
1,1,1.0,1.0,12,12,23,23,pafi <= 524 AND sod <= 151 AND dzgroup_Coma == 0 AND dzgroup_Lung Cancer == 0 AND dnrday <= 55.5 AND 37.8 <= avtisst <= 61.7 AND bili <= 11.9 AND 39 <= meanbp <= 115 AND glucose <= 477 AND glucose_was_missing == 1 AND num_co == 1 AND diabetes == 0 AND wblc <= 36.5 AND bun_was_missing == 1 AND dzclass_COPD/CHF/Cirrhosis == 0 AND 101 <= hrt <= 219 AND race_hispanic == 0 AND charges <= 5.68e+05 AND 16.7 <= resp <= 41.3 AND sex == 0 AND dzgroup_CHF == 0 AND totmcst <= 2.67e+05 AND 0.498 <= crea <= 7.1,1.0
0,1,1.0,1.0,6,6,20,20,dzclass_COPD/CHF/Cirrhosis == 0 AND aps <= 46.8 AND bili <= 16.9 AND crea <= 6.74 AND dnrday <= 114 AND dnr_no dnr == 1 AND age >= 25.8 AND totcst <= 2.47e+05 AND race_other == 0 AND dnr_dnr after sadm == 0 AND 1.94 <= edu <= 20.9 AND dementia == 0 AND 7.11 <= ph <= 7.73 AND glucose <= 581 AND urine_was_missing == 1 AND adlp_was_missing == 0 AND adlsc <= 2.16 AND dzgroup_Colon Cancer == 0 AND wblc <= 65.1 AND dzgroup_Coma == 0,1.0
0,1,1.0,1.0,2,2,17,17,dzgroup_Coma == 0 AND race_other == 0 AND bili <= 12.2 AND dnr_dnr after sadm == 0 AND 113 <= sod <= 155 AND dnrday <= 75.1 AND dnr_no dnr == 1 AND dnr_dnr before sadm == 0 AND income_was_missing == 0 AND 52.5 <= meanbp <= 122 AND 104 <= pafi <= 344 AND dzgroup_CHF == 0 AND dzgroup_Cirrhosis == 0 AND dzclass_Cancer == 1 AND race_black == 0 AND num_co == 2 AND dzgroup_Lung Cancer == 1,1.0
1,1,1.0,1.0,5,5,18,18,race_hispanic == 0 AND dnr_dnr after sadm == 1 AND dnr_no dnr == 0 AND totcst <= 1.97e+05 AND avtisst >= 23.5 AND hrt <= 146 AND dzgroup_Coma == 0 AND dzgroup_CHF == 0 AND 7.22 <= ph <= 7.7 AND adlp == 0 AND dzclass_Cancer == 0 AND dnr_dnr before sadm == 0 AND dzgroup_Colon Cancer == 0 AND ca_yes == 0 AND glucose <= 377 AND 2.11 <= adlsc <= 6.78 AND dzgroup_COPD == 0 AND dzclass_COPD/CHF/Cirrhosis == 0,1.0
1,1,1.0,1.0,1,1,18,18,avtisst <= 40.6 AND dnrday <= 104 AND glucose_was_missing == 1 AND bun_was_missing == 1 AND urine <= 4.62e+03 AND sex == 1 AND dzgroup_Cirrhosis == 0 AND dzgroup_Colon Cancer == 0 AND dzgroup_Coma == 0 AND dzclass_COPD/CHF/Cirrhosis == 0 AND race_black == 0 AND race_other == 0 AND dnr_dnr after sadm == 1 AND dnr_no dnr == 0 AND diabetes == 0 AND bili <= 12.2 AND 9 <= resp <= 31 AND race_white == 0,1.0
1,1,1.0,1.0,1,1,33,33,charges <= 4.05e+05 AND avtisst <= 47.6 AND sps <= 35.9 AND diabetes == 0 AND dementia == 0 AND dnrday <= 77.2 AND 8.5 <= meanbp <= 104 AND 37 <= temp <= 41.3 AND alb <= 10.9 AND bili <= 23.6 AND crea <= 7.72 AND ph >= 7.16 AND glucose_was_missing == 0 AND glucose <= 429 AND bun_was_missing == 0 AND bun <= 97.8 AND urine_was_missing == 0 AND adlp_was_missing == 1 AND adlsc >= 4.35 AND income == 0 AND dzgroup_COPD == 1 AND dzgroup_Cirrhosis == 0 AND dzgroup_Colon Cancer == 0 AND dzgroup_Lung Cancer == 0 AND dzclass_COPD/CHF/Cirrhosis == 1 AND dzclass_Cancer == 0 AND dzclass_Coma == 0 AND race_asian == 0 AND race_other == 0 AND ca_yes == 0 AND dnr_dnr after sadm == 0 AND dnr_dnr before sadm == 0 AND dnr_no dnr == 1,1.0
0,1,1.0,1.0,8,8,20,20,hrt <= 140 AND avtisst <= 37.3 AND adlp_was_missing == 1 AND bili <= 22.5 AND dzgroup_COPD == 0 AND 33.5 <= temp <= 41.2 AND dzclass_COPD/CHF/Cirrhosis == 0 AND race_black == 0 AND dnr_dnr after sadm == 0 AND 46.6 <= age <= 74.2 AND race_asian == 0 AND totcst <= 3.44e+04 AND totmcst <= 2.62e+05 AND 28.5 <= meanbp <= 125 AND dzgroup_Cirrhosis == 0 AND race_other == 0 AND dnr_no dnr == 1 AND wblc <= 55.1 AND adls == 7 AND dzgroup_Colon Cancer == 0,1.0
1,1,1.0,1.0,3,3,30,30,44.2 <= age <= 86.9 AND 9.8 <= edu <= 22.2 AND scoma >= 79.5 AND charges <= 4.25e+05 AND totcst <= 3.02e+04 AND 4.39 <= aps <= 63.6 AND dementia == 0 AND dnrday <= 96.2 AND 19.2 <= meanbp <= 105 AND temp <= 39 AND alb <= 7.02 AND bili <= 23.6 AND crea <= 9.17 AND 117 <= sod <= 155 AND 7.24 <= ph <= 7.62 AND bun <= 111 AND adlp == 0 AND 1.51 <= adlsc <= 3.37 AND sex == 1 AND income_was_missing == 0 AND dzgroup_COPD == 0 AND dzgroup_Cirrhosis == 0 AND dzgroup_Colon Cancer == 0 AND dzgroup_Coma == 1 AND dzgroup_Lung Cancer == 0 AND dzgroup_MOSF w/Malig == 0 AND dzclass_COPD/CHF/Cirrhosis == 0 AND ca_no == 1 AND glucose <= 477 AND dnr_dnr before sadm == 0,1.0
1,1,1.0,1.0,2,2,21,20,dzclass_Cancer == 0 AND dnr_dnr before sadm == 0 AND dnr_no dnr == 0 AND adlp == 0 AND 9.18 <= edu <= 22.8 AND totmcst <= 1.73e+05 AND urine_was_missing == 0 AND dzgroup_CHF == 0 AND race_hispanic == 0 AND avtisst >= 23.5 AND bun <= 113 AND sex == 1 AND scoma <= 39.5 AND dementia == 0 AND 42.8 <= pafi <= 557 AND bili <= 11.3 AND 1.16e+03 <= urine <= 3.4e+03 AND dzgroup_Cirrhosis == 0 AND dzclass_Coma == 0 AND dzgroup_Lung Cancer == 0,1.0
0,1,1.0,1.0,1,1,21,21,hrt <= 140 AND avtisst <= 37.3 AND bili <= 28.5 AND dzclass_COPD/CHF/Cirrhosis == 0 AND race_black == 0 AND dnr_dnr after sadm == 0 AND 33.5 <= age <= 74.2 AND race_asian == 0 AND totcst <= 3.44e+04 AND 61.1 <= meanbp <= 125 AND dzgroup_Cirrhosis == 0 AND race_other == 0 AND dnr_no dnr == 1 AND adls == 7 AND dzgroup_Colon Cancer == 0 AND 1 <= sps <= 60.4 AND 7.08 <= ph <= 7.75 AND glucose_was_missing == 0 AND bun <= 105 AND income_was_missing == 0 AND dzclass_Cancer == 0,1.0
0,1,1.0,1.0,1,1,16,16,race_other == 0 AND dzgroup_Cirrhosis == 0 AND dementia == 0 AND race_asian == 0 AND adlp_was_missing == 0 AND scoma <= 36.5 AND 37.4 <= hrt <= 161 AND 33.8 <= temp <= 38.2 AND dnrday <= 75.1 AND wblc <= 72.2 AND bili <= 22.6 AND 113 <= sod <= 149 AND bun <= 113 AND bun_was_missing == 0 AND adls == 3 AND dnr_no dnr == 0,1.0
0,1,1.0,1.0,1,1,22,22,diabetes == 0 AND sps <= 45.1 AND dzgroup_Cirrhosis == 0 AND charges <= 5e+05 AND meanbp >= 31.5 AND 7.23 <= ph <= 7.59 AND 3.63 <= edu <= 20.4 AND dzclass_Coma == 0 AND race_black == 0 AND alb <= 7.08 AND glucose_was_missing == 0 AND 0.631 <= adlsc <= 5.72 AND dzgroup_Colon Cancer == 0 AND dzclass_COPD/CHF/Cirrhosis == 1 AND totmcst <= 2.27e+05 AND aps <= 46.8 AND adlp == 0 AND dzgroup_COPD == 0 AND race_asian == 0 AND race_other == 0 AND temp >= 35.3 AND race_hispanic == 0,1.0
1,1,1.0,1.0,1,1,30,30,age >= 50.9 AND 28 <= scoma <= 60 AND totcst <= 2.35e+05 AND 6.08 <= avtisst <= 44.6 AND sps <= 54.9 AND aps <= 61.4 AND diabetes == 0 AND dementia == 0 AND 28.8 <= meanbp <= 137 AND resp <= 38.2 AND 33.5 <= temp <= 39.5 AND alb <= 9.72 AND crea <= 4.29 AND glucose_was_missing == 0 AND glucose <= 375 AND bun_was_missing == 0 AND adlp_was_missing == 1 AND 3.05 <= adlsc <= 6.95 AND income == 0 AND dzgroup_CHF == 0 AND dzgroup_COPD == 0 AND dzgroup_Cirrhosis == 0 AND dzgroup_Colon Cancer == 0 AND dzgroup_Coma == 0 AND dzgroup_MOSF w/Malig == 1 AND dzclass_COPD/CHF/Cirrhosis == 0 AND race_asian == 0 AND ca_no == 0 AND dnr_dnr after sadm == 0 AND dnr_no dnr == 0,1.0
0,1,1.0,1.0,4,4,26,26,7.09 <= ph <= 7.75 AND urine <= 4.61e+03 AND adlsc <= 2.66 AND 73.4 <= hrt <= 216 AND resp <= 53.2 AND adlp == 1 AND pafi <= 447 AND charges <= 4.27e+05 AND adlp_was_missing == 0 AND dnr_no dnr == 1 AND 1.87 <= sps <= 35.5 AND race_other == 0 AND race_white == 0 AND bun <= 61.9 AND income == 0 AND totcst <= 9.77e+04 AND dementia == 0 AND dnrday <= 80.5 AND glucose <= 253 AND bun_was_missing == 0 AND income_was_missing == 0 AND dzgroup_COPD == 0 AND dnr_dnr after sadm == 0 AND 56.1 <= age <= 84.6 AND scoma <= 33 AND wblc <= 54,1.0
1,1,1.0,1.0,1,1,20,20,age >= 78.8 AND edu <= 12.2 AND charges <= 3.31e+05 AND 7.41 <= sps <= 48 AND diabetes == 0 AND dementia == 0 AND dnrday <= 98.1 AND wblc <= 70.3 AND 51.4 <= pafi <= 309 AND urine_was_missing == 0 AND 1.52e+03 <= urine <= 3.77e+03 AND adls == 5 AND income == 0 AND dzgroup_CHF == 0 AND dzgroup_Lung Cancer == 0 AND dzclass_Cancer == 0 AND race_black == 1 AND race_white == 0 AND ca_yes == 0 AND dnr_no dnr == 1,1.0
1,1,1.0,1.0,3,3,23,23,dzgroup_Cirrhosis == 0 AND dzclass_Coma == 0 AND race_hispanic == 0 AND dnr_dnr after sadm == 1 AND dnr_no dnr == 0 AND totcst <= 1.97e+05 AND avtisst >= 23.5 AND hrt <= 146 AND bili <= 11.3 AND dzgroup_CHF == 0 AND dementia == 0 AND 7.28 <= ph <= 7.66 AND dnr_dnr before sadm == 0 AND ca_yes == 0 AND 121 <= sod <= 169 AND bun_was_missing == 0 AND dzgroup_COPD == 0 AND dzclass_COPD/CHF/Cirrhosis == 0 AND ca_no == 1 AND 30.8 <= meanbp <= 99.2 AND urine_was_missing == 0 AND diabetes == 0 AND adlp == 0,1.0
1,1,1.0,1.0,2,2,19,19,dnrday <= 119 AND dementia == 0 AND bun <= 119 AND dnr_no dnr == 0 AND race_hispanic == 0 AND dzgroup_Colon Cancer == 0 AND crea <= 3.38 AND charges <= 5.18e+05 AND urine_was_missing == 0 AND dzclass_COPD/CHF/Cirrhosis == 0 AND dzclass_Cancer == 0 AND 47.7 <= age <= 98.3 AND scoma >= 10.5 AND 56.8 <= pafi <= 391 AND adlp == 0 AND income_was_missing == 0 AND 1.92 <= sps <= 66.3 AND 111 <= sod <= 151 AND dzgroup_Coma == 0,1.0
0,1,1.0,1.0,87,87,16,16,dzgroup_Cirrhosis == 0 AND aps <= 46.8 AND crea <= 6.88 AND income_was_missing == 0 AND totcst <= 1.5e+05 AND 21.2 <= age <= 67.3 AND avtisst <= 36.5 AND 54.8 <= hrt <= 189 AND glucose_was_missing == 0 AND race_hispanic == 0 AND 256 <= pafi <= 496 AND dementia == 0 AND resp <= 40.2 AND dzgroup_Colon Cancer == 0 AND dzgroup_MOSF w/Malig == 0 AND dnr_no dnr == 1,1.0
1,1,1.0,1.0,1,1,38,38,age <= 35 AND num_co == 3 AND 16.5 <= scoma <= 57.5 AND charges <= 2.67e+05 AND totcst <= 1.78e+05 AND totmcst <= 2.68e+05 AND 16.3 <= avtisst <= 38.7 AND 8.78 <= sps <= 45.4 AND 21.8 <= aps <= 92.2 AND dementia == 0 AND 56 <= meanbp <= 168 AND wblc <= 61.2 AND 60.2 <= hrt <= 180 AND resp <= 57.2 AND 35.8 <= temp <= 41.5 AND 137 <= pafi <= 446 AND alb <= 8.84 AND 2.79 <= bili <= 24.8 AND glucose_was_missing == 1 AND urine_was_missing == 0 AND urine <= 2.68e+03 AND adlp_was_missing == 1 AND adls == 1 AND adlsc <= 2.1 AND sex == 0 AND income == 0 AND dzgroup_COPD == 0 AND dzgroup_Cirrhosis == 0 AND dzgroup_Colon Cancer == 0 AND dzgroup_Coma == 0 AND dzgroup_Lung Cancer == 0 AND dzclass_Coma == 0 AND race_asian == 0 AND race_hispanic == 1 AND race_other == 0 AND race_white == 0 AND dnr_dnr after sadm == 0 AND dnr_no dnr == 1,1.0
0,1,1.0,1.0,8,8,23,23,dnr_dnr after sadm == 0 AND ph >= 7.11 AND avtisst <= 37.3 AND wblc <= 72.2 AND scoma <= 34.5 AND dzgroup_COPD == 0 AND 120 <= sod <= 156 AND sex == 0 AND dzgroup_Coma == 0 AND dzclass_Coma == 0 AND dnr_dnr before sadm == 0 AND 7.77 <= edu <= 26.7 AND diabetes == 0 AND 7.24 <= hrt <= 127 AND resp <= 51.3 AND adlp == 0 AND income_was_missing == 0 AND income == 0 AND dzclass_COPD/CHF/Cirrhosis == 1 AND charges <= 3.56e+05 AND dementia == 0 AND 32.4 <= temp <= 39.8 AND race_asian == 0,1.0
0,1,1.0,1.0,2,2,20,20,race_other == 0 AND dzgroup_Cirrhosis == 0 AND 30.7 <= age <= 68.4 AND dnr_no dnr == 1 AND diabetes == 0 AND dnrday <= 100 AND bun_was_missing == 0 AND dnr_dnr after sadm == 0 AND dzclass_Coma == 0 AND wblc <= 87.9 AND pafi <= 341 AND income == 0 AND dzgroup_Lung Cancer == 0 AND 49 <= hrt <= 161 AND num_co == 4 AND avtisst <= 31.7 AND crea <= 7.72 AND dzgroup_MOSF w/Malig == 0 AND race_white == 0 AND dzgroup_Coma == 0,1.0
0,1,1.0,1.0,7,7,16,16,dnr_no dnr == 1 AND avtisst <= 30.5 AND alb <= 11.6 AND dnr_dnr after sadm == 0 AND urine <= 5.06e+03 AND dzgroup_Lung Cancer == 0 AND dzgroup_MOSF w/Malig == 0 AND race_other == 0 AND glucose_was_missing == 1 AND race_asian == 0 AND crea <= 6.67 AND bun <= 114 AND 72.2 <= hrt <= 152 AND sex == 0 AND race_black == 1 AND dnr_dnr before sadm == 0,1.0
0,1,1.0,1.0,27,27,15,15,sod <= 155 AND dzgroup_MOSF w/Malig == 0 AND dnrday <= 75.1 AND dzgroup_Cirrhosis == 0 AND race_asian == 0 AND dnr_no dnr == 1 AND race_white == 0 AND wblc <= 66.5 AND dzgroup_Lung Cancer == 0 AND race_hispanic == 0 AND dzgroup_Coma == 0 AND sps <= 48.1 AND dzgroup_COPD == 0 AND dzclass_Cancer == 0 AND bili <= 18.1,1.0
0,1,1.0,1.0,1,1,21,20,dzgroup_Cirrhosis == 0 AND bili <= 16.9 AND dzgroup_MOSF w/Malig == 0 AND race_other == 0 AND glucose_was_missing == 0 AND ca_yes == 0 AND dzgroup_Colon Cancer == 0 AND 7.25 <= ph <= 7.49 AND dzgroup_Lung Cancer == 1 AND totmcst <= 2.78e+05 AND avtisst <= 32.8 AND dnrday <= 85.6 AND 126 <= sod <= 152 AND bun_was_missing == 0 AND race_black == 1 AND race_hispanic == 0 AND ca_no == 0 AND dementia == 0 AND race_asian == 0 AND resp <= 34.7,1.0
1,1,1.0,1.0,8,8,20,20,dzgroup_Cirrhosis == 0 AND dzclass_Coma == 0 AND race_hispanic == 0 AND dnr_dnr after sadm == 1 AND avtisst >= 23.5 AND urine <= 4.94e+03 AND dnr_dnr before sadm == 0 AND ca_yes == 0 AND 118 <= sod <= 156 AND adlp == 0 AND dzgroup_MOSF w/Malig == 0 AND dnrday <= 71.1 AND 34.7 <= temp <= 41.5 AND alb <= 11.2 AND dzgroup_COPD == 0 AND race_asian == 0 AND bun_was_missing == 1 AND dzgroup_Colon Cancer == 0 AND totmcst <= 1.66e+05 AND race_white == 1,1.0
0,1,1.0,1.0,3,3,18,18,dnr_dnr after sadm == 0 AND glucose_was_missing == 0 AND dzgroup_Cirrhosis == 0 AND dnr_dnr before sadm == 0 AND dzgroup_COPD == 0 AND race_asian == 0 AND dzclass_Coma == 0 AND totcst <= 9.77e+04 AND dzgroup_Coma == 0 AND ca_yes == 0 AND 30.7 <= age <= 68.4 AND scoma <= 34.5 AND 31.5 <= meanbp <= 169 AND sod <= 155 AND dzgroup_MOSF w/Malig == 0 AND dzclass_COPD/CHF/Cirrhosis == 1 AND dnr_no dnr == 1 AND race_black == 0,1.0
0,1,1.0,1.0,4,4,21,21,dnr_no dnr == 1 AND totcst <= 1.5e+05 AND resp <= 51.3 AND 7.77 <= edu <= 14.5 AND aps <= 46.8 AND bun_was_missing == 1 AND adlp == 0 AND charges <= 5.05e+05 AND avtisst <= 47.2 AND 115 <= sod <= 151 AND dzclass_Cancer == 0 AND dnr_dnr after sadm == 0 AND bun <= 125 AND urine <= 4.58e+03 AND sex == 0 AND income_was_missing == 0 AND dzgroup_COPD == 0 AND dzgroup_Lung Cancer == 0 AND dzclass_COPD/CHF/Cirrhosis == 1 AND dzclass_Coma == 0 AND dzgroup_Cirrhosis == 0,1.0
0,1,1.0,1.0,8,8,20,20,dnr_dnr after sadm == 0 AND glucose_was_missing == 0 AND race_hispanic == 0 AND bun_was_missing == 0 AND aps <= 46.8 AND dnr_dnr before sadm == 0 AND race_black == 0 AND adlp == 0 AND dzgroup_COPD == 0 AND sps <= 45.1 AND bili <= 18.1 AND race_asian == 0 AND ca_yes == 0 AND totmcst <= 2.27e+05 AND dementia == 0 AND glucose <= 969 AND urine <= 5.3e+03 AND urine_was_missing == 0 AND sex == 1 AND dnr_no dnr == 1,1.0
1,1,1.0,1.0,3,3,25,25,avtisst >= 23.5 AND adlp == 0 AND dzgroup_Cirrhosis == 0 AND income_was_missing == 1 AND dzgroup_Lung Cancer == 0 AND dzgroup_CHF == 0 AND dnrday <= 55.5 AND 1.03 <= hrt <= 185 AND glucose <= 326 AND 39 <= meanbp <= 115 AND 7 <= ph <= 7.62 AND dzgroup_Colon Cancer == 0 AND dzclass_COPD/CHF/Cirrhosis == 0 AND dzclass_Coma == 0 AND dnr_dnr after sadm == 1 AND totmcst <= 2.62e+05 AND race_asian == 0 AND sps <= 62.2 AND crea <= 3.38 AND bun <= 119 AND 480 <= urine <= 3.45e+03 AND race_other == 0 AND totcst <= 1.59e+05 AND 5.91 <= aps <= 58.1 AND pafi <= 490,1.0
0,1,1.0,1.0,10,10,18,18,crea <= 7.15 AND race_other == 0 AND dnr_no dnr == 1 AND avtisst <= 24.4 AND dzgroup_MOSF w/Malig == 0 AND race_asian == 0 AND glucose_was_missing == 0 AND dnr_dnr before sadm == 0 AND 36.4 <= hrt <= 141 AND sex == 1 AND dzgroup_Coma == 0 AND race_hispanic == 0 AND totcst <= 1.26e+05 AND aps <= 57.7 AND 31.5 <= meanbp <= 161 AND 7.24 <= ph <= 7.5 AND bun_was_missing == 0 AND adlp == 0,1.0
0,1,1.0,1.0,4,4,13,13,race_other == 0 AND totcst <= 1.68e+05 AND dzgroup_Colon Cancer == 0 AND race_hispanic == 0 AND adlp_was_missing == 0 AND dzgroup_COPD == 0 AND dzgroup_Lung Cancer == 0 AND race_asian == 0 AND ca_no == 0 AND glucose <= 969 AND urine <= 5.3e+03 AND dnr_dnr before sadm == 0 AND glucose_was_missing == 0,1.0
0,1,1.0,1.0,5,5,20,20,dzgroup_Coma == 0 AND race_other == 0 AND 1.94 <= edu <= 20.9 AND bili <= 16.9 AND glucose <= 581 AND dzgroup_Colon Cancer == 0 AND dnr_dnr after sadm == 0 AND 113 <= sod <= 155 AND 7.11 <= ph <= 7.73 AND dementia == 0 AND dnrday <= 75.1 AND urine_was_missing == 1 AND dnr_no dnr == 1 AND age >= 25.8 AND adlp_was_missing == 0 AND ca_no == 0 AND dnr_dnr before sadm == 0 AND adlsc <= 2.16 AND income_was_missing == 0 AND dzgroup_COPD == 0,1.0
1,1,1.0,1.0,4,4,20,20,dzgroup_COPD == 0 AND dnr_no dnr == 0 AND dementia == 0 AND dnrday <= 49.6 AND adlp == 0 AND hrt >= 72.9 AND bili <= 10.6 AND 121 <= sod <= 144 AND dzgroup_CHF == 0 AND race_black == 0 AND 23.5 <= avtisst <= 68.2 AND dzclass_Cancer == 0 AND dnr_dnr after sadm == 1 AND 705 <= urine <= 3.22e+03 AND race_hispanic == 0 AND race_other == 0 AND totmcst <= 2.05e+05 AND adls == 0 AND dzgroup_MOSF w/Malig == 0 AND dzclass_COPD/CHF/Cirrhosis == 0,1.0
1,1,1.0,1.0,7,7,19,18,dzclass_Cancer == 0 AND dnr_dnr before sadm == 0 AND dnr_dnr after sadm == 1 AND dnr_no dnr == 0 AND adlp == 0 AND 9.18 <= edu <= 22.8 AND dzclass_COPD/CHF/Cirrhosis == 0 AND totmcst <= 1.73e+05 AND 7.22 <= ph <= 7.7 AND urine_was_missing == 0 AND dzgroup_CHF == 0 AND race_hispanic == 0 AND avtisst >= 23.5 AND glucose <= 377 AND bun <= 113 AND 2.11 <= adlsc <= 6.78 AND dzgroup_COPD == 0 AND sex == 1,1.0
1,1,1.0,1.0,1,1,34,34,31 <= age <= 84.6 AND edu <= 21.3 AND scoma <= 18 AND charges <= 2.96e+05 AND totcst <= 1.94e+05 AND 9.17 <= sps <= 42.8 AND aps <= 55.8 AND diabetes == 0 AND dementia == 0 AND 58.5 <= meanbp <= 117 AND wblc <= 66.1 AND 33.1 <= temp <= 38.9 AND pafi <= 541 AND crea <= 4.52 AND glucose_was_missing == 1 AND glucose <= 293 AND bun_was_missing == 1 AND bun <= 102 AND urine <= 5.12e+03 AND adlp_was_missing == 0 AND adlp == 1 AND income_was_missing == 0 AND dzgroup_CHF == 0 AND dzgroup_Cirrhosis == 0 AND dzgroup_Colon Cancer == 0 AND dzgroup_Coma == 0 AND dzgroup_Lung Cancer == 1 AND race_black == 0 AND race_hispanic == 0 AND race_white == 1 AND ca_yes == 0 AND dnr_dnr after sadm == 1 AND dnr_dnr before sadm == 0 AND dnr_no dnr == 0,1.0
0,1,1.0,1.0,10,10,16,16,dnr_dnr after sadm == 0 AND urine <= 4.52e+03 AND race_other == 0 AND race_hispanic == 0 AND race_asian == 0 AND num_co == 1 AND 1.94 <= edu <= 18 AND wblc <= 69.8 AND dzclass_Cancer == 0 AND hrt <= 138 AND dzgroup_Colon Cancer == 0 AND 18.3 <= aps <= 46.8 AND bili <= 18.5 AND ca_yes == 0 AND adlsc <= 2.19 AND income_was_missing == 0,1.0
0,1,1.0,1.0,4,4,19,19,dzgroup_Coma == 0 AND race_other == 0 AND glucose <= 581 AND dzgroup_Colon Cancer == 0 AND dnr_dnr after sadm == 0 AND 7.11 <= ph <= 7.73 AND dementia == 0 AND urine_was_missing == 1 AND adlp_was_missing == 0 AND ca_no == 0 AND dnr_dnr before sadm == 0 AND adlsc <= 2.16 AND income_was_missing == 0 AND aps <= 46.8 AND bun <= 79.8 AND dzgroup_Cirrhosis == 0 AND dzgroup_MOSF w/Malig == 0 AND race_black == 0 AND race_white == 1,1.0
0,1,1.0,1.0,7,7,21,21,dementia == 0 AND dnr_dnr after sadm == 0 AND dnr_dnr before sadm == 0 AND scoma <= 34.5 AND race_other == 0 AND adlp == 0 AND charges <= 5e+05 AND income_was_missing == 0 AND dzgroup_Coma == 0 AND race_hispanic == 0 AND bun_was_missing == 1 AND age >= 25.8 AND 1.94 <= edu <= 24.4 AND dnrday <= 75.1 AND bili <= 16.9 AND 113 <= sod <= 155 AND dnr_no dnr == 1 AND diabetes == 0 AND 7.18 <= ph <= 7.66 AND income == 1 AND dzclass_Coma == 0,1.0
1,1,1.0,1.0,5,5,20,20,dzgroup_COPD == 0 AND adlp == 0 AND bun <= 113 AND age >= 55 AND charges <= 4.67e+05 AND race_other == 0 AND totcst <= 1.29e+05 AND dzgroup_Colon Cancer == 0 AND race_hispanic == 0 AND totmcst <= 2.19e+05 AND avtisst >= 37.8 AND dnrday <= 77.1 AND 39 <= meanbp <= 115 AND alb <= 11.7 AND bili <= 9.71 AND dzclass_COPD/CHF/Cirrhosis == 0 AND dzclass_Coma == 0 AND race_asian == 0 AND num_co == 1 AND dzgroup_MOSF w/Malig == 0,1.0
1,1,1.0,1.0,1,1,33,33,num_co == 1 AND 4.69 <= edu <= 27.3 AND 5.93 <= aps <= 82.1 AND 31.1 <= meanbp <= 113 AND wblc <= 43.8 AND 82.7 <= hrt <= 167 AND resp <= 25.2 AND pafi <= 552 AND bili <= 22.9 AND crea <= 5.9 AND 127 <= sod <= 147 AND 7.12 <= ph <= 7.6 AND glucose_was_missing == 0 AND glucose <= 362 AND urine_was_missing == 0 AND adlp_was_missing == 1 AND adls == 1 AND 0.63 <= adlsc <= 4.87 AND sex == 0 AND income_was_missing == 0 AND income == 3 AND dzgroup_CHF == 0 AND dzgroup_COPD == 0 AND dzgroup_Coma == 0 AND dzgroup_MOSF w/Malig == 1 AND dzclass_COPD/CHF/Cirrhosis == 0 AND dzclass_Cancer == 0 AND race_asian == 0 AND race_black == 0 AND race_hispanic == 0 AND race_white == 1 AND ca_yes == 0 AND dnr_dnr after sadm == 0,1.0
1,1,1.0,1.0,1,1,22,22,dzgroup_COPD == 0 AND dnr_no dnr == 0 AND 30.8 <= aps <= 77.2 AND 25.4 <= age <= 63.9 AND 32 <= meanbp <= 108 AND dementia == 0 AND adlp == 0 AND income_was_missing == 1 AND totcst <= 1.49e+05 AND 9.18 <= edu <= 22.8 AND totmcst <= 1.02e+05 AND hrt >= 72.9 AND alb <= 11.9 AND adlp_was_missing == 1 AND dzgroup_Lung Cancer == 0 AND dzclass_COPD/CHF/Cirrhosis == 0 AND dnr_dnr after sadm == 1 AND dnr_dnr before sadm == 0 AND dnrday <= 109 AND ph >= 7.16 AND sex == 0 AND ca_yes == 0,1.0
0,1,1.0,1.0,4,4,21,21,scoma <= 34.5 AND diabetes == 0 AND sps <= 48 AND num_co == 1 AND totcst <= 1.7e+05 AND race_other == 0 AND dnr_no dnr == 1 AND avtisst <= 47.2 AND dementia == 0 AND glucose <= 482 AND race_black == 0 AND totmcst <= 2.79e+05 AND crea <= 7.3 AND dzgroup_Lung Cancer == 0 AND bun <= 84.3 AND hrt <= 140 AND urine <= 5.3e+03 AND dzgroup_Colon Cancer == 1 AND race_asian == 0 AND dnr_dnr after sadm == 0 AND income_was_missing == 1,1.0
0,1,1.0,1.0,2,2,22,22,avtisst <= 42.3 AND race_other == 0 AND dnr_no dnr == 1 AND edu <= 26.7 AND race_black == 0 AND pafi <= 457 AND dzgroup_Cirrhosis == 0 AND dzgroup_COPD == 0 AND charges <= 2.05e+05 AND aps <= 74.9 AND 7.9 <= meanbp <= 129 AND wblc <= 118 AND ca_no == 0 AND dnr_dnr before sadm == 0 AND dzclass_Coma == 0 AND glucose_was_missing == 0 AND bun_was_missing == 0 AND adlp == 0 AND race_hispanic == 0 AND dnr_dnr after sadm == 0 AND dzgroup_MOSF w/Malig == 1 AND dzclass_Cancer == 0,1.0
0,1,1.0,1.0,8,8,15,15,race_other == 0 AND dzgroup_Cirrhosis == 0 AND dzgroup_Lung Cancer == 0 AND avtisst <= 25.3 AND charges <= 5e+05 AND 41.4 <= hrt <= 119 AND 7.2 <= ph <= 7.72 AND race_hispanic == 0 AND dementia == 0 AND alb <= 8.95 AND glucose <= 969 AND urine <= 5.3e+03 AND adlp_was_missing == 0 AND income_was_missing == 1 AND dzgroup_MOSF w/Malig == 0,1.0
0,1,1.0,1.0,32,32,17,17,dnr_dnr after sadm == 0 AND dnr_dnr before sadm == 0 AND dzgroup_Colon Cancer == 0 AND dzgroup_Coma == 0 AND dnr_no dnr == 1 AND adlp_was_missing == 0 AND race_other == 0 AND totmcst <= 2.37e+05 AND charges <= 4.27e+05 AND totcst <= 1.7e+05 AND avtisst <= 23.3 AND 2.03 <= sps <= 47.6 AND diabetes == 0 AND 47 <= meanbp <= 161 AND 33.9 <= hrt <= 106 AND dzgroup_Cirrhosis == 0 AND adlsc <= 1.27,1.0
0,1,1.0,1.0,6,6,17,17,urine <= 5.3e+03 AND alb <= 11.6 AND race_hispanic == 0 AND ca_yes == 0 AND dzgroup_Cirrhosis == 0 AND race_other == 0 AND race_white == 1 AND dnr_dnr after sadm == 0 AND dnr_dnr before sadm == 0 AND crea <= 7.15 AND glucose <= 581 AND income_was_missing == 1 AND income == 1 AND dzgroup_CHF == 0 AND dzgroup_Lung Cancer == 0 AND dzclass_Cancer == 0 AND urine_was_missing == 0,1.0
0,1,1.0,1.0,8,8,20,20,dzgroup_Cirrhosis == 0 AND race_other == 0 AND avtisst <= 42.3 AND meanbp <= 169 AND dnrday <= 75.1 AND dnr_dnr after sadm == 0 AND race_white == 1 AND ca_yes == 0 AND sod <= 149 AND race_hispanic == 0 AND 1.22 <= aps <= 78.8 AND dzgroup_MOSF w/Malig == 0 AND ca_no == 1 AND num_co == 1 AND dementia == 0 AND bili <= 16.9 AND adlsc <= 1.87 AND dzgroup_Coma == 0 AND adls == 0 AND dnr_dnr before sadm == 0,1.0
1,1,1.0,1.0,11,11,18,18,dzgroup_COPD == 0 AND dzgroup_Cirrhosis == 0 AND dzgroup_MOSF w/Malig == 0 AND race_hispanic == 0 AND adlp == 0 AND dzclass_COPD/CHF/Cirrhosis == 0 AND dnr_no dnr == 0 AND 58.1 <= age <= 98.3 AND dnr_dnr before sadm == 0 AND diabetes == 1 AND scoma <= 23 AND totcst <= 1.97e+05 AND 37 <= avtisst <= 60 AND wblc <= 64.5 AND bun <= 110 AND income_was_missing == 1 AND race_other == 0 AND ca_yes == 0,1.0
1,1,1.0,1.0,1,1,26,26,18 <= scoma <= 56 AND 26.7 <= sps <= 93.1 AND dnrday <= 95.3 AND 16.2 <= meanbp <= 138 AND wblc <= 71.1 AND 96.7 <= hrt <= 171 AND glucose <= 348 AND bun_was_missing == 0 AND bun <= 71.8 AND 1.72e+03 <= urine <= 6.13e+03 AND adlp_was_missing == 1 AND adlp == 0 AND adls == 6 AND adlsc >= 3.63 AND sex == 1 AND income_was_missing == 0 AND dzgroup_CHF == 0 AND dzgroup_Cirrhosis == 0 AND dzgroup_MOSF w/Malig == 1 AND dzclass_COPD/CHF/Cirrhosis == 0 AND dzclass_Cancer == 0 AND race_black == 1 AND race_other == 0 AND ca_yes == 0 AND dnr_dnr after sadm == 0 AND dnr_dnr before sadm == 0,1.0
0,1,1.0,1.0,10,10,26,26,urine <= 5.3e+03 AND crea <= 6.42 AND 7.09 <= ph <= 7.75 AND dzclass_Cancer == 0 AND urine_was_missing == 0 AND age >= 25.8 AND 1.62 <= edu <= 22.4 AND pafi <= 457 AND race_asian == 0 AND sex == 1 AND dzgroup_CHF == 0 AND scoma <= 18.5 AND totmcst <= 1.55e+05 AND avtisst <= 18.8 AND dementia == 0 AND dnrday <= 108 AND wblc <= 56.6 AND 27.8 <= hrt <= 192 AND bili <= 11.9 AND glucose_was_missing == 0 AND dzgroup_Cirrhosis == 0 AND dzgroup_Lung Cancer == 0 AND ca_no == 0 AND 14.8 <= resp <= 41.2 AND sps <= 41.6 AND adlp == 0,1.0
0,1,1.0,1.0,4,4,22,22,dzgroup_Coma == 0 AND 25.8 <= age <= 81.1 AND race_other == 0 AND dzgroup_COPD == 0 AND race_black == 0 AND dnr_dnr before sadm == 0 AND dzclass_Coma == 0 AND dzclass_COPD/CHF/Cirrhosis == 1 AND dementia == 0 AND glucose_was_missing == 1 AND dzgroup_MOSF w/Malig == 0 AND avtisst <= 21.5 AND adls == 2 AND dnr_no dnr == 0 AND 0.995 <= edu <= 23 AND charges <= 4.27e+05 AND pafi <= 490 AND crea <= 5.92 AND dzclass_Cancer == 0 AND race_white == 1 AND wblc <= 48.5 AND 0.196 <= adlsc <= 3.8,1.0
0,1,1.0,1.0,2,2,17,17,race_other == 0 AND dnr_dnr after sadm == 0 AND dzgroup_Cirrhosis == 0 AND race_hispanic == 0 AND dnr_dnr before sadm == 0 AND dzgroup_COPD == 0 AND avtisst <= 41.2 AND bili <= 19.8 AND race_asian == 0 AND dzclass_Coma == 0 AND sex == 1 AND 4.93e+04 <= totmcst <= 2.37e+05 AND totcst <= 9.77e+04 AND dzgroup_Coma == 0 AND aps <= 93.1 AND ca_yes == 0 AND 5.3 <= edu <= 26.7,1.0
0,1,1.0,1.0,26,26,16,16,race_other == 0 AND dnr_dnr after sadm == 0 AND glucose_was_missing == 0 AND dzgroup_Cirrhosis == 0 AND race_hispanic == 0 AND dnr_dnr before sadm == 0 AND dzgroup_COPD == 0 AND avtisst <= 41.2 AND bili <= 19.8 AND race_asian == 0 AND dzclass_Coma == 0 AND sex == 1 AND totcst <= 9.77e+04 AND dzgroup_Coma == 0 AND aps <= 93.1 AND ca_yes == 0,1.0
0,1,1.0,1.0,1,1,17,17,dnr_dnr after sadm == 0 AND urine_was_missing == 1 AND race_other == 0 AND alb <= 9.01 AND bun <= 99.2 AND dzclass_Coma == 0 AND dnr_no dnr == 1 AND dzgroup_CHF == 0 AND race_asian == 0 AND totmcst <= 2.48e+05 AND 31.5 <= meanbp <= 86 AND 7.23 <= ph <= 7.57 AND dzgroup_MOSF w/Malig == 0 AND race_white == 1 AND scoma <= 24.5 AND wblc <= 45.1 AND income == 2,1.0
0,1,1.0,1.0,7,7,22,22,dnr_no dnr == 1 AND 47 <= meanbp <= 161 AND dzgroup_Coma == 0 AND race_hispanic == 0 AND dnr_dnr before sadm == 0 AND dzgroup_MOSF w/Malig == 0 AND totcst <= 2.11e+05 AND sps <= 48.1 AND adlsc <= 1.13 AND dzgroup_COPD == 0 AND ca_yes == 0 AND dnr_dnr after sadm == 0 AND aps <= 38.7 AND dementia == 0 AND crea <= 7.4 AND glucose_was_missing == 1 AND dzgroup_Lung Cancer == 0 AND race_other == 0 AND bili <= 21.6 AND bun_was_missing == 1 AND adls == 1 AND race_asian == 0,1.0
1,1,1.0,1.0,3,3,16,16,dzgroup_MOSF w/Malig == 0 AND dnr_no dnr == 0 AND 58.7 <= hrt <= 208 AND dzclass_Cancer == 0 AND dnr_dnr before sadm == 0 AND dzgroup_CHF == 0 AND age <= 50.5 AND dzgroup_Coma == 0 AND dzgroup_Lung Cancer == 0 AND 1.76e+04 <= totcst <= 4.01e+05 AND race_white == 0 AND ca_no == 1 AND race_asian == 0 AND alb <= 9.53 AND race_other == 0 AND dnr_dnr after sadm == 1,1.0
0,1,1.0,1.0,7,7,18,18,race_other == 0 AND dnr_dnr after sadm == 0 AND glucose_was_missing == 0 AND dzgroup_Cirrhosis == 0 AND dnr_dnr before sadm == 0 AND dzgroup_COPD == 0 AND race_asian == 0 AND dzclass_Coma == 0 AND totcst <= 9.77e+04 AND dzgroup_Coma == 0 AND ca_yes == 0 AND 30.7 <= age <= 68.4 AND scoma <= 34.5 AND 31.5 <= meanbp <= 169 AND sod <= 155 AND dzgroup_MOSF w/Malig == 0 AND dzclass_COPD/CHF/Cirrhosis == 1 AND dnr_no dnr == 1,1.0
0,1,1.0,1.0,2,2,17,17,urine_was_missing == 1 AND dzgroup_Coma == 0 AND avtisst <= 47.2 AND wblc <= 40.6 AND dzclass_COPD/CHF/Cirrhosis == 1 AND race_black == 0 AND dnr_dnr after sadm == 0 AND 7.77 <= edu <= 14.5 AND charges <= 5.05e+05 AND aps <= 46.8 AND resp <= 51.3 AND bun_was_missing == 1 AND adlp == 0 AND dnr_no dnr == 1 AND adlp_was_missing == 1 AND adls == 1 AND dzgroup_CHF == 0,1.0
0,1,1.0,1.0,1,1,19,19,dnr_dnr after sadm == 0 AND dnr_no dnr == 1 AND adlp_was_missing == 0 AND race_other == 0 AND adlsc <= 2.51 AND age >= 25.8 AND dementia == 0 AND alb <= 9.25 AND ca_yes == 0 AND totmcst <= 2.89e+05 AND sps <= 54.8 AND meanbp <= 161 AND 113 <= hrt <= 217 AND 104 <= pafi <= 457 AND dzgroup_Colon Cancer == 1 AND race_asian == 0 AND wblc <= 51.6 AND dzclass_Coma == 0 AND race_black == 0,1.0
0,1,1.0,1.0,9,9,18,18,dnr_dnr after sadm == 0 AND 7.09 <= ph <= 7.75 AND race_hispanic == 0 AND income_was_missing == 0 AND dzgroup_Cirrhosis == 0 AND dzgroup_Coma == 0 AND adlp_was_missing == 0 AND dnr_no dnr == 1 AND avtisst <= 21.5 AND sod <= 165 AND glucose_was_missing == 1 AND crea <= 8.39 AND race_other == 0 AND 25.8 <= age <= 90 AND 81.9 <= meanbp <= 156 AND dzgroup_MOSF w/Malig == 0 AND dzclass_Cancer == 1 AND ca_yes == 0,1.0
0,1,1.0,1.0,23,23,15,15,dzgroup_Coma == 0 AND race_hispanic == 0 AND dnr_no dnr == 1 AND pafi <= 489 AND dementia == 0 AND glucose_was_missing == 1 AND race_other == 0 AND totcst <= 2.47e+05 AND aps <= 65.9 AND dzgroup_CHF == 0 AND dzgroup_Cirrhosis == 0 AND scoma <= 35.5 AND income_was_missing == 0 AND adlp == 0 AND adlsc <= 2.66,1.0
1,1,1.0,1.0,4,4,24,24,dzgroup_Cirrhosis == 0 AND dzclass_Coma == 0 AND race_hispanic == 0 AND dnr_dnr after sadm == 1 AND avtisst >= 23.5 AND urine <= 4.94e+03 AND dzclass_Cancer == 0 AND ca_yes == 0 AND 25.1 <= age <= 73.7 AND 7.5 <= edu <= 19.9 AND 118 <= sod <= 156 AND adlp == 0 AND dzgroup_MOSF w/Malig == 0 AND charges <= 4.02e+05 AND totmcst <= 2.74e+05 AND dnrday <= 71.1 AND 34.7 <= temp <= 41.5 AND alb <= 11.2 AND adlp_was_missing == 1 AND dzgroup_COPD == 0 AND race_asian == 0 AND bun_was_missing == 1 AND scoma <= 15 AND 26.6 <= hrt <= 193,1.0
1,1,1.0,1.0,11,11,20,20,dzgroup_Cirrhosis == 0 AND dzclass_Coma == 0 AND race_hispanic == 0 AND dnr_dnr after sadm == 1 AND avtisst >= 23.5 AND urine <= 4.94e+03 AND dzclass_Cancer == 0 AND dnr_dnr before sadm == 0 AND ca_yes == 0 AND 118 <= sod <= 156 AND adlp == 0 AND dzgroup_MOSF w/Malig == 0 AND dnrday <= 71.1 AND 34.7 <= temp <= 41.5 AND alb <= 11.2 AND adlp_was_missing == 1 AND dzgroup_COPD == 0 AND race_asian == 0 AND bun_was_missing == 1 AND dzgroup_Colon Cancer == 0,1.0
1,1,1.0,1.0,7,7,20,20,dzgroup_Cirrhosis == 0 AND dzclass_Coma == 0 AND race_hispanic == 0 AND dnr_dnr after sadm == 1 AND avtisst >= 23.5 AND urine <= 4.94e+03 AND dzclass_Cancer == 0 AND dnr_dnr before sadm == 0 AND ca_yes == 0 AND 25.1 <= age <= 73.7 AND dzgroup_MOSF w/Malig == 0 AND charges <= 4.02e+05 AND totcst <= 2.67e+05 AND totmcst <= 2.74e+05 AND dnrday <= 71.1 AND alb <= 11.2 AND adlp_was_missing == 1 AND dzgroup_COPD == 0 AND race_asian == 0 AND bun_was_missing == 1,1.0
0,1,1.0,1.0,2,2,18,18,dzclass_COPD/CHF/Cirrhosis == 1 AND adlp_was_missing == 0 AND dzclass_Coma == 0 AND dzgroup_Cirrhosis == 0 AND dzgroup_MOSF w/Malig == 0 AND sod <= 155 AND dnr_no dnr == 1 AND wblc <= 66.8 AND 33.8 <= temp <= 39.2 AND income_was_missing == 0 AND race_white == 1 AND ca_yes == 0 AND dnr_dnr before sadm == 0 AND dementia == 0 AND totmcst <= 1.12e+05 AND diabetes == 1 AND resp <= 36.6 AND adlp == 1,1.0
0,1,1.0,1.0,1,1,12,12,dnr_no dnr == 1 AND resp <= 51.3 AND urine_was_missing == 1 AND dzclass_Cancer == 0 AND dnr_dnr after sadm == 0 AND sps <= 46 AND dzgroup_Lung Cancer == 0 AND race_other == 0 AND aps <= 84.9 AND adlp_was_missing == 1 AND adlp == 0 AND adls == 3,1.0
0,1,1.0,1.0,2,2,21,21,aps <= 80.6 AND urine_was_missing == 1 AND avtisst <= 47.2 AND alb <= 11.6 AND dnr_dnr after sadm == 0 AND glucose_was_missing == 1 AND bun <= 114 AND scoma <= 34.5 AND dzclass_COPD/CHF/Cirrhosis == 1 AND race_black == 0 AND 300 <= urine <= 3.63e+03 AND 7.77 <= edu <= 14.5 AND charges <= 5.05e+05 AND totcst <= 1.5e+05 AND 131 <= sod <= 151 AND glucose <= 340 AND bun_was_missing == 1 AND adlp == 0 AND 1.76 <= adlsc <= 4.38 AND dzgroup_CHF == 0 AND dzgroup_Lung Cancer == 0,1.0
0,1,1.0,1.0,95,95,22,22,adlp == 0 AND dzgroup_Cirrhosis == 0 AND aps <= 46.8 AND bili <= 16.9 AND scoma <= 34.5 AND dnrday <= 77.3 AND race_other == 0 AND diabetes == 0 AND 131 <= sod <= 147 AND dzgroup_Coma == 0 AND dnr_dnr after sadm == 0 AND race_asian == 0 AND race_black == 0 AND sps <= 45.1 AND dementia == 0 AND resp <= 51.3 AND dzgroup_CHF == 0 AND dzclass_COPD/CHF/Cirrhosis == 0 AND dzclass_Cancer == 1 AND crea <= 4.63 AND adlp_was_missing == 0 AND income_was_missing == 0,1.0
0,1,1.0,1.0,13,13,18,18,totcst <= 1.67e+05 AND avtisst <= 25.1 AND crea <= 5.27 AND glucose_was_missing == 1 AND dzgroup_Cirrhosis == 0 AND dzclass_Cancer == 1 AND dnr_dnr before sadm == 0 AND dnr_no dnr == 1 AND 25.8 <= age <= 90 AND 9.11 <= edu <= 20.9 AND dzgroup_CHF == 0 AND race_other == 0 AND ca_no == 0 AND wblc <= 71.5 AND pafi <= 485 AND dzgroup_MOSF w/Malig == 0 AND bili <= 11.2 AND urine_was_missing == 0,1.0
0,1,1.0,1.0,1,1,38,38,7.04 <= edu <= 17 AND scoma <= 22.5 AND charges <= 4.3e+05 AND 1.21e+04 <= totcst <= 1.96e+05 AND totmcst <= 2.95e+05 AND avtisst <= 54.5 AND 11.3 <= sps <= 36.1 AND 18.4 <= aps <= 53.6 AND dementia == 0 AND meanbp <= 75.1 AND 16.6 <= hrt <= 173 AND resp <= 28.7 AND 33 <= temp <= 37.2 AND 7.53 <= glucose <= 480 AND bun_was_missing == 0 AND bun <= 115 AND urine_was_missing == 0 AND adlp_was_missing == 1 AND adlp == 0 AND adls == 0 AND adlsc <= 1.73 AND sex == 0 AND income_was_missing == 1 AND income == 1 AND dzgroup_Cirrhosis == 0 AND dzgroup_Colon Cancer == 0 AND dzgroup_Coma == 0 AND dzgroup_MOSF w/Malig == 0 AND dzclass_Coma == 0 AND race_asian == 0 AND race_black == 1 AND race_other == 0 AND race_white == 0 AND ca_no == 1 AND ca_yes == 0 AND dnr_no dnr == 1 AND alb <= 11 AND glucose_was_missing == 0,1.0
1,1,1.0,1.0,3,3,29,29,dzgroup_COPD == 0 AND dzgroup_Cirrhosis == 0 AND dzclass_Cancer == 0 AND race_hispanic == 0 AND 118 <= sod <= 156 AND dzgroup_MOSF w/Malig == 0 AND dnr_dnr before sadm == 0 AND dzgroup_CHF == 0 AND totcst <= 2.31e+05 AND avtisst >= 31 AND bun <= 103 AND race_asian == 0 AND 25.1 <= age <= 73.7 AND diabetes == 0 AND wblc <= 74.5 AND 93.5 <= pafi <= 230 AND alb <= 11.2 AND crea <= 5.57 AND glucose <= 379 AND adlp == 0 AND race_other == 0 AND ca_yes == 0 AND dnr_no dnr == 0 AND 33 <= temp <= 39.2 AND adlp_was_missing == 1 AND dzgroup_Lung Cancer == 0 AND 125 <= hrt <= 217 AND adlsc >= 4.67 AND race_white == 1,1.0
1,1,1.0,1.0,1,1,17,17,dzgroup_Lung Cancer == 0 AND avtisst >= 23.5 AND race_white == 1 AND 7.29 <= ph <= 7.61 AND race_other == 0 AND totcst <= 9.77e+04 AND bili <= 11.9 AND sod <= 151 AND race_black == 0 AND scoma >= 52.5 AND totmcst <= 2.69e+05 AND urine <= 3.76e+03 AND adlp == 0 AND glucose_was_missing == 1 AND 60.1 <= aps <= 104 AND urine_was_missing == 1 AND adlp_was_missing == 1,1.0
0,1,1.0,1.0,1,1,19,19,25.5 <= scoma <= 56.5 AND totcst <= 2.96e+05 AND sps <= 53.2 AND crea <= 9.77 AND dzgroup_Cirrhosis == 0 AND dzgroup_Coma == 1 AND dzclass_Coma == 1 AND race_black == 0 AND race_other == 0 AND race_white == 1 AND ca_yes == 0 AND dnrday <= 93.3 AND dnr_dnr after sadm == 0 AND 14.1 <= hrt <= 186 AND 1.94 <= edu <= 22.2 AND dzgroup_CHF == 0 AND 27.3 <= resp <= 60.7 AND 132 <= sod <= 158 AND bun_was_missing == 0,1.0
0,1,1.0,1.0,12,12,20,20,sod <= 155 AND avtisst <= 42.7 AND dzgroup_Cirrhosis == 0 AND glucose_was_missing == 0 AND dzgroup_MOSF w/Malig == 0 AND race_asian == 0 AND ca_yes == 0 AND bun <= 143 AND hrt <= 226 AND dnr_dnr before sadm == 0 AND aps <= 31.6 AND dementia == 0 AND 14.2 <= pafi <= 546 AND bun_was_missing == 0 AND adlp_was_missing == 1 AND dnr_dnr after sadm == 0 AND totcst <= 1.61e+05 AND totmcst <= 2.11e+05 AND glucose <= 534 AND race_white == 1,1.0
0,1,1.0,1.0,1,1,20,20,race_other == 0 AND wblc <= 87.9 AND diabetes == 1 AND resp <= 57.5 AND adlp_was_missing == 0 AND race_asian == 0 AND avtisst <= 42.3 AND dnr_dnr before sadm == 0 AND totmcst <= 1.51e+05 AND 45.4 <= pafi <= 303 AND glucose_was_missing == 1 AND ca_yes == 0 AND crea <= 6.74 AND income == 1 AND dzgroup_MOSF w/Malig == 0 AND sps <= 46.8 AND dnrday <= 112 AND glucose <= 429 AND dzgroup_COPD == 0 AND dzgroup_Lung Cancer == 0,1.0
0,1,1.0,1.0,24,24,19,19,race_asian == 0 AND race_other == 0 AND dzgroup_COPD == 0 AND wblc <= 71.5 AND dnr_dnr after sadm == 0 AND dzgroup_Lung Cancer == 0 AND scoma <= 21 AND totmcst <= 2.76e+05 AND bun <= 130 AND adlp_was_missing == 0 AND dzgroup_Coma == 0 AND glucose <= 314 AND urine <= 2.99e+03 AND charges <= 4.31e+05 AND 32.8 <= temp <= 39.7 AND bili <= 18.5 AND totcst <= 1.58e+05 AND pafi <= 281 AND adlp == 0,1.0
0,1,1.0,1.0,22,22,16,16,race_other == 0 AND dzgroup_Cirrhosis == 0 AND dnr_dnr before sadm == 0 AND dzgroup_Lung Cancer == 0 AND wblc <= 69.8 AND dzclass_COPD/CHF/Cirrhosis == 1 AND race_black == 0 AND scoma <= 34.5 AND avtisst <= 25.3 AND resp <= 42.1 AND charges <= 5e+05 AND 41.4 <= hrt <= 119 AND 7.09 <= ph <= 7.72 AND race_hispanic == 0 AND dnrday <= 65.1 AND 0.904 <= adlsc <= 3.1,1.0
1,1,1.0,1.0,1,1,26,26,dzgroup_COPD == 0 AND dzgroup_MOSF w/Malig == 0 AND race_asian == 0 AND dzgroup_Cirrhosis == 0 AND dnr_dnr before sadm == 0 AND totmcst <= 2.74e+05 AND dementia == 0 AND ca_no == 1 AND adlp_was_missing == 1 AND dzclass_Cancer == 0 AND dnr_no dnr == 0 AND dnrday <= 71.1 AND bun <= 110 AND ca_yes == 0 AND dzgroup_Colon Cancer == 0 AND 25.1 <= age <= 73.7 AND alb <= 11.2 AND dzgroup_Lung Cancer == 0 AND 30.8 <= aps <= 77.2 AND bun_was_missing == 0 AND dzgroup_Coma == 0 AND race_black == 1 AND charges <= 4.02e+05 AND wblc <= 35.8 AND 34.7 <= temp <= 41.5 AND 118 <= sod <= 156,1.0
0,1,1.0,1.0,10,10,21,21,dzgroup_Cirrhosis == 0 AND scoma <= 34.5 AND charges <= 3.45e+05 AND race_black == 0 AND race_asian == 0 AND dnr_no dnr == 1 AND 5.48 <= resp <= 34.5 AND totcst <= 2.47e+05 AND dnrday <= 114 AND dzclass_COPD/CHF/Cirrhosis == 0 AND race_other == 0 AND age >= 25.8 AND income == 1 AND dzgroup_Coma == 0 AND dzgroup_MOSF w/Malig == 0 AND ca_no == 0 AND dnr_dnr after sadm == 0 AND 3.72 <= avtisst <= 25.3 AND 9.41 <= sps <= 71.8 AND meanbp <= 121 AND dzgroup_Colon Cancer == 0,1.0
1,1,1.0,1.0,1,1,34,34,num_co == 0 AND 6.11 <= edu <= 17.9 AND charges <= 5.75e+05 AND totcst <= 2.89e+05 AND totmcst <= 1.19e+05 AND 16.6 <= aps <= 57.4 AND diabetes == 0 AND dementia == 0 AND 41.6 <= meanbp <= 178 AND wblc <= 50 AND 81.6 <= hrt <= 238 AND 32.9 <= temp <= 38.1 AND alb <= 10 AND bili <= 15.6 AND crea <= 7 AND 116 <= sod <= 154 AND glucose_was_missing == 1 AND glucose <= 524 AND bun <= 88.8 AND urine_was_missing == 1 AND adlp_was_missing == 1 AND 0.0458 <= adlsc <= 5.35 AND dzgroup_COPD == 0 AND dzgroup_Cirrhosis == 0 AND dzgroup_Coma == 0 AND dzgroup_Lung Cancer == 0 AND dzclass_COPD/CHF/Cirrhosis == 0 AND dzclass_Cancer == 0 AND race_black == 0 AND race_hispanic == 0 AND race_other == 0 AND race_white == 0 AND ca_yes == 1 AND dnr_dnr before sadm == 0,1.0
0,1,1.0,1.0,46,46,15,15,income_was_missing == 0 AND dnr_dnr before sadm == 0 AND dzclass_COPD/CHF/Cirrhosis == 1 AND dnr_no dnr == 1 AND avtisst <= 30.5 AND 25.8 <= age <= 81.1 AND urine <= 4.58e+03 AND dzgroup_COPD == 0 AND dzgroup_Lung Cancer == 0 AND adlp == 0 AND dzclass_Coma == 0 AND bun <= 125 AND 0.0195 <= adlsc <= 3.98 AND sex == 0 AND bun_was_missing == 1,1.0
1,1,1.0,1.0,1,1,28,28,age <= 62.6 AND num_co == 3 AND charges <= 7.61e+05 AND totmcst <= 2.15e+05 AND 29 <= aps <= 101 AND dementia == 0 AND dnrday <= 69.7 AND 79.7 <= meanbp <= 180 AND wblc <= 56.4 AND 33.8 <= temp <= 41.2 AND 2.87 <= bili <= 34.3 AND crea <= 9.53 AND glucose <= 361 AND bun_was_missing == 1 AND 750 <= urine <= 3.18e+03 AND 2.12 <= adlsc <= 4.88 AND sex == 1 AND income_was_missing == 0 AND dzgroup_CHF == 0 AND dzgroup_Colon Cancer == 0 AND dzgroup_Lung Cancer == 0 AND dzgroup_MOSF w/Malig == 0 AND dzclass_COPD/CHF/Cirrhosis == 0 AND race_black == 1 AND race_white == 0 AND ca_no == 0 AND ca_yes == 1 AND dnr_no dnr == 1,1.0
0,1,1.0,1.0,24,24,16,16,dzgroup_Cirrhosis == 0 AND aps <= 46.8 AND race_hispanic == 0 AND dnr_dnr after sadm == 0 AND hrt <= 141 AND glucose_was_missing == 0 AND urine <= 4.52e+03 AND dzgroup_Colon Cancer == 0 AND dzgroup_Coma == 0 AND sod <= 149 AND income_was_missing == 0 AND 6.2 <= meanbp <= 128 AND alb <= 13 AND 7.11 <= ph <= 7.73 AND dzgroup_COPD == 0 AND 1.3e+05 <= charges <= 9.04e+05,1.0
0,1,1.0,1.0,1,1,21,21,dzclass_COPD/CHF/Cirrhosis == 1 AND ca_no == 1 AND dzgroup_Lung Cancer == 0 AND wblc <= 72.2 AND income_was_missing == 0 AND charges <= 3.85e+05 AND 1.33 <= sps <= 49.7 AND bili <= 22.9 AND adlp_was_missing == 0 AND income == 0 AND race_other == 0 AND edu <= 18.2 AND pafi <= 91.8 AND 7.29 <= ph <= 7.55 AND dzgroup_Cirrhosis == 0 AND dzgroup_Coma == 0 AND dzclass_Coma == 0 AND dnrday <= 118 AND 0.913 <= adlsc <= 5.09 AND sex == 0 AND race_hispanic == 0,1.0
0,1,1.0,1.0,2,2,18,18,dnr_dnr after sadm == 0 AND dzgroup_Coma == 0 AND race_other == 0 AND diabetes == 0 AND sps <= 48 AND adlp == 0 AND charges <= 4.27e+05 AND wblc <= 63.8 AND 121 <= sod <= 146 AND dzclass_COPD/CHF/Cirrhosis == 0 AND 36.7 <= temp <= 40.3 AND dzgroup_Lung Cancer == 0 AND avtisst <= 42.3 AND crea <= 9.96 AND income_was_missing == 1 AND pafi <= 221 AND glucose_was_missing == 0 AND ca_yes == 0,1.0
0,1,1.0,1.0,13,13,15,15,race_other == 0 AND dzgroup_Cirrhosis == 0 AND dnrday <= 75.1 AND totcst <= 1.68e+05 AND dzgroup_Coma == 0 AND 113 <= sod <= 149 AND dzgroup_Colon Cancer == 0 AND race_hispanic == 0 AND wblc <= 80.4 AND crea <= 6.75 AND adlp_was_missing == 0 AND dzgroup_COPD == 0 AND dzgroup_Lung Cancer == 0 AND race_asian == 0 AND ca_no == 0,1.0
1,1,1.0,1.0,11,11,24,24,dzgroup_Cirrhosis == 0 AND dzclass_Coma == 0 AND race_hispanic == 0 AND dnr_dnr after sadm == 1 AND avtisst >= 23.5 AND urine <= 4.94e+03 AND dzclass_Cancer == 0 AND dnr_dnr before sadm == 0 AND ca_yes == 0 AND 25.1 <= age <= 73.7 AND 7.5 <= edu <= 19.9 AND 118 <= sod <= 156 AND adlp == 0 AND dzgroup_MOSF w/Malig == 0 AND charges <= 4.02e+05 AND totcst <= 2.67e+05 AND totmcst <= 2.74e+05 AND dnrday <= 71.1 AND 34.7 <= temp <= 41.5 AND alb <= 11.2 AND adlp_was_missing == 1 AND dzgroup_COPD == 0 AND race_asian == 0 AND bun_was_missing == 1,1.0
0,1,1.0,1.0,4,4,23,23,diabetes == 0 AND sps <= 45.1 AND dzgroup_Cirrhosis == 0 AND charges <= 5e+05 AND meanbp >= 31.5 AND 7.23 <= ph <= 7.59 AND 3.63 <= edu <= 20.4 AND dzclass_Coma == 0 AND race_black == 0 AND alb <= 7.08 AND glucose_was_missing == 0 AND 0.631 <= adlsc <= 5.72 AND dzgroup_Colon Cancer == 0 AND dzclass_COPD/CHF/Cirrhosis == 1 AND totmcst <= 2.27e+05 AND aps <= 46.8 AND bun_was_missing == 0 AND adlp == 0 AND dzgroup_COPD == 0 AND race_asian == 0 AND race_other == 0 AND temp >= 35.3 AND race_hispanic == 0,1.0
1,1,1.0,1.0,10,10,25,25,dzgroup_Cirrhosis == 0 AND dzclass_Coma == 0 AND race_hispanic == 0 AND dnr_dnr after sadm == 1 AND avtisst >= 23.5 AND urine <= 4.94e+03 AND dzclass_Cancer == 0 AND dnr_dnr before sadm == 0 AND ca_yes == 0 AND 25.1 <= age <= 73.7 AND 7.5 <= edu <= 19.9 AND 118 <= sod <= 156 AND adlp == 0 AND dzgroup_MOSF w/Malig == 0 AND charges <= 4.02e+05 AND totcst <= 2.67e+05 AND totmcst <= 2.74e+05 AND dnrday <= 71.1 AND 34.7 <= temp <= 41.5 AND alb <= 11.2 AND adlp_was_missing == 1 AND dzgroup_COPD == 0 AND race_asian == 0 AND bun_was_missing == 1 AND dzgroup_Colon Cancer == 0,1.0
0,1,1.0,1.0,1,1,15,15,scoma <= 34.5 AND urine_was_missing == 1 AND dzgroup_Coma == 0 AND wblc <= 40.6 AND alb <= 11.6 AND race_black == 0 AND dnr_dnr after sadm == 0 AND 7.77 <= edu <= 26.7 AND charges <= 5.05e+05 AND 20.3 <= glucose <= 340 AND dzgroup_COPD == 0 AND dzgroup_Colon Cancer == 0 AND dzclass_Cancer == 0 AND bun_was_missing == 1 AND race_white == 0,1.0
0,1,1.0,1.0,2,2,16,16,dzgroup_Cirrhosis == 0 AND scoma <= 34.5 AND avtisst <= 47.2 AND dzgroup_MOSF w/Malig == 0 AND dzgroup_CHF == 1 AND urine <= 5.06e+03 AND alb <= 11.6 AND crea <= 7.3 AND ph >= 7.11 AND urine_was_missing == 1 AND dnr_dnr after sadm == 0 AND dzclass_Coma == 0 AND dzclass_COPD/CHF/Cirrhosis == 1 AND num_co == 4 AND 11 <= edu <= 19 AND 34.7 <= temp <= 37.3,1.0
0,1,1.0,1.0,2,2,28,28,31.6 <= age <= 53.4 AND num_co == 2 AND 2.23 <= edu <= 21.8 AND scoma <= 17.5 AND totmcst <= 1.73e+05 AND 22.4 <= aps <= 67.6 AND 46.2 <= meanbp <= 168 AND 98.9 <= hrt <= 181 AND 33.3 <= temp <= 38.9 AND bili <= 13.8 AND 7.28 <= ph <= 7.7 AND glucose_was_missing == 1 AND 615 <= urine <= 3.32e+03 AND adlp_was_missing == 0 AND adlp == 2 AND income_was_missing == 0 AND income == 2 AND dzgroup_CHF == 0 AND dzgroup_Coma == 0 AND dzgroup_Lung Cancer == 1 AND dzclass_Coma == 0 AND race_asian == 0 AND race_black == 0 AND race_hispanic == 0 AND race_other == 0 AND race_white == 1 AND ca_yes == 0 AND dnr_no dnr == 0,1.0
0,1,1.0,1.0,8,8,22,22,dnr_dnr before sadm == 0 AND dzclass_Cancer == 0 AND bili <= 18.5 AND race_white == 1 AND dnr_dnr after sadm == 0 AND dzgroup_MOSF w/Malig == 0 AND ca_no == 1 AND 18.3 <= aps <= 57.7 AND bun <= 79.8 AND income == 1 AND scoma <= 34.5 AND wblc <= 87.9 AND resp <= 57.5 AND 32.8 <= temp <= 39.7 AND crea <= 4.48 AND urine <= 3.89e+03 AND totcst <= 2.09e+05 AND sps <= 61.4 AND sex == 0 AND dzclass_Coma == 0 AND avtisst <= 32 AND adls == 1,1.0
0,1,1.0,1.0,10,10,18,18,dzgroup_Cirrhosis == 0 AND dzgroup_Coma == 0 AND urine <= 5.3e+03 AND dzgroup_COPD == 0 AND 30.7 <= age <= 68.4 AND dnr_no dnr == 1 AND avtisst <= 24.4 AND dzgroup_MOSF w/Malig == 0 AND race_asian == 0 AND ca_yes == 0 AND scoma <= 34.5 AND totcst <= 2.96e+05 AND 31.5 <= meanbp <= 169 AND sod <= 155 AND glucose_was_missing == 0 AND dzgroup_CHF == 1 AND dzclass_COPD/CHF/Cirrhosis == 1 AND dnrday <= 74.4,1.0
0,1,1.0,1.0,3,3,23,23,race_other == 0 AND dnr_dnr after sadm == 0 AND scoma <= 27.5 AND glucose_was_missing == 0 AND dzgroup_Cirrhosis == 0 AND race_hispanic == 0 AND bun_was_missing == 0 AND dnr_dnr before sadm == 0 AND adlp == 0 AND dzgroup_COPD == 0 AND avtisst <= 35.9 AND bili <= 19.8 AND race_asian == 0 AND dzclass_Coma == 0 AND 36.4 <= hrt <= 141 AND 4.93e+04 <= totmcst <= 2.27e+05 AND aps <= 46.8 AND 7.23 <= ph <= 7.7 AND race_black == 0 AND ca_yes == 0 AND 9.28 <= resp <= 42.7 AND urine <= 4.61e+03 AND dzgroup_Lung Cancer == 0,1.0
0,1,1.0,1.0,19,19,22,22,dzclass_Cancer == 0 AND totmcst <= 2.55e+05 AND 47 <= meanbp <= 103 AND race_hispanic == 0 AND dnr_dnr before sadm == 0 AND pafi <= 512 AND totcst <= 2.11e+05 AND sps <= 48.1 AND glucose <= 502 AND race_white == 1 AND ca_yes == 0 AND dnr_dnr after sadm == 0 AND aps <= 78.5 AND avtisst <= 36.5 AND dementia == 0 AND alb <= 11.6 AND bili <= 16.9 AND dzclass_Coma == 0 AND charges <= 3.94e+05 AND diabetes == 1 AND 15.6 <= hrt <= 192 AND race_asian == 0,1.0
0,1,1.0,1.0,2,2,19,19,ca_yes == 0 AND dementia == 0 AND sod <= 159 AND dzgroup_Colon Cancer == 0 AND totcst <= 2.31e+05 AND totmcst <= 2.74e+05 AND 21.6 <= hrt <= 208 AND adlp_was_missing == 1 AND dzgroup_Lung Cancer == 0 AND 46.9 <= aps <= 93.4 AND dzgroup_CHF == 0 AND race_hispanic == 1 AND temp >= 36.1 AND alb <= 6.59 AND glucose <= 581 AND bun_was_missing == 0 AND race_other == 0 AND ca_no == 1 AND dnr_no dnr == 1,1.0
0,1,1.0,1.0,2,2,21,21,bili <= 22.5 AND dzclass_Cancer == 0 AND dzclass_Coma == 0 AND 120 <= sod <= 144 AND charges <= 2.21e+05 AND avtisst <= 33.7 AND 54.8 <= hrt <= 189 AND sex == 0 AND income == 1 AND sps <= 26.1 AND dementia == 0 AND race_white == 1 AND crea <= 6.88 AND dzgroup_Colon Cancer == 0 AND dzgroup_MOSF w/Malig == 0 AND bun <= 107 AND dzgroup_Coma == 0 AND income_was_missing == 1 AND race_asian == 0 AND 62 <= age <= 83.7 AND dnr_no dnr == 0,1.0
0,1,1.0,1.0,8,8,21,21,dzclass_Cancer == 0 AND 0.995 <= edu <= 26.7 AND resp <= 47.4 AND dzclass_COPD/CHF/Cirrhosis == 1 AND sps <= 52.4 AND wblc <= 50.5 AND race_other == 0 AND race_hispanic == 0 AND dnr_dnr after sadm == 0 AND crea <= 7.4 AND urine_was_missing == 0 AND adlp_was_missing == 0 AND dzgroup_CHF == 0 AND dzgroup_COPD == 0 AND dzgroup_Colon Cancer == 0 AND dzgroup_Coma == 0 AND dzgroup_MOSF w/Malig == 0 AND race_asian == 0 AND race_white == 1 AND num_co == 2 AND dzgroup_Lung Cancer == 0,1.0
0,1,1.0,1.0,12,12,14,14,race_other == 0 AND dnr_dnr before sadm == 0 AND dzgroup_Cirrhosis == 0 AND race_asian == 0 AND dementia == 0 AND dzclass_Cancer == 1 AND sod <= 150 AND race_hispanic == 0 AND sps <= 67.6 AND scoma <= 34.5 AND adlp_was_missing == 0 AND dzgroup_MOSF w/Malig == 0 AND bun_was_missing == 0 AND race_white == 1,1.0
0,1,1.0,1.0,1,1,18,18,2.52 <= avtisst <= 29.5 AND 47 <= meanbp <= 161 AND 8.02 <= hrt <= 117 AND 6.16 <= resp <= 37.8 AND 39.7 <= pafi <= 408 AND crea <= 7.72 AND income == 1 AND dzgroup_MOSF w/Malig == 0 AND scoma <= 25 AND 35.1 <= temp <= 37.6 AND sod <= 165 AND dzgroup_COPD == 0 AND dzgroup_Coma == 0 AND dzgroup_Cirrhosis == 0 AND 190 <= urine <= 4.78e+03 AND adlsc >= 2.84 AND sex == 0 AND dnr_no dnr == 0,1.0
0,1,1.0,1.0,4,4,22,22,dnr_dnr after sadm == 0 AND dzgroup_Colon Cancer == 0 AND dnr_no dnr == 1 AND race_other == 0 AND totmcst <= 2.7e+05 AND resp <= 51.3 AND adlsc <= 2.51 AND age >= 25.8 AND dementia == 0 AND avtisst <= 34.7 AND sex == 1 AND race_hispanic == 0 AND 33.6 <= meanbp <= 96.3 AND scoma <= 27.5 AND sps <= 45.1 AND 36.4 <= hrt <= 141 AND bun_was_missing == 0 AND bun <= 104 AND adlp == 0 AND dzgroup_CHF == 0 AND dzgroup_Cirrhosis == 0 AND race_white == 0,1.0
0,1,1.0,1.0,4,4,17,17,race_other == 0 AND dnr_dnr after sadm == 0 AND glucose_was_missing == 0 AND dzgroup_Cirrhosis == 0 AND race_hispanic == 0 AND dnr_dnr before sadm == 0 AND dzgroup_COPD == 0 AND avtisst <= 41.2 AND bili <= 19.8 AND race_asian == 0 AND dzclass_Coma == 0 AND sex == 1 AND 4.93e+04 <= totmcst <= 2.37e+05 AND totcst <= 9.77e+04 AND dzgroup_Coma == 0 AND aps <= 93.1 AND ca_yes == 0,1.0
0,1,1.0,1.0,58,58,17,17,dnr_no dnr == 1 AND charges <= 5.05e+05 AND avtisst <= 23.3 AND 1.43 <= alb <= 11.6 AND dzclass_Cancer == 0 AND dnr_dnr after sadm == 0 AND sps <= 48.1 AND wblc <= 63.8 AND urine <= 5.06e+03 AND dzgroup_COPD == 0 AND dzgroup_Lung Cancer == 0 AND dzgroup_MOSF w/Malig == 0 AND race_other == 0 AND glucose_was_missing == 1 AND race_asian == 0 AND crea <= 6.67 AND bun <= 114,1.0
0,1,1.0,1.0,38,38,16,16,dzgroup_Coma == 0 AND dnr_no dnr == 1 AND scoma <= 16.5 AND aps <= 46.8 AND glucose <= 503 AND urine_was_missing == 1 AND ca_yes == 0 AND charges <= 5.05e+05 AND diabetes == 0 AND wblc <= 63.8 AND 1.43 <= alb <= 11.6 AND crea <= 6.67 AND race_asian == 0 AND dnr_dnr after sadm == 0 AND dzgroup_Colon Cancer == 0 AND dzclass_COPD/CHF/Cirrhosis == 1,1.0
0,1,1.0,1.0,11,11,17,17,dzgroup_Cirrhosis == 0 AND dzgroup_Coma == 0 AND urine <= 5.3e+03 AND dzgroup_COPD == 0 AND 30.7 <= age <= 68.4 AND dnr_no dnr == 1 AND avtisst <= 24.4 AND dzgroup_MOSF w/Malig == 0 AND race_asian == 0 AND ca_yes == 0 AND scoma <= 34.5 AND totcst <= 2.96e+05 AND 31.5 <= meanbp <= 169 AND sod <= 155 AND glucose_was_missing == 0 AND dzgroup_CHF == 1 AND dzclass_COPD/CHF/Cirrhosis == 1,1.0
1,1,1.0,1.0,6,6,24,24,dzgroup_COPD == 0 AND dzgroup_Lung Cancer == 0 AND ca_yes == 0 AND dzclass_Cancer == 0 AND dnr_dnr after sadm == 1 AND dzgroup_Colon Cancer == 0 AND ca_no == 1 AND dnr_dnr before sadm == 0 AND 8.38e+04 <= totcst <= 2.67e+05 AND totmcst <= 2.74e+05 AND avtisst >= 31 AND dementia == 0 AND bun <= 103 AND 1.16e+03 <= urine <= 4.94e+03 AND adlp_was_missing == 1 AND dzgroup_Cirrhosis == 0 AND dzclass_Coma == 0 AND temp >= 36.8 AND bili <= 11.3 AND 7.28 <= ph <= 7.66 AND dzgroup_CHF == 0 AND dzgroup_Coma == 0 AND dzclass_COPD/CHF/Cirrhosis == 0 AND race_other == 0,1.0
0,1,1.0,1.0,41,41,17,17,dzgroup_Cirrhosis == 0 AND dzclass_Cancer == 1 AND dzgroup_CHF == 0 AND scoma <= 34.5 AND charges <= 3.45e+05 AND race_black == 0 AND race_asian == 0 AND dnr_no dnr == 1 AND 31.5 <= meanbp <= 122 AND 5.48 <= resp <= 34.5 AND 104 <= pafi <= 438 AND race_white == 1 AND totmcst <= 2.48e+05 AND totcst <= 2.47e+05 AND dnrday <= 114 AND dzclass_COPD/CHF/Cirrhosis == 0 AND race_other == 0,1.0
1,1,1.0,1.0,4,4,23,23,dzgroup_COPD == 0 AND dzgroup_Cirrhosis == 0 AND adlp == 0 AND 58.1 <= age <= 98.3 AND 8.38e+04 <= totcst <= 1.97e+05 AND race_other == 0 AND ca_yes == 0 AND dementia == 0 AND glucose_was_missing == 1 AND bun <= 128 AND 0.126 <= adlsc <= 3.87 AND dzclass_Coma == 0 AND totmcst <= 2.74e+05 AND bili <= 11.3 AND dzgroup_CHF == 0 AND dzgroup_Colon Cancer == 0 AND dzgroup_Coma == 0 AND dzgroup_Lung Cancer == 0 AND dzclass_COPD/CHF/Cirrhosis == 0 AND ca_no == 1 AND dnr_dnr after sadm == 1 AND dnr_dnr before sadm == 0 AND bun_was_missing == 1,1.0
0,1,1.0,1.0,1,1,14,14,race_other == 0 AND dzgroup_Cirrhosis == 0 AND glucose_was_missing == 0 AND race_asian == 0 AND dnr_dnr before sadm == 0 AND alb <= 9.01 AND income == 2 AND 2.39 <= edu <= 26.7 AND dementia == 0 AND wblc <= 118 AND 6.96 <= ph <= 7.66 AND adlp == 1 AND ca_no == 1 AND aps <= 60.9,1.0
0,1,1.0,1.0,6,6,19,19,dnr_dnr after sadm == 0 AND age >= 25.8 AND dzgroup_Coma == 0 AND race_other == 0 AND 4.71 <= edu <= 20.9 AND 4.56 <= avtisst <= 34.7 AND dementia == 0 AND urine_was_missing == 1 AND ca_no == 0 AND scoma <= 34.5 AND income_was_missing == 0 AND dzgroup_Cirrhosis == 0 AND dzgroup_MOSF w/Malig == 0 AND race_white == 1 AND dnr_dnr before sadm == 0 AND income == 1 AND race_black == 0 AND totcst <= 1.19e+05 AND bun_was_missing == 1,1.0
1,1,1.0,1.0,8,8,18,18,dnrday <= 119 AND dementia == 0 AND bun <= 119 AND dnr_no dnr == 0 AND race_hispanic == 0 AND dzgroup_Colon Cancer == 0 AND crea <= 3.38 AND charges <= 5.18e+05 AND urine_was_missing == 0 AND dzclass_COPD/CHF/Cirrhosis == 0 AND dzclass_Cancer == 0 AND 47.7 <= age <= 98.3 AND scoma >= 10.5 AND 56.8 <= pafi <= 391 AND adlp == 0 AND income_was_missing == 0 AND race_other == 0 AND 1.92 <= sps <= 66.3,1.0
1,1,1.0,1.0,4,4,21,21,dzgroup_COPD == 0 AND dzgroup_Cirrhosis == 0 AND dzgroup_Lung Cancer == 0 AND dzclass_COPD/CHF/Cirrhosis == 0 AND dzclass_Cancer == 0 AND race_hispanic == 0 AND dzgroup_MOSF w/Malig == 0 AND dnr_dnr before sadm == 0 AND dzgroup_CHF == 0 AND dnr_dnr after sadm == 1 AND 2.81 <= aps <= 83.2 AND resp <= 25.4 AND glucose_was_missing == 1 AND race_black == 0 AND scoma >= 52.5 AND 9.21 <= avtisst <= 50.8 AND dzclass_Coma == 1 AND race_white == 1 AND race_asian == 0 AND adlp_was_missing == 1 AND sex == 1,1.0
0,1,1.0,1.0,166,166,16,16,dnr_dnr after sadm == 0 AND aps <= 58.6 AND 7.09 <= ph <= 7.75 AND adlsc <= 2.66 AND race_hispanic == 0 AND income_was_missing == 0 AND dzgroup_Cirrhosis == 0 AND dzgroup_Coma == 0 AND adlp_was_missing == 0 AND dnr_no dnr == 1 AND avtisst <= 21.5 AND sod <= 165 AND glucose_was_missing == 1 AND crea <= 8.39 AND adlp == 0 AND race_other == 0,1.0
0,1,1.0,1.0,12,12,18,18,glucose_was_missing == 1 AND dzgroup_Coma == 0 AND avtisst <= 42.3 AND dzgroup_MOSF w/Malig == 0 AND dnr_dnr after sadm == 0 AND 7.02 <= ph <= 7.73 AND scoma <= 34.5 AND dnr_dnr before sadm == 0 AND 23.8 <= age <= 86 AND num_co == 2 AND bun_was_missing == 1 AND adlp_was_missing == 0 AND race_black == 0 AND race_hispanic == 0 AND charges <= 2.42e+05 AND urine <= 4.08e+03 AND 0.0451 <= adlsc <= 1.95 AND dzclass_COPD/CHF/Cirrhosis == 0,1.0
0,1,1.0,1.0,3,3,22,22,dnr_no dnr == 1 AND income_was_missing == 0 AND dzgroup_Coma == 0 AND 58.8 <= hrt <= 116 AND dnr_dnr after sadm == 0 AND 24.5 <= glucose <= 272 AND dzclass_Coma == 0 AND wblc <= 54.7 AND sex == 1 AND urine_was_missing == 1 AND 0.68 <= adlsc <= 5.28 AND charges <= 2.52e+05 AND avtisst <= 24.4 AND dementia == 0 AND bili <= 16.9 AND 7.11 <= ph <= 7.38 AND dzgroup_Colon Cancer == 0 AND race_hispanic == 0 AND race_other == 0 AND ca_yes == 0 AND alb <= 10.1 AND bun <= 61.9,1.0
0,1,1.0,1.0,45,45,16,16,dzclass_COPD/CHF/Cirrhosis == 0 AND aps <= 46.8 AND bili <= 12.2 AND crea <= 6.74 AND dnrday <= 114 AND race_black == 0 AND dnr_no dnr == 1 AND 52.5 <= meanbp <= 122 AND 25.8 <= age <= 90 AND totcst <= 2.47e+05 AND 104 <= pafi <= 344 AND dzgroup_CHF == 0 AND dzclass_Cancer == 1 AND race_other == 0 AND dzgroup_Cirrhosis == 0 AND dnr_dnr after sadm == 0,1.0
0,1,1.0,1.0,12,12,19,19,dzgroup_Cirrhosis == 0 AND dnr_dnr after sadm == 0 AND urine_was_missing == 1 AND race_other == 0 AND dzclass_COPD/CHF/Cirrhosis == 0 AND alb <= 9.01 AND bun <= 99.2 AND dzgroup_Colon Cancer == 1 AND dzgroup_Coma == 0 AND wblc <= 63.8 AND glucose <= 272 AND dzclass_Coma == 0 AND ca_no == 0 AND ca_yes == 0 AND dnr_no dnr == 1 AND dzgroup_CHF == 0 AND race_asian == 0 AND dzclass_Cancer == 1 AND race_black == 0,1.0
0,1,1.0,1.0,7,7,20,20,race_other == 0 AND dzgroup_Cirrhosis == 0 AND avtisst <= 24.4 AND totcst <= 1.68e+05 AND urine <= 5.3e+03 AND dzgroup_Coma == 0 AND 113 <= sod <= 149 AND bun <= 113 AND scoma <= 34.5 AND income == 0 AND dzgroup_Colon Cancer == 0 AND charges <= 5e+05 AND sps <= 55.5 AND 30.3 <= aps <= 78.5 AND wblc <= 69.8 AND glucose <= 581 AND adlp_was_missing == 0 AND dzgroup_CHF == 0 AND dzclass_Coma == 0 AND race_asian == 0,1.0
1,1,1.0,1.0,8,8,31,31,crea <= 6.12 AND bun <= 103 AND dzgroup_Colon Cancer == 0 AND dzclass_Cancer == 0 AND dementia == 0 AND dzgroup_COPD == 0 AND dzgroup_MOSF w/Malig == 0 AND dnr_dnr before sadm == 0 AND dnr_no dnr == 0 AND wblc <= 35.8 AND 34.7 <= temp <= 41.5 AND 7.5 <= edu <= 19.9 AND 118 <= sod <= 156 AND adlp_was_missing == 1 AND totmcst <= 2.74e+05 AND totcst <= 2.67e+05 AND race_asian == 0 AND 25.1 <= age <= 73.7 AND avtisst >= 31 AND dnrday <= 71.1 AND alb <= 11.2 AND dzclass_Coma == 0 AND ca_yes == 0 AND adlp == 0 AND dzgroup_Cirrhosis == 0 AND charges <= 4.02e+05 AND urine <= 4.94e+03 AND 25.5 <= meanbp <= 80.5 AND ca_no == 1 AND adlsc <= 1.91 AND race_hispanic == 0,1.0
0,1,1.0,1.0,1,1,19,19,dnr_dnr after sadm == 0 AND income_was_missing == 0 AND pafi <= 533 AND bun <= 79.8 AND dzgroup_MOSF w/Malig == 0 AND race_white == 1 AND charges <= 5e+05 AND alb <= 9.01 AND race_other == 0 AND scoma <= 34.5 AND meanbp <= 169 AND crea <= 7.15 AND glucose <= 581 AND adlsc <= 2.66 AND dzgroup_COPD == 0 AND edu <= 5.89 AND dementia == 0 AND 91.4 <= hrt <= 179 AND dzgroup_Colon Cancer == 0,1.0
0,1,1.0,1.0,45,45,20,20,dnr_dnr before sadm == 0 AND avtisst <= 20.4 AND dzgroup_COPD == 0 AND wblc <= 71.5 AND dnr_dnr after sadm == 0 AND bun <= 113 AND race_hispanic == 0 AND ca_yes == 0 AND meanbp <= 120 AND aps <= 38.7 AND 36.4 <= hrt <= 211 AND pafi <= 512 AND 128 <= sod <= 155 AND adlp_was_missing == 0 AND dzgroup_Colon Cancer == 0 AND race_asian == 0 AND race_white == 1 AND crea <= 8.87 AND 7.11 <= ph <= 7.61 AND 33 <= temp <= 40.4,1.0
0,1,1.0,1.0,6,6,13,13,race_other == 0 AND 7.77 <= edu <= 28.2 AND avtisst <= 36.5 AND glucose_was_missing == 0 AND adlp == 1 AND dementia == 0 AND bili <= 12.9 AND race_black == 0 AND race_white == 1 AND dnr_dnr before sadm == 0 AND totcst <= 1.7e+05 AND meanbp <= 161 AND ca_no == 0,1.0
0,1,1.0,1.0,2,2,21,21,dnr_no dnr == 1 AND resp <= 44.2 AND age >= 44.6 AND 117 <= sod <= 159 AND diabetes == 0 AND dzgroup_Cirrhosis == 0 AND race_black == 0 AND sps <= 48 AND dzgroup_Colon Cancer == 0 AND dzgroup_Coma == 0 AND dementia == 0 AND 8.02 <= hrt <= 208 AND sex == 0 AND totcst <= 2.33e+05 AND 11.5 <= edu <= 24.5 AND 42.6 <= aps <= 93.4 AND bun <= 103 AND dzgroup_CHF == 0 AND race_hispanic == 1 AND ca_yes == 0 AND dnr_dnr after sadm == 0,1.0
0,1,1.0,1.0,3,3,24,24,scoma <= 31 AND charges <= 5.39e+05 AND totcst <= 2.48e+05 AND avtisst <= 18.8 AND 47.8 <= hrt <= 192 AND bili <= 12.6 AND 129 <= sod <= 155 AND ph >= 7.18 AND glucose <= 463 AND 1.2 <= bun <= 121 AND urine_was_missing == 0 AND adlp_was_missing == 0 AND adlp == 1 AND 1.3 <= adlsc <= 4.7 AND income == 3 AND dzgroup_CHF == 0 AND dzgroup_Colon Cancer == 0 AND dzgroup_MOSF w/Malig == 0 AND dzclass_Cancer == 1 AND dzclass_Coma == 0 AND race_asian == 0 AND race_black == 0 AND race_hispanic == 0 AND race_other == 0,1.0
0,1,1.0,1.0,13,13,20,20,dnr_no dnr == 1 AND aps <= 80.6 AND urine_was_missing == 1 AND charges <= 5.05e+05 AND avtisst <= 47.2 AND urine <= 5.06e+03 AND dzgroup_COPD == 0 AND dzgroup_Lung Cancer == 0 AND dzgroup_MOSF w/Malig == 0 AND race_other == 0 AND glucose <= 335 AND glucose_was_missing == 1 AND race_asian == 0 AND crea <= 6.67 AND race_black == 1 AND scoma <= 34.5 AND totcst <= 1.88e+05 AND dzgroup_Cirrhosis == 0 AND dnr_dnr after sadm == 0 AND 6.33 <= edu <= 19.7,1.0
1,1,1.0,1.0,1,1,25,25,28.9 <= age <= 70.7 AND charges <= 3.4e+05 AND totcst <= 1.88e+05 AND totmcst <= 2.62e+05 AND 18.4 <= sps <= 83.8 AND 70.9 <= aps <= 137 AND dnrday <= 106 AND resp <= 37.6 AND bili <= 24.1 AND glucose_was_missing == 0 AND glucose <= 489 AND adls == 1 AND sex == 1 AND income_was_missing == 1 AND income == 1 AND dzgroup_CHF == 0 AND dzgroup_COPD == 0 AND dzgroup_Lung Cancer == 0 AND dzgroup_MOSF w/Malig == 0 AND dzclass_Cancer == 0 AND race_asian == 0 AND race_hispanic == 0 AND race_other == 0 AND race_white == 0 AND ca_yes == 0,1.0
1,1,1.0,1.0,4,4,19,19,dzgroup_COPD == 0 AND dnr_no dnr == 0 AND aps <= 77.2 AND 25.4 <= age <= 63.9 AND pafi <= 524 AND dementia == 0 AND dnrday <= 49.6 AND adlp == 0 AND income_was_missing == 1 AND charges <= 4.73e+05 AND totmcst <= 2.71e+05 AND hrt >= 72.9 AND bili <= 10.6 AND 112 <= sod <= 144 AND bun <= 119 AND dzgroup_CHF == 0 AND dzgroup_Colon Cancer == 0 AND race_black == 0 AND 20.5 <= avtisst <= 68.2,1.0
1,1,1.0,1.0,5,5,23,23,dzgroup_Cirrhosis == 0 AND dzclass_Cancer == 0 AND race_hispanic == 0 AND dnr_dnr before sadm == 0 AND race_asian == 0 AND diabetes == 0 AND adlp == 0 AND dnr_no dnr == 0 AND dementia == 0 AND 121 <= sod <= 159 AND dnr_dnr after sadm == 1 AND adlp_was_missing == 1 AND hrt <= 140 AND pafi <= 746 AND bili <= 22.4 AND glucose_was_missing == 0 AND bun <= 120 AND sex == 0 AND income_was_missing == 0 AND income == 2 AND dzgroup_CHF == 0 AND race_black == 0 AND ca_yes == 1,1.0
1,1,1.0,1.0,1,1,30,30,num_co == 1 AND 5.18 <= edu <= 18.8 AND totcst <= 2.6e+05 AND totmcst <= 2.22e+05 AND 48 <= sps <= 81.6 AND diabetes == 0 AND dementia == 0 AND 20.3 <= hrt <= 180 AND 18.8 <= resp <= 53.2 AND 36.3 <= temp <= 40.2 AND crea <= 4.11 AND urine_was_missing == 1 AND adls == 1 AND 1.26 <= adlsc <= 4.66 AND sex == 0 AND income_was_missing == 1 AND income == 1 AND dzgroup_CHF == 0 AND dzgroup_COPD == 0 AND dzgroup_Coma == 0 AND dzgroup_Lung Cancer == 0 AND dzclass_COPD/CHF/Cirrhosis == 0 AND dzclass_Cancer == 0 AND race_black == 1 AND race_hispanic == 0 AND race_other == 0 AND ca_no == 0 AND ca_yes == 1 AND dnr_dnr after sadm == 0 AND dnr_dnr before sadm == 0,1.0
0,1,1.0,1.0,23,23,26,26,dnr_dnr after sadm == 0 AND temp >= 34.9 AND race_hispanic == 0 AND avtisst <= 37.3 AND age >= 25.8 AND scoma <= 34.5 AND aps <= 84.1 AND dzclass_Cancer == 0 AND dzgroup_Lung Cancer == 0 AND totmcst <= 2.97e+05 AND sps <= 46 AND 120 <= sod <= 156 AND dzgroup_Coma == 0 AND dzclass_Coma == 0 AND dnr_dnr before sadm == 0 AND 8.73 <= edu <= 19.3 AND diabetes == 0 AND race_other == 0 AND 42.8 <= meanbp <= 135 AND alb <= 13.1 AND urine_was_missing == 1 AND dzgroup_Colon Cancer == 0 AND ca_yes == 0 AND 7.27 <= ph <= 7.57 AND glucose <= 506 AND income == 3,1.0
1,1,1.0,1.0,2,2,28,28,dzgroup_COPD == 0 AND dzgroup_Lung Cancer == 0 AND ca_no == 1 AND dnr_dnr after sadm == 1 AND dzgroup_MOSF w/Malig == 0 AND adlp_was_missing == 1 AND urine <= 4.26e+03 AND 58.1 <= age <= 98.3 AND bili <= 9.19 AND dzgroup_Cirrhosis == 0 AND race_other == 0 AND 61.5 <= hrt <= 198 AND 35 <= temp <= 40.7 AND sps <= 69.5 AND ca_yes == 0 AND 7.26 <= ph <= 7.66 AND race_hispanic == 0 AND dzgroup_CHF == 0 AND race_asian == 0 AND 30.5 <= aps <= 101 AND 121 <= sod <= 149 AND dnr_dnr before sadm == 0 AND dnr_no dnr == 0 AND bun_was_missing == 0 AND sex == 1 AND num_co == 3 AND adls == 1 AND 101 <= pafi <= 632,1.0
0,1,1.0,1.0,4,4,21,21,dnr_dnr after sadm == 0 AND dzgroup_Coma == 0 AND race_other == 0 AND diabetes == 0 AND sps <= 48 AND adlp == 0 AND dzclass_Cancer == 0 AND charges <= 4.27e+05 AND wblc <= 63.8 AND 121 <= sod <= 146 AND dzgroup_CHF == 0 AND dzclass_COPD/CHF/Cirrhosis == 0 AND 36.7 <= temp <= 40.3 AND dzgroup_Lung Cancer == 0 AND avtisst <= 42.3 AND crea <= 9.96 AND 7.22 <= ph <= 7.73 AND income_was_missing == 1 AND pafi <= 221 AND glucose_was_missing == 0 AND ca_yes == 0,1.0
0,1,1.0,1.0,10,10,18,18,race_other == 0 AND 7.11 <= ph <= 7.75 AND dnr_no dnr == 1 AND 81.9 <= meanbp <= 156 AND dzgroup_MOSF w/Malig == 0 AND ca_no == 0 AND aps <= 65.9 AND 25.8 <= age <= 90 AND avtisst <= 25.1 AND glucose_was_missing == 1 AND dzgroup_CHF == 0 AND dzgroup_Cirrhosis == 0 AND dzclass_Cancer == 1 AND totcst <= 2.47e+05 AND adls == 0 AND bun_was_missing == 1 AND dzclass_Coma == 0 AND race_asian == 0,1.0
0,1,1.0,1.0,24,24,17,17,race_other == 0 AND dzgroup_Cirrhosis == 0 AND glucose_was_missing == 0 AND dzgroup_MOSF w/Malig == 0 AND race_asian == 0 AND ca_yes == 0 AND race_hispanic == 0 AND dnr_dnr before sadm == 0 AND dementia == 0 AND 31.5 <= meanbp <= 169 AND glucose <= 272 AND adlsc <= 2.66 AND dnr_no dnr == 1 AND scoma <= 34.5 AND 30.3 <= aps <= 74.9 AND 34.1 <= temp <= 37.9 AND crea <= 7.15,1.0
1,1,1.0,1.0,2,2,19,19,avtisst >= 23.5 AND race_hispanic == 0 AND dnr_dnr after sadm == 1 AND dementia == 0 AND adlp == 0 AND bun <= 113 AND glucose <= 377 AND 2.11 <= adlsc <= 6.78 AND dzclass_Coma == 0 AND ca_yes == 1 AND dnr_dnr before sadm == 0 AND dnr_no dnr == 0 AND dzclass_Cancer == 0 AND urine_was_missing == 0 AND dzgroup_COPD == 0 AND totmcst <= 1.73e+05 AND dnrday <= 96.1 AND 57.3 <= age <= 90.8 AND dzgroup_Lung Cancer == 0,1.0
0,1,1.0,1.0,6,6,20,19,dzgroup_Cirrhosis == 0 AND scoma <= 24 AND dementia == 0 AND race_other == 0 AND dnr_no dnr == 1 AND meanbp <= 161 AND 3.76 <= resp <= 37.8 AND glucose <= 272 AND dzgroup_MOSF w/Malig == 0 AND dnr_dnr before sadm == 0 AND totmcst <= 2.72e+05 AND alb <= 7.12 AND 7.11 <= ph <= 7.73 AND dzgroup_CHF == 0 AND dzgroup_COPD == 1 AND dzclass_Coma == 0 AND race_hispanic == 0 AND totcst <= 2.27e+05 AND income_was_missing == 1,1.0
0,1,1.0,1.0,56,56,19,19,dnr_dnr after sadm == 0 AND dnr_dnr before sadm == 0 AND dzgroup_Colon Cancer == 0 AND dzgroup_Coma == 0 AND adlp_was_missing == 0 AND race_other == 0 AND totcst <= 1.26e+05 AND totmcst <= 2.37e+05 AND resp <= 51.3 AND adlsc <= 2.51 AND charges <= 4.27e+05 AND avtisst <= 42.3 AND aps <= 74.9 AND 32.4 <= meanbp <= 85.6 AND ph >= 7.04 AND dzgroup_Cirrhosis == 0 AND race_asian == 0 AND race_black == 0 AND glucose <= 368,1.0
0,1,1.0,1.0,64,64,19,19,dnr_dnr after sadm == 0 AND diabetes == 0 AND dnr_no dnr == 1 AND dzgroup_COPD == 0 AND ca_no == 1 AND adlp_was_missing == 0 AND avtisst <= 23.3 AND race_other == 0 AND 47 <= meanbp <= 161 AND wblc <= 63.8 AND resp <= 51.3 AND sps <= 46 AND aps <= 80.6 AND crea <= 6.67 AND glucose <= 335 AND urine <= 5.06e+03 AND dzgroup_MOSF w/Malig == 0 AND race_asian == 0 AND totmcst <= 1.3e+05,1.0
0,1,1.0,1.0,3,3,20,20,race_other == 0 AND dnr_dnr after sadm == 0 AND scoma <= 27.5 AND glucose_was_missing == 0 AND dzgroup_Cirrhosis == 0 AND race_hispanic == 0 AND bun_was_missing == 0 AND dnr_dnr before sadm == 0 AND adlp == 0 AND dzgroup_COPD == 0 AND avtisst <= 41.2 AND sps <= 45.1 AND bili <= 19.8 AND race_asian == 0 AND dzclass_Coma == 0 AND 36.4 <= hrt <= 141 AND 3.96 <= resp <= 44.2 AND bun <= 104 AND sex == 1 AND 4.93e+04 <= totmcst <= 2.7e+05,1.0
0,1,1.0,1.0,18,18,17,17,dzgroup_Cirrhosis == 0 AND dnr_dnr after sadm == 0 AND urine_was_missing == 1 AND race_other == 0 AND dzclass_COPD/CHF/Cirrhosis == 0 AND alb <= 9.01 AND bun <= 99.2 AND dzgroup_Colon Cancer == 1 AND dzgroup_Coma == 0 AND wblc <= 63.8 AND glucose <= 272 AND dzclass_Coma == 0 AND ca_no == 0 AND ca_yes == 0 AND dnr_no dnr == 1 AND dzgroup_CHF == 0 AND race_asian == 0,1.0
0,1,1.0,1.0,4,4,19,19,dnr_dnr after sadm == 0 AND glucose <= 413 AND age >= 25.8 AND dzgroup_Coma == 0 AND dnr_no dnr == 1 AND adlsc <= 1.13 AND wblc <= 63.8 AND race_other == 0 AND dzclass_COPD/CHF/Cirrhosis == 0 AND 6.26 <= avtisst <= 34.7 AND dementia == 0 AND urine_was_missing == 1 AND ca_no == 0 AND totmcst <= 2.37e+05 AND resp <= 51.3 AND dzgroup_Colon Cancer == 0 AND dnr_dnr before sadm == 0 AND adlp_was_missing == 0 AND dzgroup_MOSF w/Malig == 0,1.0
0,1,1.0,1.0,1,1,25,25,dnr_dnr before sadm == 0 AND adlp == 0 AND dzgroup_Coma == 0 AND income_was_missing == 1 AND ca_yes == 0 AND bun <= 113 AND dnr_dnr after sadm == 0 AND crea <= 9.15 AND 7.29 <= ph <= 7.71 AND dzclass_COPD/CHF/Cirrhosis == 1 AND race_hispanic == 0 AND totmcst <= 2.62e+05 AND 9.2 <= avtisst <= 37.3 AND dementia == 0 AND 37.9 <= hrt <= 130 AND 13.5 <= resp <= 56.5 AND 34.9 <= temp <= 37.6 AND sod <= 150 AND glucose <= 356 AND sex == 0 AND income == 1 AND dzgroup_CHF == 0 AND race_black == 0 AND dnrday <= 134 AND adlsc <= 1.31,1.0
0,1,1.0,1.0,1,1,22,22,dementia == 0 AND dnrday <= 114 AND avtisst <= 23.3 AND alb <= 9.58 AND race_other == 0 AND wblc <= 72.2 AND 7.11 <= ph <= 7.73 AND bili <= 23.2 AND meanbp <= 161 AND dzgroup_Cirrhosis == 0 AND ca_yes == 0 AND 37.4 <= hrt <= 217 AND dzgroup_Coma == 0 AND dzgroup_COPD == 0 AND 45.8 <= age <= 86 AND scoma <= 34.5 AND totmcst <= 2.62e+05 AND sex == 1 AND race_asian == 0 AND dnr_dnr after sadm == 0 AND resp <= 48.6 AND dzgroup_MOSF w/Malig == 1,1.0
0,1,1.0,1.0,4,4,18,17,dzgroup_Coma == 0 AND race_other == 0 AND dzclass_Coma == 0 AND dzclass_COPD/CHF/Cirrhosis == 0 AND dnr_dnr after sadm == 0 AND totmcst <= 2.37e+05 AND adlp_was_missing == 0 AND bun <= 59.8 AND aps <= 46.8 AND 49.3 <= meanbp <= 137 AND resp <= 33.6 AND glucose_was_missing == 1 AND adlp == 0 AND dzgroup_CHF == 0 AND dzgroup_Lung Cancer == 1 AND 3.33 <= edu <= 16.7 AND 3.38 <= avtisst <= 22.6,1.0
0,1,1.0,1.0,3,3,22,22,dzclass_Cancer == 0 AND race_other == 0 AND dzgroup_Coma == 0 AND income == 0 AND dnrday <= 104 AND alb <= 6.15 AND dzgroup_COPD == 1 AND dzgroup_CHF == 0 AND bun <= 93.3 AND income_was_missing == 0 AND dzgroup_MOSF w/Malig == 0 AND totmcst <= 2.62e+05 AND 1.87 <= sps <= 45.1 AND diabetes == 0 AND 8.02 <= hrt <= 141 AND 35.1 <= temp <= 37.6 AND 136 <= sod <= 154 AND bun_was_missing == 1 AND 345 <= urine <= 3.09e+03 AND race_black == 0 AND scoma <= 19.5 AND bili <= 12.5,1.0
0,1,1.0,1.0,2,2,29,29,3.16 <= edu <= 20.8 AND charges <= 4.26e+05 AND totcst <= 1.37e+05 AND aps <= 74.2 AND diabetes == 0 AND dementia == 0 AND 21.6 <= hrt <= 198 AND resp <= 40.7 AND 31.9 <= temp <= 39.2 AND 94 <= pafi <= 343 AND alb <= 9.84 AND bili <= 12.9 AND 7.21 <= ph <= 7.71 AND glucose <= 423 AND bun_was_missing == 0 AND adlp == 1 AND 1.67 <= adlsc <= 6.33 AND sex == 0 AND dzgroup_CHF == 0 AND dzgroup_COPD == 0 AND dzgroup_Colon Cancer == 0 AND dzgroup_Coma == 0 AND dzgroup_MOSF w/Malig == 1 AND dzclass_Coma == 0 AND race_black == 0 AND race_hispanic == 0 AND race_white == 1 AND ca_no == 0 AND ca_yes == 0,1.0
0,1,1.0,1.0,14,14,22,22,race_other == 0 AND dnr_dnr after sadm == 0 AND scoma <= 34.5 AND glucose_was_missing == 0 AND bun_was_missing == 0 AND 11.1 <= meanbp <= 128 AND wblc <= 69.8 AND dnr_dnr before sadm == 0 AND race_black == 0 AND adlp == 0 AND dzgroup_COPD == 0 AND ca_no == 0 AND avtisst <= 28.4 AND 2.39 <= edu <= 26.7 AND sps <= 48 AND diabetes == 0 AND dementia == 0 AND glucose <= 314 AND race_asian == 0 AND crea <= 8.26 AND urine <= 2.91e+03 AND dzgroup_CHF == 0,1.0
1,1,1.0,1.0,1,1,21,21,num_co == 1 AND charges <= 5.31e+05 AND totmcst <= 2.33e+05 AND dementia == 0 AND meanbp <= 137 AND wblc <= 94 AND crea <= 6.13 AND glucose_was_missing == 1 AND glucose <= 293 AND urine <= 4.48e+03 AND adlp_was_missing == 0 AND adls == 1 AND sex == 1 AND income == 1 AND dzgroup_CHF == 0 AND dzgroup_Cirrhosis == 0 AND dzgroup_Colon Cancer == 1 AND race_asian == 0 AND race_black == 0 AND ca_no == 0 AND dnr_dnr after sadm == 1,1.0
0,1,1.0,1.0,7,7,21,21,dzgroup_MOSF w/Malig == 0 AND avtisst <= 30.5 AND dzclass_Cancer == 0 AND dnr_dnr before sadm == 0 AND dzgroup_Cirrhosis == 1 AND 25.8 <= age <= 81.1 AND 2.39 <= edu <= 21.6 AND dzgroup_COPD == 0 AND race_black == 0 AND sps <= 61.1 AND ph >= 7.28 AND 1.1 <= adlsc <= 5.7 AND wblc <= 78.4 AND scoma <= 25 AND bun <= 60.3 AND urine_was_missing == 1 AND race_white == 1 AND dementia == 0 AND 23.8 <= meanbp <= 90.2 AND 117 <= sod <= 151 AND adlp_was_missing == 1,1.0
1,1,1.0,1.0,1,1,30,30,num_co == 4 AND 1.92 <= edu <= 22.1 AND 14 <= scoma <= 60 AND totmcst <= 1.41e+05 AND 21 <= avtisst <= 51 AND aps <= 67.8 AND dementia == 0 AND 31.8 <= meanbp <= 174 AND 28.9 <= hrt <= 121 AND 26.4 <= resp <= 53.6 AND pafi >= 526 AND alb <= 11.4 AND bili <= 18.2 AND 7.02 <= ph <= 7.63 AND bun_was_missing == 0 AND bun <= 45.9 AND urine_was_missing == 0 AND adlp_was_missing == 1 AND adls == 6 AND sex == 1 AND income_was_missing == 1 AND dzgroup_Cirrhosis == 1 AND dzgroup_Lung Cancer == 0 AND dzclass_Cancer == 0 AND dzclass_Coma == 0 AND race_asian == 0 AND race_hispanic == 0 AND race_white == 1 AND ca_no == 1 AND dnr_dnr after sadm == 0,1.0
1,1,1.0,1.0,1,1,23,23,totcst <= 1.42e+05 AND dnr_no dnr == 0 AND num_co == 2 AND income_was_missing == 1 AND 6.09 <= edu <= 21.9 AND crea <= 9.05 AND 7.28 <= ph <= 7.66 AND dzgroup_CHF == 0 AND dzgroup_Cirrhosis == 0 AND dnr_dnr before sadm == 0 AND adls == 1 AND scoma <= 35.5 AND 33.3 <= temp <= 39.1 AND pafi <= 492 AND adlp == 0 AND 1.36 <= adlsc <= 4.76 AND sex == 1 AND dzgroup_MOSF w/Malig == 0 AND race_hispanic == 0 AND dzgroup_Lung Cancer == 0 AND dnr_dnr after sadm == 1 AND dnrday <= 63.8 AND 41.8 <= hrt <= 186,1.0
1,1,1.0,1.0,15,15,30,30,crea <= 6.12 AND bun <= 103 AND dzgroup_Colon Cancer == 0 AND dzclass_Cancer == 0 AND dementia == 0 AND dzgroup_COPD == 0 AND dzgroup_MOSF w/Malig == 0 AND dnr_dnr before sadm == 0 AND dnr_no dnr == 0 AND wblc <= 35.8 AND 34.7 <= temp <= 41.5 AND 7.5 <= edu <= 19.9 AND 118 <= sod <= 156 AND adlp_was_missing == 1 AND totmcst <= 2.74e+05 AND totcst <= 2.67e+05 AND race_asian == 0 AND 25.1 <= age <= 73.7 AND avtisst >= 31 AND dnrday <= 71.1 AND alb <= 11.2 AND dzclass_Coma == 0 AND ca_yes == 0 AND adlp == 0 AND dzgroup_Cirrhosis == 0 AND charges <= 4.02e+05 AND urine <= 4.94e+03 AND 25.5 <= meanbp <= 80.5 AND bili <= 20.7 AND ca_no == 1,1.0
0,1,1.0,1.0,15,15,17,17,dnr_dnr before sadm == 0 AND bun_was_missing == 0 AND adlp == 0 AND dzgroup_Coma == 0 AND income_was_missing == 1 AND race_other == 0 AND ca_yes == 0 AND bun <= 113 AND dnr_dnr after sadm == 0 AND scoma <= 22.5 AND crea <= 9.15 AND 7.13 <= ph <= 7.71 AND adlsc <= 3.98 AND dzclass_COPD/CHF/Cirrhosis == 1 AND race_hispanic == 0 AND dnr_no dnr == 1 AND dzgroup_Colon Cancer == 0,1.0
0,1,1.0,1.0,10,10,18,18,dnr_dnr before sadm == 0 AND avtisst <= 23.3 AND adlp == 0 AND sex == 0 AND wblc <= 71.5 AND dzgroup_Coma == 0 AND race_other == 0 AND bili <= 28.5 AND ca_yes == 0 AND income_was_missing == 1 AND diabetes == 0 AND dnrday <= 87.2 AND 44 <= hrt <= 146 AND dzgroup_CHF == 0 AND dzgroup_Lung Cancer == 0 AND dzclass_Coma == 0 AND age <= 80.4 AND bun_was_missing == 0,1.0
1,1,1.0,1.0,1,1,19,19,165 <= urine <= 4.58e+03 AND avtisst >= 23.5 AND dementia == 0 AND adlp == 0 AND dzgroup_Cirrhosis == 0 AND dzclass_Cancer == 0 AND race_asian == 0 AND income_was_missing == 1 AND dzgroup_Lung Cancer == 0 AND race_other == 0 AND dnrday <= 55.5 AND glucose <= 326 AND bun_was_missing == 1 AND dzgroup_Coma == 0 AND 3.01 <= edu <= 21 AND glucose_was_missing == 1 AND charges <= 2.84e+05 AND 36.2 <= temp <= 41.2 AND income == 1,1.0
1,1,1.0,1.0,1,1,16,16,dzgroup_COPD == 0 AND race_hispanic == 0 AND aps <= 101 AND diabetes == 0 AND 8.12 <= resp <= 31.9 AND adlp_was_missing == 1 AND race_asian == 0 AND dnr_no dnr == 0 AND 7.11 <= ph <= 7.73 AND bun_was_missing == 0 AND urine <= 3.02e+03 AND income_was_missing == 0 AND income == 3 AND dzclass_Cancer == 0 AND dzclass_Coma == 0 AND dnr_dnr after sadm == 1,1.0
0,1,1.0,1.0,6,6,20,20,dnr_dnr before sadm == 0 AND charges <= 5.05e+05 AND ca_yes == 0 AND resp <= 51.3 AND dzgroup_COPD == 0 AND dnr_no dnr == 1 AND age >= 75.6 AND 8.02 <= hrt <= 172 AND dzgroup_MOSF w/Malig == 0 AND race_asian == 0 AND dzgroup_CHF == 1 AND sps <= 46 AND aps <= 80.6 AND wblc <= 63.8 AND glucose <= 335 AND urine_was_missing == 1 AND dzgroup_Lung Cancer == 0 AND dzclass_Cancer == 0 AND race_other == 0 AND race_white == 1,1.0
0,1,1.0,1.0,16,16,20,20,avtisst <= 24.4 AND crea <= 7.28 AND race_other == 0 AND charges <= 6.04e+05 AND scoma <= 17.5 AND dzgroup_Cirrhosis == 0 AND dzgroup_COPD == 0 AND adlsc <= 2.05 AND bun <= 143 AND race_hispanic == 0 AND aps <= 45.6 AND dnrday <= 78.7 AND wblc <= 42.9 AND bun_was_missing == 0 AND income_was_missing == 1 AND dzgroup_MOSF w/Malig == 0 AND dzclass_Coma == 0 AND race_black == 0 AND totcst <= 2.55e+05 AND income == 1,1.0
1,1,1.0,1.0,1,1,30,30,31.1 <= age <= 58.7 AND num_co == 2 AND totmcst <= 1.27e+05 AND 13.1 <= sps <= 52.7 AND 23.9 <= aps <= 90.1 AND 65.5 <= meanbp <= 159 AND 56.4 <= hrt <= 236 AND pafi <= 291 AND bili <= 12.8 AND crea <= 4.63 AND glucose <= 403 AND bun_was_missing == 1 AND adlp_was_missing == 1 AND adlp == 0 AND adlsc <= 1.91 AND sex == 1 AND income_was_missing == 0 AND income == 0 AND dzgroup_CHF == 0 AND dzgroup_Cirrhosis == 0 AND dzgroup_Colon Cancer == 0 AND dzgroup_Coma == 0 AND dzgroup_Lung Cancer == 0 AND dzgroup_MOSF w/Malig == 0 AND dzclass_COPD/CHF/Cirrhosis == 0 AND race_asian == 0 AND race_hispanic == 0 AND race_other == 0 AND dnr_dnr after sadm == 0 AND dnr_dnr before sadm == 0,1.0
0,1,1.0,1.0,3,3,18,18,avtisst <= 36.5 AND dzgroup_Coma == 0 AND race_black == 0 AND glucose_was_missing == 0 AND crea <= 7.15 AND dzclass_Cancer == 1 AND glucose <= 551 AND race_other == 0 AND num_co == 1 AND ca_no == 0 AND sod <= 155 AND dzgroup_Cirrhosis == 0 AND dzclass_COPD/CHF/Cirrhosis == 0 AND ca_yes == 0 AND 54.3 <= age <= 93.7 AND bun <= 177 AND adlp == 1 AND dzclass_Coma == 0,1.0
0,1,1.0,1.0,13,13,21,21,dnr_dnr after sadm == 0 AND race_hispanic == 0 AND dzgroup_Coma == 0 AND race_other == 0 AND diabetes == 0 AND sps <= 48 AND adlp == 0 AND dzclass_Cancer == 0 AND ca_no == 1 AND 51.5 <= hrt <= 178 AND race_white == 0 AND dnr_no dnr == 1 AND charges <= 4.27e+05 AND 9.41 <= aps <= 92.6 AND wblc <= 63.8 AND 130 <= sod <= 146 AND bun <= 113 AND dzgroup_CHF == 0 AND dzclass_COPD/CHF/Cirrhosis == 0 AND 36.7 <= temp <= 40.3 AND dzgroup_Lung Cancer == 0,1.0
0,1,1.0,1.0,12,12,14,14,race_other == 0 AND diabetes == 1 AND 345 <= urine <= 5.68e+03 AND race_black == 0 AND dzclass_Cancer == 0 AND race_asian == 0 AND totmcst <= 1.54e+05 AND dementia == 0 AND dnrday <= 104 AND alb <= 7.12 AND 136 <= sod <= 154 AND income_was_missing == 0 AND dzclass_COPD/CHF/Cirrhosis == 1 AND dnr_dnr after sadm == 0,1.0
0,1,1.0,1.0,9,9,15,15,race_other == 0 AND 7.11 <= ph <= 7.75 AND dnr_no dnr == 1 AND dzgroup_MOSF w/Malig == 0 AND ca_no == 0 AND avtisst <= 37.3 AND glucose_was_missing == 1 AND adls == 0 AND diabetes == 0 AND wblc <= 97.7 AND alb <= 13.1 AND adlp_was_missing == 0 AND income_was_missing == 0 AND dzclass_COPD/CHF/Cirrhosis == 0 AND race_white == 1,1.0
0,1,1.0,1.0,6,6,22,22,dzclass_Cancer == 0 AND alb <= 9.58 AND race_hispanic == 0 AND adlp == 0 AND dzclass_Coma == 0 AND race_asian == 0 AND ca_no == 1 AND scoma <= 36.5 AND totcst <= 2.96e+05 AND totmcst <= 2.62e+05 AND glucose_was_missing == 0 AND adlp_was_missing == 1 AND dzgroup_CHF == 1 AND dzgroup_COPD == 0 AND dnr_dnr after sadm == 0 AND glucose <= 508 AND dzgroup_Colon Cancer == 0 AND avtisst <= 48.1 AND dzgroup_MOSF w/Malig == 0 AND ca_yes == 0 AND dnr_no dnr == 1 AND urine <= 2.65e+03,1.0
1,1,1.0,1.0,14,14,30,30,dzgroup_COPD == 0 AND dzgroup_MOSF w/Malig == 0 AND race_asian == 0 AND dzgroup_Cirrhosis == 0 AND avtisst >= 31 AND dementia == 0 AND ca_no == 1 AND adlp == 0 AND adlp_was_missing == 1 AND dzclass_Cancer == 0 AND 21.6 <= hrt <= 208 AND dnr_no dnr == 0 AND dnrday <= 71.1 AND bun <= 103 AND dzgroup_CHF == 0 AND ca_yes == 0 AND dzgroup_Colon Cancer == 0 AND 25.1 <= age <= 73.7 AND totcst <= 2.67e+05 AND 118 <= sod <= 156 AND dzgroup_Lung Cancer == 0 AND 4.09 <= edu <= 19.9 AND bun_was_missing == 1 AND race_black == 0 AND dzclass_Coma == 0 AND crea <= 6.12 AND urine_was_missing == 1 AND urine <= 2.9e+03 AND dnr_dnr before sadm == 0 AND dzclass_COPD/CHF/Cirrhosis == 0,1.0
0,1,1.0,1.0,5,5,23,23,dzclass_Coma == 0 AND dnr_dnr after sadm == 0 AND wblc <= 42.3 AND 0.134 <= bili <= 16.9 AND aps <= 46.8 AND edu <= 26.7 AND dementia == 0 AND glucose_was_missing == 0 AND dzgroup_Coma == 0 AND race_hispanic == 0 AND urine <= 3.68e+03 AND totcst <= 2.17e+05 AND dnr_dnr before sadm == 1 AND totmcst <= 2.72e+05 AND 20.3 <= glucose <= 340 AND dzgroup_Colon Cancer == 0 AND dzgroup_MOSF w/Malig == 0 AND dzclass_Cancer == 0 AND race_white == 1 AND ca_yes == 0 AND urine_was_missing == 0 AND bun_was_missing == 0 AND sex == 0,1.0
1,1,1.0,1.0,10,10,16,16,avtisst >= 23.5 AND dnr_dnr after sadm == 1 AND aps <= 101 AND adlp == 0 AND dzgroup_COPD == 0 AND totcst <= 1.58e+05 AND glucose_was_missing == 1 AND dzgroup_Colon Cancer == 0 AND bun <= 113 AND charges <= 4.58e+05 AND 42.8 <= pafi <= 557 AND dzclass_Cancer == 0 AND ca_yes == 0 AND dnr_dnr before sadm == 0 AND hrt <= 140 AND 1.35 <= adlsc <= 4.18,1.0
0,1,1.0,1.0,44,44,14,14,dnr_dnr before sadm == 0 AND dzclass_COPD/CHF/Cirrhosis == 1 AND dnr_no dnr == 1 AND adlp == 0 AND adlsc <= 2.51 AND sex == 0 AND dzgroup_Coma == 0 AND dnr_dnr after sadm == 0 AND ca_yes == 0 AND 7.13 <= ph <= 7.71 AND 1.49 <= edu <= 14.5 AND scoma <= 16.5 AND glucose <= 503 AND totmcst <= 1.8e+05,1.0
0,1,1.0,1.0,5,5,27,27,dnr_dnr after sadm == 0 AND 67.3 <= glucose <= 508 AND dementia == 0 AND race_hispanic == 0 AND dzclass_Cancer == 1 AND totcst <= 1.67e+05 AND 42.8 <= meanbp <= 158 AND dzgroup_CHF == 0 AND race_white == 1 AND bili <= 11.8 AND crea <= 5.16 AND adlp_was_missing == 1 AND income_was_missing == 1 AND sps <= 45.1 AND dnrday <= 82.4 AND resp <= 51.3 AND dzgroup_Cirrhosis == 0 AND dzgroup_Colon Cancer == 1 AND dzgroup_Coma == 0 AND race_asian == 0 AND 4.52 <= avtisst <= 31.5 AND wblc <= 83.7 AND urine <= 4.84e+03 AND dzclass_Coma == 0 AND ca_no == 0 AND 7.2 <= edu <= 16.8 AND pafi <= 481,1.0
0,1,1.0,1.0,12,12,19,19,dzgroup_MOSF w/Malig == 0 AND diabetes == 0 AND sps <= 55.2 AND dzgroup_Cirrhosis == 0 AND income_was_missing == 1 AND charges <= 5e+05 AND meanbp >= 31.5 AND 7.09 <= ph <= 7.59 AND 3.63 <= edu <= 20.4 AND dzclass_Coma == 0 AND race_black == 0 AND hrt <= 197 AND alb <= 7.08 AND glucose_was_missing == 0 AND glucose <= 508 AND 0.631 <= adlsc <= 5.72 AND dzgroup_Colon Cancer == 0 AND dzclass_COPD/CHF/Cirrhosis == 1 AND wblc <= 65.6,1.0
0,1,1.0,1.0,12,12,15,15,7.11 <= ph <= 7.75 AND 1.49 <= edu <= 22.4 AND dzgroup_Colon Cancer == 1 AND race_asian == 0 AND dnr_no dnr == 1 AND totcst <= 1.5e+05 AND income_was_missing == 0 AND dzgroup_MOSF w/Malig == 0 AND aps <= 65.9 AND resp <= 51.3 AND glucose <= 503 AND bun_was_missing == 1 AND dzgroup_Coma == 0 AND scoma <= 18 AND bili <= 19.5,1.0
0,1,1.0,1.0,13,13,16,16,dnr_no dnr == 1 AND totcst <= 1.21e+05 AND adlsc <= 2.51 AND edu <= 14.5 AND scoma <= 58.7 AND aps <= 46.8 AND urine_was_missing == 1 AND adlp == 0 AND ca_yes == 0 AND 34.7 <= temp <= 41.3 AND bili <= 17.6 AND dzgroup_Lung Cancer == 0 AND race_hispanic == 0 AND ca_no == 0 AND dzgroup_Cirrhosis == 0 AND dzgroup_Colon Cancer == 1,1.0
1,1,1.0,1.0,2,2,19,19,165 <= urine <= 3.76e+03 AND avtisst >= 23.5 AND race_hispanic == 0 AND dnr_dnr after sadm == 1 AND 30.5 <= aps <= 101 AND dementia == 0 AND dzgroup_COPD == 0 AND diabetes == 0 AND bun <= 113 AND charges <= 4.58e+05 AND hrt <= 132 AND 34.7 <= temp <= 37.4 AND dzclass_COPD/CHF/Cirrhosis == 1 AND dzclass_Coma == 0 AND race_asian == 0 AND race_black == 0 AND 116 <= sod <= 156 AND sex == 0 AND alb <= 9.57,1.0
1,1,1.0,1.0,1,1,12,12,dzgroup_COPD == 0 AND adlp == 0 AND dzclass_Cancer == 0 AND race_asian == 0 AND dnrday <= 49.6 AND dementia == 0 AND pafi <= 524 AND dnr_no dnr == 0 AND dzgroup_Cirrhosis == 1 AND bun <= 119 AND race_hispanic == 0 AND income == 3,1.0
1,1,1.0,1.0,2,2,32,32,52.1 <= age <= 83 AND num_co == 3 AND 7.73 <= edu <= 18.3 AND totmcst <= 1.16e+05 AND aps <= 55.3 AND dementia == 0 AND 49.6 <= meanbp <= 110 AND wblc <= 29.7 AND 51.2 <= hrt <= 161 AND resp <= 50.4 AND 48.3 <= pafi <= 280 AND alb <= 8.86 AND bili <= 13.2 AND 117 <= sod <= 155 AND 7.12 <= ph <= 7.38 AND glucose <= 272 AND bun_was_missing == 1 AND urine_was_missing == 1 AND 660 <= urine <= 3.27e+03 AND adlp == 5 AND adls == 5 AND sex == 1 AND dzgroup_CHF == 0 AND dzgroup_COPD == 1 AND dzclass_Cancer == 0 AND race_asian == 0 AND race_black == 0 AND race_other == 0 AND ca_no == 1 AND dnr_dnr after sadm == 1 AND dnr_dnr before sadm == 0 AND dnr_no dnr == 0,1.0
0,1,1.0,1.0,1,1,20,20,scoma <= 34.5 AND dnr_dnr after sadm == 0 AND totcst <= 1.69e+05 AND dzclass_COPD/CHF/Cirrhosis == 0 AND ca_yes == 0 AND glucose <= 392 AND dnrday <= 89.4 AND avtisst <= 37.3 AND alb <= 8.86 AND bili <= 23.2 AND dzgroup_Cirrhosis == 0 AND race_hispanic == 0 AND 30.7 <= age <= 68.4 AND bun_was_missing == 0 AND race_other == 0 AND race_white == 0 AND dnr_no dnr == 1 AND 1.45 <= sps <= 32.1 AND 99 <= hrt <= 221 AND 1.82 <= crea <= 7.57,1.0
0,1,1.0,1.0,53,53,22,22,dzclass_COPD/CHF/Cirrhosis == 1 AND wblc <= 66.5 AND dnr_no dnr == 1 AND adlp_was_missing == 0 AND dzclass_Coma == 0 AND dnr_dnr before sadm == 0 AND diabetes == 0 AND dzgroup_COPD == 0 AND dzgroup_Colon Cancer == 0 AND 72.2 <= hrt <= 152 AND dzgroup_Lung Cancer == 0 AND dzclass_Cancer == 0 AND race_hispanic == 0 AND aps <= 71.4 AND pafi <= 447 AND bili <= 21.7 AND crea <= 7.72 AND bun_was_missing == 0 AND income_was_missing == 0 AND dnr_dnr after sadm == 0 AND meanbp <= 122 AND bun <= 133,1.0
1,1,1.0,1.0,1,1,26,26,32.7 <= age <= 95.5 AND charges <= 2.57e+05 AND avtisst <= 43.9 AND 45.3 <= aps <= 133 AND diabetes == 1 AND dementia == 0 AND dnrday <= 52.9 AND wblc <= 57.4 AND 28.6 <= resp <= 51.4 AND 36.1 <= temp <= 41.2 AND 104 <= pafi <= 404 AND alb <= 10 AND bili <= 23.2 AND bun_was_missing == 0 AND bun <= 68.3 AND urine <= 4.36e+03 AND income == 1 AND dzgroup_CHF == 0 AND dzgroup_Coma == 1 AND race_asian == 0 AND race_black == 1 AND race_hispanic == 0 AND race_white == 0 AND ca_no == 1 AND dnr_dnr before sadm == 0 AND dnr_no dnr == 1,1.0
0,1,1.0,1.0,5,5,17,17,dnr_dnr after sadm == 0 AND scoma <= 34.5 AND sex == 1 AND diabetes == 0 AND edu <= 22.4 AND dzgroup_Coma == 0 AND crea <= 5.49 AND bun <= 67.8 AND 25.3 <= hrt <= 195 AND 113 <= pafi <= 335 AND dzgroup_CHF == 0 AND dzgroup_MOSF w/Malig == 0 AND 124 <= sod <= 164 AND 1.76 <= adlsc <= 4.24 AND 18.9 <= avtisst <= 53.6 AND alb <= 9.01 AND adls == 4,1.0
0,1,1.0,1.0,11,11,24,24,dnr_dnr after sadm == 0 AND bili <= 22.5 AND income_was_missing == 0 AND dzgroup_MOSF w/Malig == 0 AND diabetes == 0 AND race_asian == 0 AND 1.87 <= sps <= 35.5 AND 345 <= urine <= 4.61e+03 AND dnr_no dnr == 1 AND race_black == 1 AND dnrday <= 80.5 AND wblc <= 42.3 AND dzclass_Coma == 0 AND ca_no == 1 AND adlp_was_missing == 0 AND avtisst <= 42.7 AND dementia == 0 AND 36.4 <= hrt <= 141 AND 24.6 <= resp <= 47.4 AND 114 <= sod <= 154 AND 7.11 <= ph <= 7.73 AND glucose_was_missing == 0 AND dnr_dnr before sadm == 0 AND crea <= 3.89,1.0
1,1,1.0,1.0,1,1,23,23,bun <= 119 AND adlp == 0 AND dnr_dnr before sadm == 0 AND dnr_no dnr == 0 AND dementia == 0 AND glucose_was_missing == 1 AND dzgroup_COPD == 0 AND 38 <= aps <= 86 AND wblc <= 36.5 AND 37.9 <= resp <= 66.1 AND 33.3 <= temp <= 39.2 AND alb <= 9.72 AND 7.21 <= ph <= 7.52 AND dzgroup_Colon Cancer == 0 AND dzgroup_Coma == 0 AND dzgroup_MOSF w/Malig == 1 AND race_black == 0 AND race_other == 0 AND ca_no == 0 AND ca_yes == 1 AND 3.63 <= edu <= 20.4 AND adls == 1 AND income_was_missing == 1,1.0
0,1,1.0,1.0,15,15,21,21,scoma <= 24 AND race_other == 0 AND 7.77 <= edu <= 28.2 AND avtisst <= 36.5 AND glucose_was_missing == 0 AND adlp == 1 AND urine <= 5.04e+03 AND adlp_was_missing == 0 AND bili <= 12.9 AND race_white == 1 AND dnr_dnr before sadm == 0 AND age >= 44.6 AND totcst <= 1.26e+05 AND 36.4 <= hrt <= 141 AND crea <= 7.15 AND 117 <= sod <= 155 AND dzgroup_Coma == 0 AND race_hispanic == 0 AND dnr_no dnr == 1 AND race_asian == 0 AND dnr_dnr after sadm == 0,1.0
0,1,1.0,1.0,12,12,24,24,alb <= 12.5 AND avtisst <= 24.4 AND bun_was_missing == 0 AND bun <= 113 AND sps <= 55.2 AND dzgroup_Cirrhosis == 0 AND income_was_missing == 1 AND scoma <= 34.5 AND 31.5 <= meanbp <= 131 AND adlsc <= 5.72 AND dzgroup_Colon Cancer == 0 AND dzclass_COPD/CHF/Cirrhosis == 1 AND diabetes == 0 AND race_hispanic == 0 AND charges <= 4.16e+05 AND dementia == 0 AND crea <= 7.15 AND sod <= 155 AND glucose <= 314 AND adlp == 0 AND race_asian == 0 AND race_other == 0 AND ca_yes == 0 AND dzgroup_MOSF w/Malig == 0,1.0
0,1,1.0,1.0,2,2,21,21,adlsc <= 1.58 AND race_other == 0 AND avtisst <= 42.3 AND dzgroup_Coma == 0 AND dzgroup_MOSF w/Malig == 0 AND dzgroup_Colon Cancer == 0 AND dnr_dnr before sadm == 0 AND dnr_no dnr == 1 AND dnrday <= 98.2 AND income_was_missing == 0 AND income == 0 AND dzgroup_Cirrhosis == 0 AND dnr_dnr after sadm == 0 AND urine_was_missing == 1 AND scoma <= 34.5 AND race_white == 1 AND 64.9 <= age <= 93.4 AND aps <= 87.6 AND dementia == 0 AND adlp_was_missing == 1 AND charges <= 2.31e+05,1.0
0,1,1.0,1.0,18,18,19,19,dzgroup_Coma == 0 AND race_other == 0 AND 1.94 <= edu <= 20.9 AND bili <= 16.9 AND glucose <= 581 AND dzgroup_Colon Cancer == 0 AND dnr_dnr after sadm == 0 AND 113 <= sod <= 155 AND 7.11 <= ph <= 7.73 AND dementia == 0 AND dnrday <= 75.1 AND urine_was_missing == 1 AND dnr_no dnr == 1 AND age >= 25.8 AND adlp_was_missing == 0 AND ca_no == 0 AND dnr_dnr before sadm == 0 AND adlsc <= 2.16 AND income_was_missing == 0,1.0
1,1,1.0,1.0,2,2,18,18,dnr_dnr after sadm == 1 AND dementia == 0 AND adlp == 0 AND dzgroup_Cirrhosis == 0 AND glucose_was_missing == 1 AND dzgroup_Colon Cancer == 0 AND bun <= 91.8 AND charges <= 1.11e+06 AND diabetes == 0 AND bili <= 12.2 AND dzgroup_Coma == 0 AND dzclass_COPD/CHF/Cirrhosis == 0 AND race_black == 0 AND race_white == 0 AND urine_was_missing == 1 AND adlp_was_missing == 1 AND race_asian == 1 AND dnr_dnr before sadm == 0,1.0
0,1,1.0,1.0,34,34,21,21,resp <= 51.3 AND dzgroup_MOSF w/Malig == 0 AND dnr_dnr after sadm == 0 AND adlsc <= 2.66 AND dzgroup_Colon Cancer == 0 AND race_asian == 0 AND dnr_no dnr == 1 AND bun_was_missing == 1 AND sex == 0 AND 1.49 <= edu <= 17.4 AND ca_yes == 0 AND wblc <= 66.8 AND ca_no == 1 AND sod <= 155 AND income_was_missing == 0 AND dzclass_Coma == 0 AND race_white == 1 AND sps <= 49.5 AND diabetes == 0 AND 33.8 <= temp <= 39.2 AND dnr_dnr before sadm == 0,1.0
0,1,1.0,1.0,22,22,22,22,36.4 <= hrt <= 211 AND dnr_dnr before sadm == 0 AND ca_yes == 0 AND dnr_dnr after sadm == 0 AND crea <= 11.9 AND race_other == 0 AND 4.64 <= edu <= 14.5 AND meanbp <= 131 AND adlp_was_missing == 0 AND race_asian == 0 AND 1.87 <= sps <= 49.7 AND bun <= 126 AND urine >= 345 AND dzgroup_Lung Cancer == 0 AND ca_no == 1 AND dnrday <= 84.1 AND scoma <= 16.5 AND totmcst <= 1.76e+05 AND diabetes == 0 AND dzgroup_Coma == 0 AND sod <= 158 AND adlp == 1,1.0
0,1,1.0,1.0,6,6,16,16,race_other == 0 AND 3.96 <= resp <= 44.2 AND glucose_was_missing == 0 AND dnr_dnr before sadm == 0 AND sex == 1 AND 1.26e+03 <= urine <= 5.3e+03 AND dementia == 0 AND pafi <= 533 AND glucose <= 969 AND race_black == 0 AND income_was_missing == 0 AND aps <= 46.8 AND adlsc <= 2.56 AND num_co == 2 AND 24 <= hrt <= 136 AND adls == 0,1.0
0,1,1.0,1.0,2,2,24,24,dzgroup_Coma == 0 AND dzgroup_Lung Cancer == 0 AND 7.29 <= ph <= 7.61 AND adlp == 0 AND dnr_no dnr == 1 AND dzgroup_COPD == 0 AND 56 <= meanbp <= 147 AND sex == 0 AND dzgroup_CHF == 0 AND dzclass_Cancer == 0 AND totmcst <= 1.09e+05 AND 5.8 <= edu <= 18.2 AND charges <= 5.96e+05 AND 34.4 <= hrt <= 112 AND bun <= 123 AND urine_was_missing == 0 AND urine <= 6.03e+03 AND adlp_was_missing == 1 AND dzgroup_Cirrhosis == 1 AND dzgroup_Colon Cancer == 0 AND dnr_dnr after sadm == 0 AND totcst <= 2.51e+05 AND 42.6 <= glucose <= 389 AND bun_was_missing == 0,1.0
0,1,1.0,1.0,6,6,22,22,race_asian == 0 AND dnr_dnr before sadm == 0 AND resp <= 44.2 AND adlp_was_missing == 0 AND dzgroup_Cirrhosis == 0 AND dzgroup_Coma == 0 AND dzclass_Coma == 0 AND scoma <= 34.5 AND 30.3 <= aps <= 78.5 AND glucose <= 581 AND dzgroup_CHF == 0 AND charges <= 5e+05 AND wblc <= 69.8 AND dzclass_COPD/CHF/Cirrhosis == 1 AND race_other == 0 AND edu <= 16.8 AND sps <= 55.5 AND alb <= 7.87 AND bili <= 15.1 AND dzgroup_COPD == 1 AND dzclass_Cancer == 0 AND ca_yes == 0,1.0
0,1,1.0,1.0,46,46,19,19,dnr_dnr after sadm == 0 AND dzgroup_Coma == 0 AND avtisst <= 36.6 AND crea <= 6.74 AND race_other == 0 AND 57.9 <= hrt <= 140 AND bun <= 130 AND income == 1 AND adlp_was_missing == 0 AND dnr_dnr before sadm == 0 AND resp <= 54.7 AND scoma <= 21 AND ca_yes == 0 AND totmcst <= 2.76e+05 AND diabetes == 1 AND sod <= 165 AND dzgroup_Lung Cancer == 0 AND dzclass_Coma == 0 AND totcst <= 1.75e+05,1.0
0,1,1.0,1.0,4,4,22,22,dzgroup_Coma == 0 AND 25.8 <= age <= 81.1 AND race_other == 0 AND dzgroup_COPD == 0 AND dzclass_Coma == 0 AND dzclass_COPD/CHF/Cirrhosis == 1 AND dementia == 0 AND glucose_was_missing == 1 AND dzgroup_MOSF w/Malig == 0 AND avtisst <= 21.5 AND adls == 2 AND 0.995 <= edu <= 23 AND pafi <= 490 AND crea <= 5.92 AND dzclass_Cancer == 0 AND wblc <= 48.5 AND 1.12 <= adlsc <= 3.8 AND dnrday <= 113 AND bun_was_missing == 1 AND urine_was_missing == 1 AND 25.6 <= aps <= 76.4 AND sex == 0,1.0
0,1,1.0,1.0,1,1,20,20,dzgroup_Coma == 0 AND 25.8 <= age <= 81.1 AND race_other == 0 AND dzgroup_COPD == 0 AND urine <= 3.58e+03 AND race_black == 0 AND dnr_dnr before sadm == 0 AND dzclass_Coma == 0 AND dzclass_COPD/CHF/Cirrhosis == 1 AND sps <= 61.1 AND dementia == 0 AND glucose_was_missing == 1 AND dzgroup_MOSF w/Malig == 0 AND ca_no == 1 AND adls == 2 AND race_hispanic == 0 AND dnr_no dnr == 0 AND charges <= 4.27e+05 AND race_white == 1 AND ph >= 7.11,1.0
1,1,1.0,1.0,2,2,27,27,num_co == 1 AND 5.96 <= edu <= 18 AND 10.5 <= scoma <= 41.5 AND totmcst <= 1.98e+05 AND 30.2 <= avtisst <= 53.3 AND sps <= 55.5 AND 12.6 <= meanbp <= 113 AND resp <= 29.4 AND 88.2 <= pafi <= 380 AND alb <= 13.3 AND bili <= 10.8 AND 1.59 <= crea <= 11.6 AND urine_was_missing == 1 AND income_was_missing == 1 AND income == 1 AND dzgroup_CHF == 0 AND dzgroup_COPD == 0 AND dzgroup_Cirrhosis == 0 AND dzgroup_Colon Cancer == 0 AND dzgroup_Coma == 0 AND dzgroup_MOSF w/Malig == 1 AND dzclass_COPD/CHF/Cirrhosis == 0 AND dzclass_Cancer == 0 AND dzclass_Coma == 0 AND race_other == 0 AND ca_no == 0 AND ca_yes == 1,1.0
1,1,1.0,1.0,2,2,16,16,dzgroup_MOSF w/Malig == 0 AND dnr_no dnr == 0 AND 21.6 <= hrt <= 208 AND crea <= 11.8 AND edu <= 26.4 AND dzclass_Cancer == 0 AND dnr_dnr before sadm == 0 AND dzgroup_CHF == 0 AND 35 <= scoma <= 89.3 AND dzgroup_Coma == 0 AND dzgroup_Lung Cancer == 0 AND dnr_dnr after sadm == 1 AND 1.76e+04 <= totcst <= 2.71e+05 AND race_white == 0 AND 40.7 <= aps <= 77.3 AND race_black == 1,1.0
0,1,1.0,1.0,1,1,23,23,totcst <= 1.67e+05 AND avtisst <= 25.1 AND crea <= 5.27 AND glucose_was_missing == 1 AND dzgroup_Cirrhosis == 0 AND dzclass_Cancer == 1 AND dnr_dnr before sadm == 0 AND dnr_no dnr == 1 AND 25.8 <= age <= 90 AND 9.11 <= edu <= 20.9 AND dzgroup_CHF == 0 AND race_other == 0 AND ca_no == 0 AND wblc <= 71.5 AND pafi <= 485 AND dzgroup_MOSF w/Malig == 0 AND bili <= 11.2 AND urine_was_missing == 0 AND adls == 1 AND 0.0387 <= adlsc <= 3.93 AND dzgroup_Coma == 0 AND dzgroup_Lung Cancer == 0 AND dnr_dnr after sadm == 0,1.0
0,1,1.0,1.0,12,12,15,15,dnr_no dnr == 1 AND adlsc <= 2.51 AND aps <= 46.8 AND glucose <= 503 AND bun_was_missing == 1 AND urine_was_missing == 1 AND adlp == 0 AND dementia == 0 AND 51.5 <= meanbp <= 107 AND bili <= 21.7 AND crea <= 6.86 AND dzgroup_Cirrhosis == 0 AND race_white == 0 AND race_asian == 0 AND ca_yes == 0,1.0
1,1,1.0,1.0,1,1,33,33,4.87 <= edu <= 19.1 AND scoma >= 68 AND totcst <= 1.27e+05 AND 39.1 <= avtisst <= 62.9 AND aps >= 75.8 AND diabetes == 1 AND meanbp <= 99.5 AND 100 <= hrt <= 210 AND 14.6 <= resp <= 37.4 AND temp >= 34.9 AND alb <= 6.45 AND bili <= 15.1 AND crea <= 9.92 AND 144 <= sod <= 162 AND glucose_was_missing == 0 AND 35.8 <= bun <= 188 AND urine_was_missing == 0 AND adls == 1 AND income_was_missing == 1 AND income == 1 AND dzgroup_CHF == 0 AND dzgroup_COPD == 0 AND dzgroup_Cirrhosis == 0 AND dzgroup_Coma == 1 AND dzgroup_Lung Cancer == 0 AND dzgroup_MOSF w/Malig == 0 AND dzclass_Cancer == 0 AND dzclass_Coma == 1 AND race_hispanic == 0 AND race_other == 0 AND ca_no == 0 AND dnr_dnr before sadm == 0 AND dnr_no dnr == 1,1.0
1,1,1.0,1.0,7,7,20,20,dzgroup_COPD == 0 AND dzgroup_MOSF w/Malig == 0 AND dzgroup_Cirrhosis == 0 AND dnr_dnr before sadm == 0 AND avtisst >= 37.9 AND dementia == 0 AND dzclass_Cancer == 0 AND 21.6 <= hrt <= 208 AND dnr_no dnr == 0 AND race_white == 1 AND 30.8 <= aps <= 77.2 AND resp <= 25 AND dzclass_Coma == 0 AND 33.9 <= temp <= 37.4 AND bun <= 128 AND adlp == 0 AND 0.126 <= adlsc <= 3.87 AND race_other == 0 AND ca_yes == 0 AND dnrday <= 88.8,1.0
0,1,1.0,1.0,20,20,23,23,totmcst <= 2.37e+05 AND crea <= 7.3 AND dzgroup_MOSF w/Malig == 0 AND race_other == 0 AND dnrday <= 75.1 AND dzgroup_Cirrhosis == 0 AND dzgroup_COPD == 0 AND sps <= 46 AND wblc <= 63.8 AND dzclass_Cancer == 0 AND ca_yes == 0 AND dnr_no dnr == 1 AND aps <= 80.6 AND dzgroup_Colon Cancer == 0 AND dzgroup_Lung Cancer == 0 AND 50.1 <= meanbp <= 170 AND alb <= 11.6 AND glucose_was_missing == 1 AND urine_was_missing == 1 AND urine <= 5.06e+03 AND income == 1 AND 36.1 <= temp <= 41.6 AND adlsc <= 1.56,1.0
0,1,1.0,1.0,1,1,18,18,glucose_was_missing == 1 AND race_other == 0 AND sod <= 165 AND dzgroup_Coma == 0 AND avtisst <= 21.5 AND dnr_dnr after sadm == 0 AND scoma <= 34.5 AND dnr_dnr before sadm == 0 AND bili <= 40.5 AND num_co == 1 AND 2.39 <= edu <= 26.7 AND dementia == 0 AND wblc <= 118 AND dzclass_Cancer == 1 AND ca_no == 0 AND totmcst <= 1.4e+05 AND dzgroup_Lung Cancer == 0 AND dnr_no dnr == 1,1.0
0,1,1.0,1.0,25,25,21,21,sod <= 155 AND avtisst <= 42.7 AND race_other == 0 AND dzgroup_Cirrhosis == 0 AND glucose_was_missing == 0 AND dzgroup_MOSF w/Malig == 0 AND race_asian == 0 AND ca_yes == 0 AND bun <= 143 AND hrt <= 226 AND dnr_dnr before sadm == 0 AND aps <= 31.6 AND dementia == 0 AND 14.2 <= pafi <= 546 AND bun_was_missing == 0 AND adlp_was_missing == 1 AND dnr_dnr after sadm == 0 AND totcst <= 1.61e+05 AND totmcst <= 2.11e+05 AND glucose <= 534 AND race_white == 1,1.0
1,1,1.0,1.0,1,1,25,25,9.2 <= edu <= 18.8 AND scoma <= 19 AND charges <= 5.63e+05 AND sps <= 22.2 AND diabetes == 0 AND dementia == 0 AND dnrday <= 48.5 AND wblc <= 53.1 AND alb <= 10.9 AND crea <= 7.36 AND 119 <= sod <= 159 AND 7.08 <= ph <= 7.76 AND glucose <= 482 AND adlp_was_missing == 1 AND adlp == 0 AND adls == 5 AND dzgroup_Cirrhosis == 0 AND dzgroup_Colon Cancer == 1 AND dzclass_COPD/CHF/Cirrhosis == 0 AND dzclass_Cancer == 1 AND dzclass_Coma == 0 AND race_hispanic == 0 AND race_other == 0 AND ca_no == 0 AND ca_yes == 0,1.0
0,1,1.0,1.0,5,5,18,18,dnr_dnr before sadm == 0 AND dzclass_Cancer == 0 AND meanbp <= 152 AND dementia == 0 AND diabetes == 1 AND adlp_was_missing == 0 AND race_other == 0 AND dnr_dnr after sadm == 0 AND 7.09 <= ph <= 7.75 AND adlp == 0 AND adlsc <= 2.66 AND income_was_missing == 0 AND race_hispanic == 0 AND totmcst <= 2.51e+05 AND dzclass_COPD/CHF/Cirrhosis == 0 AND race_asian == 0 AND race_white == 1 AND ca_yes == 0,1.0
0,1,1.0,1.0,2,2,23,23,race_asian == 0 AND dzgroup_Cirrhosis == 0 AND dzgroup_Lung Cancer == 0 AND wblc <= 72.2 AND 2.39 <= edu <= 21.6 AND dzgroup_MOSF w/Malig == 0 AND dnr_dnr after sadm == 0 AND alb <= 11.6 AND charges <= 5.05e+05 AND avtisst <= 23.3 AND crea <= 7.15 AND bun_was_missing == 1 AND adlp_was_missing == 0 AND dzgroup_Coma == 0 AND dzclass_Cancer == 0 AND ca_yes == 0 AND urine <= 5.06e+03 AND totcst <= 1.07e+05 AND dementia == 0 AND sod <= 149 AND race_black == 0 AND ca_no == 1 AND dnr_dnr before sadm == 0,1.0
0,1,1.0,1.0,10,10,23,23,dzgroup_Coma == 0 AND race_other == 0 AND dzgroup_MOSF w/Malig == 0 AND dnr_no dnr == 1 AND sps <= 48 AND dzclass_Coma == 0 AND avtisst <= 42.3 AND dzgroup_Colon Cancer == 0 AND totcst <= 1.8e+05 AND crea <= 7.64 AND bun_was_missing == 0 AND diabetes == 0 AND dzgroup_COPD == 1 AND 7.04 <= ph <= 7.73 AND wblc <= 56.7 AND alb <= 6.15 AND income_was_missing == 0 AND income == 0 AND dzgroup_CHF == 0 AND race_hispanic == 0 AND dnr_dnr after sadm == 0 AND ca_no == 1 AND dnr_dnr before sadm == 0,1.0
0,1,1.0,1.0,7,7,17,17,dnr_dnr before sadm == 0 AND dzclass_COPD/CHF/Cirrhosis == 1 AND dzgroup_Lung Cancer == 0 AND crea <= 7.4 AND ca_yes == 0 AND dzgroup_Coma == 0 AND avtisst <= 20.4 AND num_co == 1 AND diabetes == 0 AND race_other == 0 AND totcst <= 2.11e+05 AND dzgroup_COPD == 0 AND race_black == 0 AND sps <= 48.1 AND dementia == 0 AND dnr_no dnr == 1 AND 8.88 <= edu <= 19.1,1.0
0,1,1.0,1.0,38,38,23,23,dnr_dnr after sadm == 0 AND dzgroup_Coma == 0 AND dnr_no dnr == 1 AND adlsc <= 1.13 AND dzclass_COPD/CHF/Cirrhosis == 0 AND dnrday <= 45.3 AND resp <= 36.7 AND dzgroup_MOSF w/Malig == 0 AND dnr_dnr before sadm == 0 AND aps <= 46.8 AND wblc <= 71.5 AND 32.7 <= temp <= 39.4 AND glucose_was_missing == 1 AND glucose <= 503 AND urine <= 4.53e+03 AND sex == 0 AND dzgroup_CHF == 0 AND dzgroup_COPD == 0 AND dzgroup_Cirrhosis == 0 AND dzclass_Cancer == 1 AND race_asian == 0 AND race_black == 0 AND pafi <= 528,1.0
1,1,1.0,1.0,1,1,21,21,avtisst >= 23.5 AND 30.5 <= aps <= 101 AND dementia == 0 AND dzgroup_COPD == 0 AND dzgroup_Cirrhosis == 0 AND dzclass_Cancer == 0 AND income_was_missing == 1 AND race_hispanic == 0 AND race_other == 0 AND bun_was_missing == 1 AND dzgroup_Coma == 0 AND ca_no == 1 AND 43.6 <= age <= 86.3 AND meanbp <= 109 AND wblc <= 36.5 AND pafi <= 524 AND sod <= 156 AND glucose_was_missing == 1 AND race_asian == 0 AND dnr_dnr after sadm == 0 AND dnr_no dnr == 1,1.0
1,1,1.0,1.0,1,1,16,16,charges <= 5.18e+05 AND dzgroup_COPD == 0 AND dnr_dnr after sadm == 1 AND dzclass_Cancer == 0 AND adlp_was_missing == 1 AND aps <= 133 AND pafi <= 524 AND num_co == 2 AND 63.2 <= age <= 90 AND diabetes == 1 AND glucose <= 379 AND dzgroup_CHF == 0 AND ca_yes == 1 AND 6.44 <= sps <= 74.7 AND urine_was_missing == 0 AND 3.28e+03 <= urine <= 5.62e+03,1.0
0,1,1.0,1.0,13,13,24,24,dzgroup_MOSF w/Malig == 0 AND dnrday <= 112 AND charges <= 4.16e+05 AND dzgroup_Cirrhosis == 0 AND bili <= 21.7 AND dzgroup_COPD == 0 AND race_asian == 0 AND dnr_no dnr == 1 AND sex == 0 AND race_white == 0 AND avtisst <= 30.5 AND wblc <= 66.5 AND 72.2 <= hrt <= 152 AND dzgroup_Lung Cancer == 0 AND dzgroup_Coma == 0 AND totcst <= 2.04e+05 AND 18.5 <= pafi <= 541 AND 7.14 <= ph <= 7.7 AND bun_was_missing == 1 AND adls == 0 AND ca_yes == 0 AND dnr_dnr before sadm == 0 AND crea <= 5.48 AND dzclass_Coma == 0,1.0
1,1,1.0,1.0,1,1,14,14,dzgroup_COPD == 0 AND adlp == 0 AND dzclass_Cancer == 0 AND race_asian == 0 AND dnrday <= 49.6 AND hrt >= 72.9 AND dementia == 0 AND pafi <= 524 AND dnr_no dnr == 0 AND dzgroup_Cirrhosis == 1 AND avtisst >= 23.5 AND bun <= 119 AND race_hispanic == 0 AND glucose_was_missing == 0,1.0
0,1,1.0,1.0,19,19,16,16,dnr_dnr before sadm == 0 AND dzgroup_Lung Cancer == 0 AND avtisst <= 23.3 AND bun_was_missing == 0 AND adlp == 0 AND dzgroup_Coma == 0 AND diabetes == 0 AND dzgroup_Cirrhosis == 0 AND income_was_missing == 1 AND race_other == 0 AND ca_yes == 0 AND dzclass_Coma == 0 AND bun <= 97.2 AND dnr_dnr after sadm == 0 AND scoma <= 22.5 AND dzgroup_CHF == 0,1.0
0,1,1.0,1.0,8,8,13,13,sod <= 165 AND avtisst <= 21.5 AND charges <= 4.09e+05 AND urine_was_missing == 1 AND race_hispanic == 0 AND income_was_missing == 0 AND crea <= 8.39 AND adlp_was_missing == 0 AND dzgroup_Cirrhosis == 0 AND income == 1 AND sex == 0 AND dzgroup_Coma == 0 AND dzclass_Cancer == 0,1.0
1,1,1.0,1.0,3,3,16,16,race_hispanic == 0 AND dnr_dnr before sadm == 0 AND adlp_was_missing == 1 AND dzgroup_CHF == 0 AND race_asian == 0 AND dnr_no dnr == 0 AND 7.11 <= ph <= 7.73 AND urine <= 3.02e+03 AND income_was_missing == 0 AND income == 3 AND dzclass_Cancer == 0 AND dzclass_Coma == 0 AND glucose_was_missing == 0 AND bun <= 99.7 AND dzclass_COPD/CHF/Cirrhosis == 0 AND race_other == 0,1.0
0,1,1.0,1.0,2,2,18,18,dnr_dnr after sadm == 0 AND income_was_missing == 0 AND adlp_was_missing == 0 AND dnr_no dnr == 1 AND avtisst <= 42.3 AND race_other == 0 AND scoma <= 34.5 AND 32.8 <= temp <= 39.7 AND race_asian == 0 AND race_white == 1 AND race_hispanic == 0 AND bili <= 18.5 AND urine <= 5.3e+03 AND dzclass_Cancer == 0 AND race_black == 0 AND num_co == 3 AND ca_yes == 1 AND dnr_dnr before sadm == 0,1.0
0,1,1.0,1.0,28,28,18,18,dzgroup_Cirrhosis == 0 AND dnr_dnr before sadm == 0 AND scoma <= 34.5 AND dzgroup_COPD == 0 AND 7.77 <= edu <= 26.7 AND dzgroup_MOSF w/Malig == 0 AND dzgroup_CHF == 1 AND 20.3 <= glucose <= 340 AND dzclass_Cancer == 0 AND alb <= 11.6 AND crea <= 7.3 AND ph >= 7.11 AND urine_was_missing == 1 AND charges <= 5.05e+05 AND totmcst <= 2.79e+05 AND 32.4 <= meanbp <= 85.6 AND race_black == 0 AND dnr_no dnr == 1,1.0
1,1,1.0,1.0,3,3,24,24,dzgroup_COPD == 0 AND dzgroup_MOSF w/Malig == 0 AND race_asian == 0 AND dzgroup_Cirrhosis == 0 AND dnr_dnr before sadm == 0 AND totmcst <= 2.74e+05 AND dementia == 0 AND ca_no == 1 AND adlp_was_missing == 1 AND dzclass_Cancer == 0 AND dnr_no dnr == 0 AND dnrday <= 71.1 AND bun <= 110 AND ca_yes == 0 AND dzgroup_Colon Cancer == 0 AND 25.4 <= age <= 73.7 AND alb <= 11.2 AND dzgroup_Lung Cancer == 0 AND 30.8 <= aps <= 77.2 AND income_was_missing == 1 AND dzclass_COPD/CHF/Cirrhosis == 0 AND bun_was_missing == 0 AND dzgroup_Coma == 0 AND race_black == 1,1.0
0,1,1.0,1.0,15,15,15,15,avtisst <= 24.4 AND crea <= 7.15 AND race_other == 0 AND charges <= 4.16e+05 AND dzgroup_Cirrhosis == 0 AND dzgroup_COPD == 0 AND glucose_was_missing == 0 AND adlsc <= 2.66 AND bun <= 143 AND dzclass_COPD/CHF/Cirrhosis == 0 AND diabetes == 0 AND resp <= 51.3 AND adlp_was_missing == 0 AND ca_no == 1 AND dnr_dnr before sadm == 0,1.0
0,1,1.0,1.0,2,2,21,21,dzgroup_Cirrhosis == 0 AND bun_was_missing == 0 AND avtisst <= 49.8 AND 7.9 <= meanbp <= 118 AND resp <= 42.1 AND race_black == 0 AND race_other == 0 AND dnr_dnr after sadm == 0 AND totmcst <= 2.62e+05 AND dnrday <= 114 AND wblc <= 69.8 AND dnr_dnr before sadm == 0 AND 51.3 <= age <= 81.2 AND 14.1 <= hrt <= 186 AND crea <= 9.77 AND 25.2 <= glucose <= 551 AND dzgroup_CHF == 0 AND dzgroup_Coma == 1 AND ca_no == 1 AND dnr_no dnr == 1 AND race_hispanic == 0,1.0
0,1,1.0,1.0,8,8,20,20,totcst <= 1.8e+05 AND totmcst <= 2.62e+05 AND dementia == 0 AND dnrday <= 95.5 AND resp <= 34.9 AND pafi <= 344 AND bili <= 18.5 AND glucose <= 513 AND bun <= 93.3 AND urine <= 4.58e+03 AND dzclass_Coma == 0 AND race_asian == 0 AND race_black == 0 AND avtisst <= 30.5 AND diabetes == 1 AND dzgroup_COPD == 0 AND 44.9 <= age <= 86.7 AND dzgroup_Lung Cancer == 0 AND dzclass_Cancer == 0 AND adlp == 2,1.0
0,1,1.0,1.0,1,1,23,23,glucose_was_missing == 1 AND dzclass_COPD/CHF/Cirrhosis == 0 AND dzgroup_COPD == 0 AND urine_was_missing == 1 AND adlp == 0 AND wblc <= 92.5 AND dzgroup_Cirrhosis == 0 AND dzgroup_MOSF w/Malig == 0 AND dnr_dnr before sadm == 0 AND sps <= 52.8 AND alb <= 9.01 AND dnr_dnr after sadm == 0 AND 7.02 <= avtisst <= 42.3 AND hrt <= 157 AND glucose <= 462 AND 42.8 <= meanbp <= 158 AND ca_yes == 0 AND charges >= 8.57e+05 AND income == 1 AND 2.39 <= edu <= 21.6 AND 7.11 <= ph <= 7.73 AND race_black == 0 AND dzgroup_Colon Cancer == 0,1.0
1,1,1.0,1.0,2,2,31,31,scoma <= 13.5 AND totmcst <= 2.34e+05 AND 4.63 <= sps <= 70 AND 0.47 <= aps <= 93.5 AND diabetes == 0 AND dementia == 0 AND dnrday <= 88.5 AND hrt <= 140 AND 12.8 <= resp <= 47.2 AND pafi <= 367 AND alb <= 7.58 AND crea <= 5.13 AND 7.26 <= ph <= 7.54 AND glucose_was_missing == 0 AND bun_was_missing == 0 AND urine <= 5.08e+03 AND adlp_was_missing == 1 AND sex == 0 AND income_was_missing == 0 AND income == 2 AND dzgroup_CHF == 0 AND dzgroup_MOSF w/Malig == 1 AND race_asian == 0 AND race_black == 0 AND race_hispanic == 0 AND dnr_dnr after sadm == 1 AND dnr_dnr before sadm == 0 AND dnr_no dnr == 0 AND charges <= 4.36e+05 AND dzgroup_Coma == 0 AND 4.87 <= edu <= 19.1,1.0
0,1,1.0,1.0,1,1,20,20,dnr_dnr after sadm == 0 AND income_was_missing == 0 AND dzgroup_MOSF w/Malig == 0 AND race_asian == 0 AND 1.87 <= sps <= 35.5 AND 345 <= urine <= 5.3e+03 AND dnr_no dnr == 1 AND race_black == 1 AND wblc <= 46.8 AND dzclass_Coma == 0 AND ca_no == 1 AND adlp_was_missing == 0 AND dementia == 0 AND diabetes == 0 AND dnrday <= 80.5 AND dzgroup_COPD == 0 AND 4.64 <= edu <= 17.4 AND dzgroup_Cirrhosis == 1 AND num_co == 3 AND race_other == 0,1.0
0,1,1.0,1.0,146,146,14,14,race_asian == 0 AND glucose_was_missing == 1 AND race_other == 0 AND dnr_no dnr == 1 AND totcst <= 2.11e+05 AND sps <= 48.1 AND dzgroup_COPD == 0 AND dzgroup_MOSF w/Malig == 0 AND charges <= 4.27e+05 AND avtisst <= 23.3 AND 47 <= meanbp <= 161 AND wblc <= 71.5 AND dnr_dnr after sadm == 0 AND dzgroup_Lung Cancer == 0,1.0
0,1,1.0,1.0,2,2,23,23,aps <= 92.6 AND bun_was_missing == 0 AND dzgroup_Lung Cancer == 0 AND dnr_dnr after sadm == 0 AND totmcst <= 2.72e+05 AND avtisst <= 37.3 AND diabetes == 0 AND crea <= 5.92 AND totcst <= 1.06e+05 AND 131 <= sod <= 151 AND dzgroup_COPD == 0 AND sex == 1 AND resp <= 68.6 AND age <= 75 AND wblc <= 88.1 AND bili <= 8.66 AND glucose <= 508 AND urine <= 4.3e+03 AND 2.51 <= adlsc <= 5.49 AND dzgroup_Cirrhosis == 0 AND dzclass_Coma == 0 AND 44.4 <= meanbp <= 174 AND dzgroup_Colon Cancer == 0,1.0
1,1,1.0,1.0,5,5,20,20,totmcst <= 2.69e+05 AND avtisst >= 23.5 AND urine_was_missing == 1 AND dzgroup_Cirrhosis == 0 AND dzgroup_Lung Cancer == 0 AND dzclass_Cancer == 0 AND race_other == 0 AND scoma >= 52.5 AND race_black == 0 AND race_hispanic == 0 AND 54.8 <= hrt <= 197 AND bun <= 76.8 AND dementia == 0 AND wblc <= 43.8 AND alb <= 7.5 AND 7 <= ph <= 7.62 AND adls == 1 AND dzgroup_COPD == 0 AND dzgroup_MOSF w/Malig == 0 AND dnr_dnr after sadm == 1,1.0
0,1,1.0,1.0,1,1,19,19,dnr_dnr before sadm == 0 AND dnrday <= 112 AND dnr_dnr after sadm == 0 AND glucose_was_missing == 1 AND diabetes == 0 AND race_white == 0 AND dnr_no dnr == 1 AND resp <= 40.2 AND 51.5 <= meanbp <= 107 AND race_other == 0 AND totmcst <= 1.23e+05 AND crea <= 7.15 AND sod >= 132 AND adlsc <= 2.66 AND dzgroup_Colon Cancer == 0 AND 0.555 <= aps <= 41.4 AND wblc <= 84.2 AND bun_was_missing == 0 AND dzclass_Coma == 0,1.0
0,1,1.0,1.0,7,7,23,23,dnr_dnr after sadm == 0 AND dzgroup_MOSF w/Malig == 0 AND race_asian == 0 AND dnr_no dnr == 1 AND adlp_was_missing == 0 AND dementia == 0 AND diabetes == 0 AND dnrday <= 80.5 AND dzgroup_Cirrhosis == 1 AND race_other == 0 AND income == 0 AND charges <= 6.04e+05 AND avtisst <= 24.4 AND aps <= 38.7 AND 3.96 <= resp <= 51.3 AND pafi <= 512 AND glucose <= 581 AND dzgroup_COPD == 0 AND dzgroup_Colon Cancer == 0 AND dzclass_Cancer == 0 AND scoma <= 16 AND 660 <= urine <= 3.27e+03 AND dzclass_COPD/CHF/Cirrhosis == 1,1.0
0,1,1.0,1.0,23,23,22,22,wblc <= 56.7 AND 6.16 <= resp <= 37.8 AND bili <= 13.2 AND dzclass_Cancer == 0 AND race_other == 0 AND dnr_dnr after sadm == 0 AND dzgroup_Coma == 0 AND dnr_no dnr == 1 AND income == 0 AND dnrday <= 104 AND alb <= 6.15 AND dzgroup_COPD == 1 AND meanbp <= 129 AND dzgroup_CHF == 0 AND bun <= 93.3 AND 7.11 <= ph <= 7.73 AND income_was_missing == 0 AND dzgroup_MOSF w/Malig == 0 AND 1.87 <= sps <= 45.1 AND diabetes == 0 AND race_hispanic == 0 AND race_asian == 0,1.0
0,1,1.0,1.0,4,4,20,20,race_other == 0 AND dzgroup_Cirrhosis == 0 AND 30.7 <= age <= 68.4 AND dnr_no dnr == 1 AND income_was_missing == 0 AND diabetes == 0 AND dnrday <= 100 AND bun_was_missing == 0 AND ca_no == 1 AND dnr_dnr after sadm == 0 AND 5.5 <= sps <= 46.1 AND dzclass_Coma == 0 AND wblc <= 87.9 AND 49 <= hrt <= 161 AND bili <= 28.5 AND income == 0 AND 25.5 <= scoma <= 62.5 AND crea <= 3.67 AND urine_was_missing == 0 AND race_asian == 0,1.0
0,1,1.0,1.0,2,2,28,28,totcst <= 1.65e+05 AND 6.43 <= sps <= 51 AND aps <= 57 AND diabetes == 0 AND dnrday <= 70.4 AND wblc <= 77.9 AND 8.71 <= hrt <= 113 AND 246 <= pafi <= 674 AND alb <= 5.76 AND 7.08 <= ph <= 7.73 AND glucose_was_missing == 0 AND 173 <= glucose <= 593 AND bun_was_missing == 0 AND 6.65 <= bun <= 93.4 AND 171 <= urine <= 5.12e+03 AND adlp_was_missing == 0 AND adlp == 6 AND income_was_missing == 0 AND income == 0 AND dzgroup_Coma == 0 AND dzgroup_Lung Cancer == 1 AND dzclass_COPD/CHF/Cirrhosis == 0 AND dzclass_Cancer == 1 AND dzclass_Coma == 0 AND race_asian == 0 AND race_other == 0 AND dnr_dnr after sadm == 1 AND dnr_no dnr == 0,1.0
0,1,1.0,1.0,2,2,11,11,dnr_dnr before sadm == 0 AND dzgroup_Coma == 0 AND dnr_no dnr == 1 AND race_other == 0 AND totmcst <= 2.48e+05 AND age >= 25.8 AND glucose_was_missing == 0 AND scoma <= 34.5 AND charges <= 3.45e+05 AND dzgroup_Cirrhosis == 0 AND race_white == 1,1.0
0,1,1.0,1.0,11,11,17,17,race_asian == 0 AND glucose_was_missing == 1 AND dnr_no dnr == 1 AND dzgroup_MOSF w/Malig == 0 AND race_hispanic == 0 AND dzgroup_Coma == 0 AND dzgroup_Lung Cancer == 0 AND dzclass_COPD/CHF/Cirrhosis == 1 AND ph >= 7.15 AND adlsc <= 1.8 AND charges <= 4.16e+05 AND avtisst <= 30.5 AND dnrday <= 75.1 AND 72.2 <= hrt <= 152 AND alb <= 11.5 AND sod <= 155 AND race_white == 0,1.0
0,1,1.0,1.0,10,10,21,21,wblc <= 69.8 AND dzclass_Coma == 0 AND dnr_dnr before sadm == 0 AND bili <= 18.3 AND edu <= 26.7 AND adlp_was_missing == 0 AND race_hispanic == 0 AND ca_yes == 0 AND race_white == 1 AND dnr_no dnr == 1 AND 1.87 <= sps <= 35.5 AND diabetes == 0 AND glucose <= 449 AND dzgroup_CHF == 0 AND dzgroup_Colon Cancer == 0 AND dzgroup_Coma == 0 AND dzclass_Cancer == 0 AND 29.8 <= meanbp <= 96.2 AND num_co == 2 AND adlsc <= 1.84 AND dzgroup_Lung Cancer == 0,1.0
0,1,1.0,1.0,34,34,14,14,dnr_dnr after sadm == 0 AND income_was_missing == 0 AND diabetes == 0 AND dnrday <= 80.5 AND dzgroup_COPD == 0 AND ca_no == 1 AND adlp_was_missing == 0 AND totmcst <= 1.69e+05 AND dzgroup_Coma == 0 AND race_other == 0 AND bun_was_missing == 0 AND glucose_was_missing == 0 AND urine <= 3.94e+03 AND adlsc <= 2.66,1.0
0,1,1.0,1.0,44,44,17,17,dnr_dnr after sadm == 0 AND income_was_missing == 0 AND diabetes == 0 AND dnr_no dnr == 1 AND dnrday <= 80.5 AND ca_no == 1 AND adlp_was_missing == 0 AND charges <= 4.27e+05 AND avtisst <= 23.3 AND dzgroup_Coma == 0 AND race_other == 0 AND bun_was_missing == 0 AND 31.5 <= meanbp <= 169 AND sod <= 155 AND bun <= 143 AND dzgroup_MOSF w/Malig == 0 AND race_asian == 0,1.0
0,1,1.0,1.0,1,1,15,15,aps <= 46.8 AND bili <= 12.2 AND race_black == 0 AND dnr_no dnr == 1 AND 25.8 <= age <= 90 AND totcst <= 2.47e+05 AND 104 <= pafi <= 344 AND dzgroup_CHF == 0 AND dzclass_Cancer == 1 AND race_other == 0 AND dzgroup_Cirrhosis == 0 AND dnr_dnr after sadm == 0 AND totmcst <= 2.48e+05 AND 5.48 <= resp <= 34.5 AND wblc <= 75.5,1.0
0,1,1.0,1.0,26,26,17,17,race_other == 0 AND dzgroup_Cirrhosis == 0 AND 30.7 <= age <= 68.4 AND dnr_no dnr == 1 AND charges <= 4.27e+05 AND diabetes == 0 AND dnrday <= 100 AND bun_was_missing == 0 AND ca_no == 1 AND dnr_dnr after sadm == 0 AND dzclass_Coma == 0 AND wblc <= 87.9 AND pafi <= 341 AND bili <= 28.5 AND income == 0 AND dzgroup_Lung Cancer == 0 AND 49 <= hrt <= 161,1.0
0,1,1.0,1.0,3,3,25,25,num_co == 1 AND totcst <= 1.57e+05 AND avtisst <= 46.8 AND sps <= 43.3 AND dementia == 1 AND 16.4 <= hrt <= 104 AND resp <= 35.3 AND 35 <= temp <= 41 AND alb <= 9.56 AND bun_was_missing == 0 AND bun <= 95.2 AND urine_was_missing == 0 AND urine <= 3.32e+03 AND dzgroup_COPD == 0 AND dzgroup_Coma == 0 AND dzgroup_MOSF w/Malig == 0 AND dzclass_COPD/CHF/Cirrhosis == 0 AND dzclass_Coma == 0 AND race_other == 0 AND ca_no == 1 AND aps <= 71.4 AND crea <= 6.74 AND dzgroup_Cirrhosis == 0 AND race_hispanic == 0 AND dnr_dnr after sadm == 0,1.0
1,1,1.0,1.0,2,2,23,23,num_co == 1 AND scoma <= 14.5 AND totcst <= 1.11e+05 AND avtisst >= 37.8 AND diabetes == 0 AND bun_was_missing == 0 AND bun <= 73.3 AND adlp_was_missing == 1 AND dzgroup_COPD == 0 AND dzgroup_Colon Cancer == 0 AND ca_no == 1 AND dnr_no dnr == 0 AND wblc <= 82.5 AND dzgroup_Cirrhosis == 0 AND race_other == 0 AND 33.9 <= hrt <= 116 AND adls == 1 AND pafi <= 524 AND bili <= 11.6 AND dnr_dnr before sadm == 0 AND glucose <= 482 AND dzgroup_Coma == 0 AND race_white == 1,1.0
0,1,1.0,1.0,1,1,24,24,aps <= 74.2 AND diabetes == 0 AND dementia == 0 AND 94 <= pafi <= 343 AND alb <= 9.84 AND bili <= 12.9 AND 7.21 <= ph <= 7.71 AND bun_was_missing == 0 AND 1.67 <= adlsc <= 6.33 AND sex == 0 AND dzgroup_CHF == 0 AND dzgroup_Coma == 0 AND dzgroup_MOSF w/Malig == 1 AND race_black == 0 AND race_hispanic == 0 AND race_white == 1 AND ca_no == 0 AND ca_yes == 0 AND dnrday <= 97.8 AND wblc <= 87.9 AND adlp_was_missing == 0 AND dzgroup_Cirrhosis == 0 AND dnr_dnr before sadm == 0 AND charges <= 3.11e+05,1.0
0,1,1.0,1.0,1,1,19,19,glucose <= 423 AND dzclass_Cancer == 0 AND avtisst <= 34.6 AND income == 1 AND ca_no == 0 AND dementia == 0 AND sex == 0 AND dzgroup_Lung Cancer == 0 AND charges <= 4.26e+05 AND diabetes == 0 AND totcst <= 1.37e+05 AND 21.6 <= hrt <= 198 AND resp <= 40.7 AND 31.9 <= temp <= 39.2 AND adlp == 1 AND dzgroup_COPD == 0 AND dzgroup_Colon Cancer == 0 AND dzclass_Coma == 0 AND sps <= 53.4,1.0
0,1,1.0,1.0,5,5,24,24,race_other == 0 AND dzgroup_Coma == 0 AND dnr_dnr before sadm == 0 AND edu <= 26.7 AND bun <= 87.3 AND dzclass_Coma == 0 AND dnr_dnr after sadm == 0 AND aps <= 46.8 AND income == 1 AND dzgroup_CHF == 0 AND race_black == 0 AND race_white == 1 AND alb <= 10.3 AND dzclass_COPD/CHF/Cirrhosis == 0 AND 35.5 <= meanbp <= 169 AND wblc <= 71.5 AND crea <= 6.42 AND 7.32 <= ph <= 7.58 AND urine <= 5.16e+03 AND num_co == 2 AND 23.5 <= scoma <= 58.5 AND diabetes == 0 AND bili <= 10 AND dzgroup_MOSF w/Malig == 0,1.0
0,1,1.0,1.0,2,2,34,34,55.9 <= age <= 86.9 AND 5.33 <= edu <= 18.7 AND scoma <= 27 AND totcst <= 4.8e+05 AND totmcst <= 1.73e+05 AND 7.55 <= avtisst <= 29.1 AND 8.14 <= aps <= 51.9 AND diabetes == 0 AND dnrday <= 42.6 AND 67.7 <= meanbp <= 132 AND wblc <= 50.3 AND 45.2 <= hrt <= 155 AND 33.7 <= temp <= 38.5 AND 33.5 <= pafi <= 677 AND alb <= 8.06 AND 117 <= sod <= 165 AND 7.14 <= ph <= 7.7 AND glucose_was_missing == 1 AND glucose <= 350 AND urine_was_missing == 1 AND adlp_was_missing == 1 AND sex == 1 AND income_was_missing == 0 AND dzgroup_Cirrhosis == 0 AND dzgroup_Coma == 0 AND dzgroup_Lung Cancer == 0 AND dzclass_COPD/CHF/Cirrhosis == 1 AND race_asian == 0 AND race_hispanic == 0 AND ca_no == 0 AND ca_yes == 1 AND dnr_dnr before sadm == 0 AND dnr_no dnr == 0 AND dzclass_Coma == 0,1.0
0,1,1.0,1.0,1,1,20,20,dnr_dnr after sadm == 0 AND dnr_dnr before sadm == 0 AND dzgroup_Coma == 0 AND meanbp <= 161 AND dzgroup_COPD == 0 AND charges <= 2.05e+05 AND aps <= 74.9 AND 7.48 <= ph <= 7.73 AND dzgroup_Cirrhosis == 0 AND glucose <= 551 AND avtisst <= 28.4 AND diabetes == 0 AND bun_was_missing == 0 AND adlp == 0 AND race_asian == 0 AND totcst <= 3.06e+05 AND num_co == 1 AND crea <= 6.42 AND dzgroup_Lung Cancer == 0 AND 40.6 <= age <= 93.3,1.0
1,1,1.0,1.0,3,3,26,26,avtisst >= 30.2 AND urine_was_missing == 1 AND dzgroup_Colon Cancer == 0 AND dzgroup_Lung Cancer == 0 AND dzclass_Cancer == 0 AND race_black == 0 AND 18.7 <= sps <= 45.5 AND 8.65 <= meanbp <= 147 AND alb <= 10.6 AND dzclass_Coma == 0 AND race_asian == 0 AND 55.7 <= hrt <= 116 AND adlp == 0 AND ca_yes == 0 AND 55.2 <= age <= 98.7 AND totmcst <= 2.74e+05 AND 20.4 <= aps <= 79.6 AND dementia == 0 AND dnrday <= 71.1 AND wblc <= 82.5 AND crea <= 11.8 AND 7 <= ph <= 7.68 AND adlp_was_missing == 1 AND adlsc <= 1.52 AND dnr_dnr before sadm == 0 AND scoma <= 74,1.0
0,1,1.0,1.0,2,2,21,21,dzclass_COPD/CHF/Cirrhosis == 1 AND dzgroup_Colon Cancer == 0 AND race_white == 1 AND alb <= 8.58 AND race_hispanic == 0 AND dnr_dnr before sadm == 0 AND age >= 43.4 AND charges <= 4.31e+05 AND 7.3 <= ph <= 7.64 AND dzclass_Coma == 0 AND race_asian == 0 AND 3.98 <= hrt <= 152 AND num_co == 4 AND 29.8 <= meanbp <= 161 AND resp <= 51.3 AND adls == 1 AND 2.87 <= adlsc <= 5.13 AND race_other == 0 AND 3.59 <= avtisst <= 44.4 AND crea <= 4.77 AND bun_was_missing == 1,1.0
0,1,1.0,1.0,4,4,19,19,dnr_dnr before sadm == 0 AND race_white == 1 AND dnr_no dnr == 1 AND income_was_missing == 0 AND dzgroup_Coma == 0 AND 33.4 <= hrt <= 116 AND dnr_dnr after sadm == 0 AND 24.5 <= glucose <= 497 AND dzclass_Coma == 0 AND dzclass_COPD/CHF/Cirrhosis == 1 AND 9.39 <= edu <= 28.6 AND wblc <= 54.7 AND crea <= 5.27 AND glucose_was_missing == 1 AND adlp == 0 AND sex == 1 AND dzclass_Cancer == 0 AND urine_was_missing == 1 AND 0.68 <= adlsc <= 5.28,1.0
1,1,1.0,1.0,9,9,21,21,dzgroup_COPD == 0 AND dzgroup_MOSF w/Malig == 0 AND race_asian == 0 AND dzgroup_Cirrhosis == 0 AND avtisst >= 37.9 AND dementia == 0 AND adlp == 0 AND dzclass_Cancer == 0 AND hrt <= 208 AND dnr_no dnr == 0 AND totcst <= 2.31e+05 AND 118 <= sod <= 156 AND dzgroup_Lung Cancer == 0 AND edu <= 19.9 AND bun_was_missing == 1 AND race_black == 0 AND adls == 1 AND race_white == 1 AND 36.1 <= temp <= 39.7 AND glucose <= 371 AND dnr_dnr before sadm == 0,1.0
0,1,1.0,1.0,10,10,20,20,dnrday <= 75.1 AND dzgroup_Cirrhosis == 0 AND alb <= 11.6 AND totmcst <= 1.23e+05 AND crea <= 7.3 AND urine_was_missing == 1 AND 50.1 <= meanbp <= 161 AND dzgroup_Colon Cancer == 0 AND dnr_no dnr == 1 AND race_asian == 0 AND income == 1 AND 54 <= age <= 81.1 AND 9.2 <= avtisst <= 37.3 AND 37.9 <= hrt <= 130 AND 34.9 <= temp <= 37.6 AND sod <= 155 AND adlp == 0 AND sex == 0 AND race_black == 0 AND ca_no == 1,1.0
0,1,1.0,1.0,2,2,15,15,dzgroup_Cirrhosis == 0 AND dzgroup_CHF == 0 AND scoma <= 34.5 AND charges <= 3.45e+05 AND race_black == 0 AND race_asian == 0 AND dnr_no dnr == 1 AND 31.5 <= meanbp <= 122 AND 104 <= pafi <= 438 AND race_white == 1 AND totcst <= 2.47e+05 AND dnrday <= 114 AND dzclass_COPD/CHF/Cirrhosis == 0 AND race_other == 0 AND crea <= 6.74,1.0
1,1,1.0,1.0,17,17,17,17,avtisst >= 23.5 AND race_hispanic == 0 AND dnr_dnr after sadm == 1 AND dementia == 0 AND adlp == 0 AND bun <= 113 AND glucose <= 377 AND 2.11 <= adlsc <= 6.78 AND dzclass_Coma == 0 AND ca_yes == 1 AND dnr_dnr before sadm == 0 AND dnr_no dnr == 0 AND dzclass_Cancer == 0 AND urine_was_missing == 0 AND dzgroup_COPD == 0 AND totmcst <= 1.73e+05 AND dnrday <= 96.1,1.0
0,1,1.0,1.0,40,40,18,18,dnr_dnr before sadm == 0 AND race_black == 0 AND urine_was_missing == 1 AND 1.62 <= edu <= 26.7 AND alb <= 10.4 AND avtisst <= 24.4 AND adlsc <= 2.66 AND dzclass_COPD/CHF/Cirrhosis == 0 AND dementia == 0 AND dnrday <= 82.4 AND resp <= 46.5 AND glucose <= 508 AND adlp == 0 AND dzgroup_CHF == 0 AND dzgroup_Cirrhosis == 0 AND dzclass_Cancer == 1 AND dnr_dnr after sadm == 0 AND sex == 1,1.0
1,1,1.0,1.0,1,1,16,16,aps <= 77.2 AND dzgroup_COPD == 0 AND adlp == 0 AND dzclass_Cancer == 0 AND dnrday <= 49.6 AND hrt >= 72.9 AND dementia == 0 AND pafi <= 524 AND bun <= 119 AND dnr_no dnr == 0 AND avtisst >= 23.5 AND race_hispanic == 0 AND dzgroup_Cirrhosis == 1 AND bili <= 9.72 AND bun_was_missing == 0 AND 1.1 <= adlsc <= 4.71,1.0
0,1,1.0,1.0,9,9,17,17,dzgroup_Cirrhosis == 0 AND bun_was_missing == 0 AND dementia == 0 AND avtisst <= 25.3 AND race_black == 0 AND race_other == 0 AND dnr_dnr after sadm == 0 AND totmcst <= 2.62e+05 AND dnrday <= 114 AND dnr_dnr before sadm == 0 AND 9.45 <= aps <= 78.5 AND alb <= 11.6 AND sex == 1 AND dzgroup_Colon Cancer == 0 AND ca_yes == 0 AND 4.5 <= scoma <= 69.5 AND 35.4 <= pafi <= 413,1.0
1,1,1.0,1.0,1,1,31,31,51.4 <= age <= 99.1 AND edu <= 10.3 AND charges <= 4.05e+05 AND totmcst <= 1.27e+05 AND 14.6 <= avtisst <= 52.4 AND sps <= 46.3 AND aps <= 50.4 AND dnrday <= 83.5 AND 53.8 <= meanbp <= 162 AND wblc <= 54.9 AND 137 <= pafi <= 471 AND alb <= 5.92 AND bili <= 10 AND 2.01 <= crea <= 11.6 AND glucose_was_missing == 0 AND bun_was_missing == 0 AND bun <= 148 AND adlp == 0 AND adlsc <= 2.65 AND income_was_missing == 0 AND dzgroup_Cirrhosis == 0 AND dzgroup_Coma == 0 AND dzgroup_Lung Cancer == 1 AND dzclass_COPD/CHF/Cirrhosis == 0 AND dzclass_Coma == 0 AND race_white == 0 AND ca_no == 0 AND ca_yes == 0 AND dnr_dnr after sadm == 0 AND dnr_dnr before sadm == 0 AND dnr_no dnr == 1,1.0
1,1,1.0,1.0,4,4,16,16,hrt >= 72.9 AND income_was_missing == 0 AND 7.47 <= edu <= 22.8 AND adlp_was_missing == 1 AND dzgroup_COPD == 0 AND age <= 77.8 AND totmcst <= 2.58e+05 AND 52.8 <= aps <= 118 AND dzclass_COPD/CHF/Cirrhosis == 0 AND dzclass_Cancer == 0 AND dnr_dnr after sadm == 1 AND glucose_was_missing == 0 AND dzgroup_Lung Cancer == 0 AND 37.5 <= scoma <= 72.5 AND totcst <= 1.06e+05 AND bun_was_missing == 0,1.0
1,1,1.0,1.0,1,1,23,23,age <= 65.1 AND scoma <= 28.5 AND 4.29e+05 <= charges <= 1.09e+06 AND 8.21e+04 <= totmcst <= 3.88e+05 AND 31.8 <= avtisst <= 67.2 AND 29.1 <= aps <= 86.9 AND dnrday <= 104 AND wblc <= 58.3 AND 35.1 <= temp <= 40.5 AND alb <= 12.3 AND 8.31 <= bili <= 25.3 AND 18.9 <= glucose <= 681 AND bun <= 171 AND adls == 0 AND adlsc <= 2.44 AND sex == 1 AND dzgroup_Cirrhosis == 0 AND dzgroup_Colon Cancer == 0 AND dzgroup_MOSF w/Malig == 0 AND race_other == 0 AND dnr_dnr after sadm == 0 AND dnr_dnr before sadm == 0 AND dnr_no dnr == 1,1.0
1,1,1.0,1.0,17,17,13,13,dzgroup_COPD == 0 AND ca_yes == 0 AND dnr_no dnr == 0 AND 30.8 <= aps <= 77.2 AND 25.4 <= age <= 63.9 AND pafi <= 379 AND 32 <= meanbp <= 108 AND dementia == 0 AND dnrday <= 49.6 AND adlp == 0 AND income_was_missing == 1 AND 33 <= temp <= 39.4 AND dzgroup_MOSF w/Malig == 0,1.0
1,1,1.0,1.0,1,1,22,22,income_was_missing == 0 AND pafi <= 524 AND dzgroup_Coma == 0 AND race_black == 0 AND dzgroup_Lung Cancer == 0 AND race_asian == 0 AND avtisst >= 37.8 AND bili <= 11.9 AND 7.29 <= ph <= 7.61 AND adlp == 0 AND dnr_no dnr == 1 AND dnrday <= 55.5 AND 11.2 <= resp <= 36.8 AND glucose_was_missing == 1 AND crea <= 8.81 AND dzgroup_COPD == 0 AND alb <= 6.41 AND 122 <= sod <= 138 AND urine <= 5.25e+03 AND diabetes == 0 AND 1.2 <= adlsc <= 4.8 AND ca_yes == 0,1.0
1,1,1.0,1.0,5,5,18,18,totmcst <= 2.69e+05 AND avtisst >= 23.5 AND urine_was_missing == 1 AND dzgroup_Cirrhosis == 0 AND dzgroup_Colon Cancer == 0 AND dzgroup_Lung Cancer == 0 AND dzclass_Cancer == 0 AND race_other == 0 AND adlp == 0 AND scoma >= 52.5 AND totcst <= 1.41e+05 AND race_black == 0 AND race_hispanic == 0 AND urine <= 4.58e+03 AND 54.8 <= hrt <= 179 AND 15.5 <= resp <= 52.5 AND bun <= 76.8 AND crea <= 8.16,1.0
0,1,1.0,1.0,5,5,22,22,dnr_dnr before sadm == 0 AND pafi <= 411 AND adlp == 0 AND race_other == 0 AND bili <= 18.5 AND wblc <= 97.7 AND race_asian == 0 AND diabetes == 0 AND 6.2 <= meanbp <= 152 AND adlsc <= 2.06 AND dzclass_Cancer == 0 AND 7.29 <= avtisst <= 38.4 AND 11.1 <= aps <= 46.8 AND bun_was_missing == 0 AND urine_was_missing == 0 AND urine <= 2.77e+03 AND dzgroup_COPD == 0 AND ca_no == 0 AND dnr_dnr after sadm == 0 AND dnr_no dnr == 1 AND resp <= 47.1 AND dzgroup_Colon Cancer == 0,1.0
0,1,1.0,1.0,1,1,19,19,31.5 <= meanbp <= 169 AND sod <= 155 AND crea <= 7.15 AND race_other == 0 AND charges <= 4.16e+05 AND scoma <= 34.5 AND dzgroup_Cirrhosis == 0 AND dzgroup_COPD == 0 AND dementia == 0 AND glucose <= 907 AND glucose_was_missing == 0 AND adlsc <= 2.66 AND dzgroup_MOSF w/Malig == 0 AND race_asian == 0 AND ca_yes == 0 AND totcst <= 1.07e+05 AND income_was_missing == 0 AND adlp_was_missing == 0 AND race_hispanic == 1,1.0
1,1,1.0,1.0,9,9,22,22,dnr_dnr before sadm == 0 AND temp >= 34.1 AND glucose <= 477 AND dzgroup_Lung Cancer == 0 AND 51.6 <= meanbp <= 152 AND dzgroup_CHF == 0 AND dzgroup_Cirrhosis == 0 AND 23.5 <= avtisst <= 62.9 AND pafi <= 524 AND dnr_no dnr == 0 AND bun <= 113 AND 121 <= sod <= 169 AND dnr_dnr after sadm == 1 AND num_co == 2 AND adlsc <= 2.41 AND totcst <= 1.97e+05 AND diabetes == 0 AND dementia == 0 AND alb <= 10.6 AND bun_was_missing == 0 AND dzclass_Cancer == 0 AND dzgroup_MOSF w/Malig == 0,1.0
0,1,1.0,1.0,18,18,19,18,dnr_dnr before sadm == 0 AND dnrday <= 112 AND dnr_dnr after sadm == 0 AND glucose_was_missing == 1 AND diabetes == 0 AND race_white == 0 AND dnr_no dnr == 1 AND resp <= 40.2 AND race_other == 0 AND totmcst <= 1.23e+05 AND crea <= 7.15 AND dzgroup_Colon Cancer == 0 AND 0.555 <= aps <= 41.4 AND charges <= 4.16e+05 AND adlp_was_missing == 0 AND dzgroup_COPD == 0 AND dzgroup_Cirrhosis == 0 AND dzclass_Cancer == 0,1.0
1,1,1.0,1.0,9,9,19,18,dzclass_Cancer == 0 AND dnr_dnr before sadm == 0 AND dnr_dnr after sadm == 1 AND dnr_no dnr == 0 AND adlp == 0 AND 9.18 <= edu <= 22.8 AND dzclass_COPD/CHF/Cirrhosis == 0 AND totmcst <= 1.73e+05 AND 7.22 <= ph <= 7.7 AND urine_was_missing == 0 AND dzgroup_CHF == 0 AND race_hispanic == 0 AND avtisst >= 23.5 AND glucose <= 377 AND bun <= 113 AND 2.11 <= adlsc <= 6.78 AND dzgroup_COPD == 0 AND ca_yes == 1,1.0
1,1,1.0,1.0,4,4,24,24,ca_yes == 0 AND ca_no == 1 AND dzgroup_MOSF w/Malig == 0 AND race_asian == 0 AND race_other == 0 AND dnr_no dnr == 0 AND 30.8 <= aps <= 86.2 AND adlp_was_missing == 1 AND 25.1 <= age <= 63.9 AND bun <= 110 AND diabetes == 0 AND 32 <= meanbp <= 108 AND totcst <= 2.67e+05 AND avtisst >= 31 AND dementia == 0 AND dnrday <= 71.1 AND 34.7 <= temp <= 41.5 AND 118 <= sod <= 137 AND urine <= 2.9e+03 AND dzgroup_Colon Cancer == 0 AND dzclass_Cancer == 0 AND dzclass_Coma == 0 AND 8.26 <= sps <= 79.5 AND hrt >= 117,1.0
0,1,1.0,1.0,41,41,23,23,dzgroup_Cirrhosis == 0 AND race_other == 0 AND avtisst <= 42.3 AND glucose <= 581 AND dnrday <= 75.1 AND 7.11 <= ph <= 7.73 AND wblc <= 63.8 AND race_white == 1 AND race_hispanic == 0 AND race_asian == 0 AND dnr_dnr before sadm == 0 AND 1.49 <= edu <= 14.5 AND resp <= 47.4 AND glucose_was_missing == 1 AND urine <= 5.06e+03 AND income_was_missing == 0 AND dzgroup_Coma == 0 AND dnr_no dnr == 1 AND 0.852 <= crea <= 8.95 AND bun <= 91.8 AND adlsc <= 2.19 AND dzgroup_CHF == 0 AND dzgroup_Lung Cancer == 0,1.0
0,1,1.0,1.0,3,3,20,20,race_other == 0 AND aps <= 29.6 AND dzgroup_Cirrhosis == 0 AND diabetes == 0 AND totcst <= 1.42e+05 AND dzgroup_Coma == 0 AND dzgroup_Lung Cancer == 0 AND avtisst <= 23.3 AND race_black == 0 AND dnr_dnr before sadm == 0 AND glucose_was_missing == 0 AND wblc <= 72.2 AND sex == 1 AND dzclass_COPD/CHF/Cirrhosis == 1 AND dnr_dnr after sadm == 1 AND 1.94 <= edu <= 22.2 AND dementia == 0 AND dnrday <= 114 AND bun_was_missing == 0 AND dnr_no dnr == 0,1.0
1,1,1.0,1.0,2,2,21,21,race_asian == 0 AND dzgroup_Cirrhosis == 0 AND avtisst >= 29.1 AND dementia == 0 AND ca_no == 1 AND adlp == 0 AND dzclass_Cancer == 0 AND dnr_no dnr == 0 AND ca_yes == 0 AND dzgroup_Colon Cancer == 0 AND 25.1 <= age <= 81.9 AND totcst <= 2.31e+05 AND 118 <= sod <= 156 AND dzgroup_Lung Cancer == 0 AND 4.09 <= edu <= 19.9 AND bun_was_missing == 1 AND race_black == 0 AND dzclass_Coma == 0 AND dzgroup_Coma == 0 AND race_hispanic == 0 AND alb <= 6.26,1.0
0,1,1.0,1.0,19,19,24,24,race_asian == 0 AND dzgroup_Cirrhosis == 0 AND dnr_dnr before sadm == 0 AND dzgroup_Lung Cancer == 0 AND wblc <= 72.2 AND dzclass_COPD/CHF/Cirrhosis == 1 AND 2.39 <= edu <= 21.6 AND dzgroup_MOSF w/Malig == 0 AND dnr_dnr after sadm == 0 AND alb <= 13.3 AND charges <= 3.85e+05 AND avtisst <= 23.3 AND 1.33 <= sps <= 49.7 AND bili <= 22.9 AND crea <= 5.27 AND bun_was_missing == 1 AND adlp_was_missing == 0 AND dzgroup_CHF == 1 AND dzgroup_Coma == 0 AND dzclass_Cancer == 0 AND race_other == 0 AND ca_yes == 0 AND num_co == 2 AND bun <= 125,1.0
0,1,1.0,1.0,4,4,22,22,dzgroup_Coma == 0 AND race_other == 0 AND diabetes == 0 AND 11.3 <= sps <= 48 AND adlp == 0 AND dementia == 0 AND 1.64 <= edu <= 17 AND 7.22 <= ph <= 7.73 AND glucose_was_missing == 0 AND income_was_missing == 1 AND race_black == 1 AND charges <= 4.3e+05 AND 18.4 <= aps <= 53.6 AND 16.6 <= hrt <= 173 AND resp <= 28.7 AND alb <= 11 AND bun <= 115 AND adls == 0 AND dzgroup_MOSF w/Malig == 0 AND dzclass_Coma == 0 AND race_asian == 0 AND dzclass_Cancer == 0,1.0
0,1,1.0,1.0,11,11,18,18,glucose <= 508 AND totcst <= 1.7e+05 AND dzgroup_CHF == 0 AND race_other == 0 AND 49.5 <= meanbp <= 74.8 AND wblc <= 87.9 AND bun <= 106 AND income == 0 AND dnr_no dnr == 1 AND dzgroup_MOSF w/Malig == 0 AND alb <= 9.25 AND bun_was_missing == 1 AND urine_was_missing == 1 AND dzgroup_Coma == 0 AND dzclass_COPD/CHF/Cirrhosis == 0 AND dnr_dnr after sadm == 0 AND dzgroup_Cirrhosis == 0 AND race_black == 1,1.0
0,1,1.0,1.0,17,17,18,18,age >= 25.8 AND dnr_no dnr == 1 AND adlsc <= 1.13 AND ca_yes == 0 AND dnrday <= 112 AND race_white == 0 AND dnr_dnr before sadm == 0 AND totmcst <= 2.55e+05 AND avtisst <= 42.3 AND diabetes == 1 AND pafi <= 341 AND bili <= 28.5 AND crea <= 7.64 AND dzgroup_COPD == 0 AND dzgroup_Cirrhosis == 0 AND dzgroup_Lung Cancer == 0 AND dzclass_Coma == 0 AND race_asian == 0,1.0
0,1,1.0,1.0,13,13,23,22,ca_yes == 0 AND dzclass_COPD/CHF/Cirrhosis == 1 AND avtisst <= 41.8 AND dzgroup_Coma == 0 AND dzgroup_MOSF w/Malig == 0 AND urine <= 4.3e+03 AND dnr_dnr after sadm == 0 AND dnr_dnr before sadm == 0 AND dnr_no dnr == 1 AND scoma <= 34.5 AND pafi <= 464 AND alb <= 8.94 AND glucose_was_missing == 0 AND charges <= 4.31e+05 AND adlp_was_missing == 0 AND adlp == 0 AND dzgroup_Cirrhosis == 0 AND race_asian == 0 AND crea <= 5.91 AND sex == 1 AND dzgroup_COPD == 0 AND dzclass_Cancer == 0,1.0
0,1,1.0,1.0,3,3,18,18,dzclass_COPD/CHF/Cirrhosis == 1 AND avtisst <= 37.3 AND dnr_dnr after sadm == 0 AND 17.5 <= aps <= 84.1 AND glucose_was_missing == 0 AND 44.9 <= age <= 81.1 AND resp <= 53 AND sex == 1 AND dzclass_Coma == 0 AND totcst <= 1.8e+05 AND diabetes == 1 AND dementia == 0 AND bili <= 18.5 AND glucose <= 513 AND bun <= 93.3 AND adlp == 2 AND dzclass_Cancer == 0 AND race_asian == 0,1.0
0,1,1.0,1.0,12,12,21,21,sod <= 155 AND avtisst <= 42.7 AND race_other == 0 AND dzgroup_Cirrhosis == 0 AND glucose_was_missing == 0 AND dzgroup_MOSF w/Malig == 0 AND race_asian == 0 AND ca_yes == 0 AND bun <= 143 AND hrt <= 226 AND dnr_dnr before sadm == 0 AND age >= 62.3 AND aps <= 31.6 AND dementia == 0 AND 14.2 <= pafi <= 546 AND alb <= 6.45 AND bun_was_missing == 0 AND adlp_was_missing == 1 AND dnr_dnr after sadm == 0 AND totcst <= 1.61e+05 AND income == 1,1.0
1,1,1.0,1.0,23,23,28,28,dzgroup_COPD == 0 AND dzgroup_MOSF w/Malig == 0 AND race_asian == 0 AND dzgroup_Cirrhosis == 0 AND avtisst >= 31 AND totmcst <= 2.74e+05 AND dementia == 0 AND ca_no == 1 AND adlp == 0 AND adlp_was_missing == 1 AND dzclass_Cancer == 0 AND 21.6 <= hrt <= 208 AND dnr_no dnr == 0 AND dnrday <= 71.1 AND bun <= 103 AND dzgroup_CHF == 0 AND ca_yes == 0 AND dzgroup_Colon Cancer == 0 AND 25.1 <= age <= 73.7 AND totcst <= 2.31e+05 AND alb <= 11.2 AND 118 <= sod <= 156 AND dzgroup_Lung Cancer == 0 AND 4.09 <= edu <= 19.9 AND bun_was_missing == 1 AND race_black == 0 AND wblc <= 35.8 AND dzclass_Coma == 0,1.0
1,1,1.0,1.0,25,25,29,29,dzgroup_COPD == 0 AND dzgroup_MOSF w/Malig == 0 AND race_asian == 0 AND dzgroup_Cirrhosis == 0 AND dnr_dnr before sadm == 0 AND avtisst >= 31 AND totmcst <= 2.74e+05 AND dementia == 0 AND ca_no == 1 AND adlp == 0 AND adlp_was_missing == 1 AND dzclass_Cancer == 0 AND 21.6 <= hrt <= 208 AND dnr_no dnr == 0 AND dnrday <= 71.1 AND bun <= 103 AND dzgroup_CHF == 0 AND ca_yes == 0 AND dzgroup_Colon Cancer == 0 AND 25.1 <= age <= 73.7 AND totcst <= 2.31e+05 AND alb <= 11.2 AND 118 <= sod <= 156 AND dzgroup_Lung Cancer == 0 AND 4.09 <= edu <= 19.9 AND bun_was_missing == 1 AND race_black == 0 AND bili <= 20.4 AND race_white == 1,1.0
0,1,1.0,1.0,4,4,15,15,dnr_dnr after sadm == 0 AND diabetes == 0 AND dzgroup_Coma == 0 AND bun <= 67.8 AND 25.3 <= hrt <= 202 AND dzgroup_CHF == 0 AND adls == 4 AND charges <= 4.45e+05 AND wblc <= 72.2 AND dzgroup_Lung Cancer == 0 AND race_asian == 0 AND race_black == 0 AND dnr_dnr before sadm == 0 AND urine <= 5.16e+03 AND income_was_missing == 0,1.0
1,1,1.0,1.0,11,11,18,18,dzgroup_COPD == 0 AND dzgroup_Cirrhosis == 0 AND dzgroup_MOSF w/Malig == 0 AND adlp == 0 AND dnr_no dnr == 0 AND 58.1 <= age <= 98.3 AND scoma <= 37 AND totcst <= 1.97e+05 AND avtisst >= 37 AND wblc <= 64.5 AND race_other == 0 AND ca_yes == 0 AND 34.9 <= aps <= 77.2 AND dementia == 0 AND glucose_was_missing == 1 AND bun <= 128 AND 0.126 <= adlsc <= 3.87 AND dzclass_Coma == 0,1.0
0,1,1.0,1.0,17,17,20,20,dnr_dnr after sadm == 0 AND income_was_missing == 0 AND diabetes == 0 AND dnr_no dnr == 1 AND dnrday <= 80.5 AND dzgroup_COPD == 0 AND ca_no == 1 AND adlp_was_missing == 0 AND charges <= 4.16e+05 AND avtisst <= 12.7 AND dzgroup_Coma == 0 AND race_other == 0 AND bun_was_missing == 0 AND 31.5 <= meanbp <= 169 AND sod <= 155 AND glucose_was_missing == 0 AND bun <= 143 AND adlsc <= 2.66 AND dzgroup_MOSF w/Malig == 0 AND urine <= 3.94e+03,1.0
0,1,1.0,1.0,8,8,15,15,dzgroup_Cirrhosis == 0 AND dnr_dnr after sadm == 0 AND glucose <= 581 AND dzgroup_Coma == 0 AND avtisst <= 36.6 AND race_asian == 0 AND race_hispanic == 0 AND urine <= 4.4e+03 AND adls == 1 AND sex == 1 AND race_black == 1 AND charges <= 4.27e+05 AND 7.09 <= ph <= 7.73 AND income_was_missing == 0 AND ca_no == 1,1.0
0,1,1.0,1.0,2,2,23,23,crea <= 7.64 AND race_other == 0 AND dnr_no dnr == 1 AND avtisst <= 41.8 AND dzgroup_MOSF w/Malig == 0 AND race_asian == 0 AND glucose_was_missing == 0 AND dnr_dnr before sadm == 0 AND 36.4 <= hrt <= 141 AND 120 <= sod <= 155 AND dzgroup_Coma == 0 AND race_hispanic == 0 AND urine <= 5.3e+03 AND charges <= 4.05e+05 AND 1.87 <= sps <= 35.5 AND dzgroup_Colon Cancer == 0 AND race_white == 0 AND dnrday <= 78.1 AND 33.6 <= temp <= 39.9 AND alb <= 9.57 AND glucose <= 281 AND adls == 5 AND ca_yes == 0,1.0
1,1,1.0,1.0,5,5,12,12,dnr_no dnr == 0 AND dementia == 0 AND adlp == 0 AND avtisst >= 23.5 AND dzgroup_COPD == 0 AND glucose_was_missing == 1 AND dzgroup_Coma == 0 AND 34.9 <= aps <= 118 AND dzgroup_Cirrhosis == 1 AND race_asian == 0 AND totcst <= 2.87e+05 AND race_white == 1,1.0
0,1,1.0,1.0,5,5,23,23,num_co == 4 AND avtisst <= 31.7 AND 1 <= sps <= 60.4 AND 61.1 <= meanbp <= 177 AND crea <= 7.72 AND 7.08 <= ph <= 7.73 AND glucose_was_missing == 0 AND bun <= 105 AND urine <= 4.4e+03 AND income_was_missing == 0 AND dzgroup_Cirrhosis == 0 AND dzgroup_Colon Cancer == 0 AND dzgroup_Lung Cancer == 0 AND dzgroup_MOSF w/Malig == 0 AND dzclass_Cancer == 0 AND race_white == 0 AND ca_yes == 0 AND dnr_dnr after sadm == 0 AND dnr_no dnr == 1 AND bun_was_missing == 0 AND dzclass_Coma == 0 AND race_other == 0 AND dnr_dnr before sadm == 0,1.0
0,1,1.0,1.0,1,1,18,18,race_hispanic == 0 AND dzclass_Cancer == 0 AND dzgroup_COPD == 0 AND crea <= 7.5 AND edu <= 26.7 AND ca_no == 1 AND dnr_dnr after sadm == 0 AND charges <= 5.05e+05 AND avtisst <= 23.3 AND wblc <= 63.8 AND bun <= 114 AND urine <= 5.06e+03 AND dzgroup_Lung Cancer == 0 AND dzgroup_MOSF w/Malig == 0 AND race_other == 0 AND dnr_no dnr == 1 AND totmcst <= 2.64e+05 AND dzgroup_Colon Cancer == 0,1.0
0,1,1.0,1.0,30,30,19,19,race_hispanic == 0 AND dzgroup_Cirrhosis == 0 AND race_other == 0 AND aps <= 50.9 AND dementia == 0 AND crea <= 8.78 AND glucose_was_missing == 0 AND totmcst <= 2.78e+05 AND dzgroup_MOSF w/Malig == 0 AND race_asian == 0 AND bun_was_missing == 0 AND avtisst <= 32.8 AND dnrday <= 85.6 AND bili <= 11.6 AND 126 <= sod <= 152 AND 7.25 <= ph <= 7.49 AND race_black == 1 AND race_white == 0 AND ca_no == 0,1.0
0,1,1.0,1.0,4,4,21,21,dzclass_COPD/CHF/Cirrhosis == 1 AND wblc <= 66.5 AND dnr_no dnr == 1 AND adlp_was_missing == 0 AND dnr_dnr before sadm == 0 AND diabetes == 0 AND dzgroup_Colon Cancer == 0 AND dzgroup_Lung Cancer == 0 AND dzclass_Cancer == 0 AND race_hispanic == 0 AND bili <= 21.7 AND crea <= 7.72 AND income_was_missing == 0 AND meanbp <= 122 AND bun <= 133 AND dzgroup_Cirrhosis == 0 AND dzgroup_Coma == 0 AND race_white == 1 AND adls == 6 AND race_asian == 0 AND race_black == 0,1.0
0,1,1.0,1.0,1,1,10,10,dzgroup_Coma == 0 AND dnr_no dnr == 1 AND aps <= 65.9 AND dzgroup_CHF == 0 AND dzgroup_Cirrhosis == 0 AND income_was_missing == 0 AND adlp == 0 AND alb <= 7.59 AND 130 <= sod <= 151 AND bun <= 113,1.0
1,1,1.0,1.0,2,2,22,22,dzgroup_COPD == 0 AND totcst <= 1.42e+05 AND dnr_no dnr == 0 AND num_co == 2 AND income_was_missing == 1 AND 6.09 <= edu <= 21.9 AND crea <= 9.05 AND 7.28 <= ph <= 7.66 AND dzgroup_CHF == 0 AND dzgroup_Cirrhosis == 0 AND dnr_dnr before sadm == 0 AND adls == 1 AND scoma <= 35.5 AND 33.3 <= temp <= 39.1 AND pafi <= 492 AND adlp == 0 AND 1.36 <= adlsc <= 4.76 AND sex == 1 AND dzgroup_MOSF w/Malig == 0 AND race_hispanic == 0 AND dzgroup_Lung Cancer == 0 AND dnr_dnr after sadm == 1,1.0
0,1,1.0,1.0,8,8,25,25,dzclass_Cancer == 0 AND dzgroup_Coma == 0 AND alb <= 8.58 AND race_hispanic == 0 AND adlp == 0 AND dnr_dnr before sadm == 0 AND age >= 43.4 AND crea <= 5.27 AND dzclass_Coma == 0 AND race_asian == 0 AND 11.6 <= resp <= 72.4 AND income == 1 AND ca_yes == 0 AND ca_no == 1 AND scoma <= 34.5 AND totcst <= 2.96e+05 AND totmcst <= 2.97e+05 AND 31.5 <= meanbp <= 169 AND glucose_was_missing == 0 AND bun <= 113 AND adlp_was_missing == 1 AND dzgroup_CHF == 1 AND dzgroup_COPD == 0 AND hrt <= 162 AND dnr_dnr after sadm == 0,1.0
0,1,1.0,1.0,9,9,21,20,69.3 <= meanbp <= 169 AND avtisst <= 24.4 AND crea <= 7.15 AND race_other == 0 AND charges <= 3.85e+05 AND scoma <= 33 AND dzgroup_Cirrhosis == 0 AND ca_yes == 0 AND adlp == 0 AND dnr_dnr before sadm == 0 AND 1.33 <= sps <= 49.7 AND dnrday <= 48.8 AND wblc <= 69.8 AND alb <= 9.57 AND bun_was_missing == 1 AND adlp_was_missing == 0 AND income == 0 AND dzgroup_CHF == 1 AND ca_no == 1 AND dzclass_Cancer == 0,1.0
1,1,1.0,1.0,1,1,31,31,age >= 59.5 AND num_co == 4 AND 4.71 <= edu <= 19.3 AND scoma <= 30 AND charges <= 3.73e+05 AND totcst <= 2.88e+05 AND totmcst <= 2.84e+05 AND 31.6 <= avtisst <= 62.4 AND aps >= 62.8 AND diabetes == 1 AND dnrday <= 55.7 AND 69.1 <= meanbp <= 149 AND bili <= 24.5 AND 128 <= sod <= 150 AND 7.3 <= ph <= 7.54 AND bun_was_missing == 0 AND bun <= 51.9 AND urine_was_missing == 0 AND adlp == 0 AND adls == 1 AND dzgroup_CHF == 0 AND dzgroup_COPD == 0 AND dzgroup_Cirrhosis == 0 AND dzgroup_Colon Cancer == 0 AND dzgroup_Lung Cancer == 0 AND dzclass_Coma == 0 AND race_asian == 0 AND race_other == 0 AND ca_no == 1 AND ca_yes == 0 AND dnr_dnr before sadm == 0,1.0
0,1,1.0,1.0,15,15,23,23,dzgroup_Cirrhosis == 0 AND dnr_dnr after sadm == 0 AND glucose <= 581 AND dzgroup_Coma == 0 AND ca_yes == 0 AND 6.26 <= edu <= 22.4 AND 31.5 <= meanbp <= 169 AND dzgroup_CHF == 0 AND urine_was_missing == 1 AND bili <= 18.3 AND dzclass_Coma == 0 AND race_other == 0 AND dnr_no dnr == 1 AND scoma <= 34.5 AND charges <= 5.34e+05 AND sps <= 45.1 AND wblc <= 71.5 AND 7.11 <= ph <= 7.65 AND dzgroup_COPD == 0 AND race_black == 0 AND ca_no == 0 AND adls == 1 AND dzgroup_Lung Cancer == 0,1.0
0,1,1.0,1.0,7,7,22,21,dzgroup_Cirrhosis == 0 AND 8.02 <= hrt <= 140 AND bili <= 16.9 AND dzclass_Cancer == 1 AND dzgroup_MOSF w/Malig == 0 AND race_other == 0 AND glucose_was_missing == 0 AND ca_yes == 0 AND aps <= 46.8 AND dzgroup_Colon Cancer == 0 AND 7.25 <= ph <= 7.56 AND dzgroup_Lung Cancer == 1 AND totmcst <= 2.78e+05 AND avtisst <= 32.8 AND dnrday <= 85.6 AND crea <= 8.78 AND 126 <= sod <= 152 AND bun_was_missing == 0 AND race_black == 1 AND race_hispanic == 0 AND ca_no == 0,1.0
0,1,1.0,1.0,34,34,19,19,dementia == 0 AND dzgroup_Cirrhosis == 0 AND dnr_dnr after sadm == 0 AND dnr_dnr before sadm == 0 AND scoma <= 34.5 AND race_other == 0 AND aps <= 46.8 AND race_black == 0 AND adlp == 0 AND race_white == 1 AND 4.56 <= avtisst <= 28.4 AND charges <= 5e+05 AND bun <= 79.8 AND income_was_missing == 0 AND dzgroup_Coma == 0 AND dzgroup_MOSF w/Malig == 0 AND race_hispanic == 0 AND bun_was_missing == 1 AND ca_no == 0,1.0
0,1,1.0,1.0,5,5,16,16,dnr_dnr after sadm == 0 AND income_was_missing == 0 AND pafi <= 533 AND bun <= 79.8 AND dzgroup_MOSF w/Malig == 0 AND race_white == 1 AND charges <= 5e+05 AND alb <= 9.01 AND race_other == 0 AND scoma <= 34.5 AND meanbp <= 169 AND crea <= 7.15 AND glucose <= 581 AND adlsc <= 2.66 AND dzgroup_COPD == 0 AND edu <= 5.89,1.0
0,1,1.0,1.0,13,13,21,21,dzgroup_Coma == 0 AND crea <= 7.3 AND totcst <= 1.15e+05 AND diabetes == 0 AND glucose_was_missing == 1 AND 5.33 <= sps <= 40.7 AND wblc <= 80.2 AND 38.7 <= age <= 65.5 AND income == 0 AND alb <= 9.43 AND 30 <= urine <= 2.5e+03 AND 7.9 <= meanbp <= 161 AND race_white == 1 AND dnr_dnr after sadm == 0 AND dnr_dnr before sadm == 0 AND scoma <= 14.5 AND totmcst <= 1.23e+05 AND 124 <= sod <= 152 AND adlsc <= 2.65 AND dzgroup_Cirrhosis == 0 AND ca_no == 1,1.0
0,1,1.0,1.0,61,61,17,17,crea <= 7.15 AND race_other == 0 AND dnr_no dnr == 1 AND avtisst <= 24.4 AND 3.96 <= resp <= 44.2 AND dzgroup_MOSF w/Malig == 0 AND race_asian == 0 AND glucose_was_missing == 0 AND dnr_dnr before sadm == 0 AND age >= 44.6 AND 36.4 <= hrt <= 141 AND 117 <= sod <= 155 AND sex == 1 AND dzgroup_Coma == 0 AND race_hispanic == 0 AND totcst <= 1.26e+05 AND 1.26e+03 <= urine <= 5.04e+03,1.0
0,1,1.0,1.0,6,6,21,21,dzgroup_COPD == 0 AND ca_yes == 0 AND 11.5 <= edu <= 24.5 AND dementia == 0 AND dzclass_Cancer == 0 AND dnr_dnr before sadm == 0 AND 118 <= sod <= 159 AND adlp == 0 AND dzgroup_Colon Cancer == 0 AND avtisst >= 23.5 AND totcst <= 2.31e+05 AND totmcst <= 2.74e+05 AND dnrday <= 71.1 AND 21.6 <= hrt <= 208 AND bun <= 103 AND adlp_was_missing == 1 AND dzgroup_Lung Cancer == 0 AND 42.6 <= aps <= 93.4 AND dzgroup_CHF == 0 AND dzclass_Coma == 0 AND race_hispanic == 1,1.0
0,1,1.0,1.0,14,14,20,20,dnr_dnr after sadm == 0 AND wblc <= 97.7 AND dzgroup_Cirrhosis == 0 AND resp <= 53.2 AND adlp_was_missing == 0 AND dzgroup_Colon Cancer == 0 AND urine_was_missing == 1 AND income_was_missing == 0 AND race_asian == 0 AND dnr_no dnr == 1 AND 44 <= age <= 81.1 AND charges <= 3.61e+05 AND 1.87 <= sps <= 35.5 AND aps <= 74.9 AND dzgroup_CHF == 0 AND dzclass_Cancer == 0 AND race_hispanic == 0 AND ca_yes == 0 AND dnr_dnr before sadm == 0 AND income == 1,1.0
1,1,1.0,1.0,1,1,26,26,dzgroup_Cirrhosis == 0 AND sex == 1 AND 29.3 <= aps <= 93.1 AND dementia == 0 AND wblc <= 31.1 AND income_was_missing == 0 AND dzgroup_Lung Cancer == 0 AND dnr_no dnr == 0 AND bili <= 11.6 AND totcst <= 1.97e+05 AND 20.2 <= sps <= 56.8 AND dnrday <= 44.3 AND 121 <= sod <= 159 AND glucose <= 373 AND dzclass_COPD/CHF/Cirrhosis == 0 AND dzclass_Cancer == 0 AND 34.8 <= temp <= 41.2 AND bun_was_missing == 0 AND 19.2 <= bun <= 121 AND adlsc <= 1.27 AND dzgroup_COPD == 0 AND dzgroup_Coma == 0 AND dzgroup_MOSF w/Malig == 1 AND dzclass_Coma == 0 AND dnr_dnr after sadm == 1 AND ca_yes == 1,1.0
0,1,1.0,1.0,1,1,20,20,bun_was_missing == 0 AND glucose_was_missing == 0 AND dnr_dnr before sadm == 0 AND pafi <= 457 AND urine_was_missing == 0 AND adlp == 0 AND dzclass_COPD/CHF/Cirrhosis == 0 AND race_asian == 0 AND diabetes == 1 AND 1 <= crea <= 7.39 AND 3.84e+03 <= urine <= 7.08e+03 AND adlp_was_missing == 1 AND adls == 1 AND income == 1 AND dzgroup_COPD == 0 AND dzclass_Coma == 0 AND ca_no == 1 AND dnr_no dnr == 1 AND charges <= 3.26e+05 AND dzgroup_Cirrhosis == 0,1.0
0,1,1.0,1.0,7,7,23,23,dzgroup_Cirrhosis == 0 AND dnr_dnr after sadm == 0 AND 25.8 <= age <= 77 AND 7.14 <= ph <= 7.7 AND adlsc <= 4.58 AND dzgroup_Coma == 0 AND dzgroup_Lung Cancer == 0 AND race_black == 0 AND race_hispanic == 0 AND race_other == 0 AND dnr_no dnr == 1 AND dnrday <= 82 AND 33.4 <= temp <= 38.7 AND bili <= 15.3 AND 115 <= sod <= 157 AND urine_was_missing == 1 AND dzgroup_Colon Cancer == 0 AND dzclass_Cancer == 0 AND dnr_dnr before sadm == 0 AND num_co == 1 AND sps <= 48 AND diabetes == 0 AND adlp == 1,1.0
1,1,1.0,1.0,3,3,22,22,118 <= sod <= 157 AND dzgroup_Lung Cancer == 0 AND dnr_dnr before sadm == 0 AND dzgroup_MOSF w/Malig == 0 AND urine <= 4.26e+03 AND dzgroup_Cirrhosis == 0 AND race_other == 0 AND dnr_no dnr == 0 AND 61.5 <= hrt <= 198 AND dzclass_Cancer == 0 AND dementia == 0 AND adlp == 0 AND scoma >= 83 AND urine_was_missing == 1 AND 1.38 <= adlsc <= 4.43 AND dzclass_Coma == 1 AND 20.2 <= sps <= 56.8 AND 30.8 <= aps <= 93.1 AND dnrday <= 44.3 AND glucose <= 373 AND income_was_missing == 0 AND wblc <= 52.6,1.0
0,1,1.0,1.0,26,26,18,18,dzgroup_Cirrhosis == 0 AND scoma <= 34.5 AND 31.5 <= meanbp <= 131 AND glucose <= 508 AND sps <= 44 AND hrt <= 197 AND glucose_was_missing == 0 AND income_was_missing == 1 AND ca_no == 1 AND dnr_dnr after sadm == 0 AND bili <= 10.7 AND avtisst <= 23.3 AND alb <= 7.08 AND 7.25 <= ph <= 7.59 AND 0.631 <= adlsc <= 5.72 AND dzgroup_Colon Cancer == 0 AND dzgroup_MOSF w/Malig == 0 AND dzclass_COPD/CHF/Cirrhosis == 1,1.0
1,1,1.0,1.0,1,1,22,22,age <= 63.7 AND 9.18 <= edu <= 20.8 AND scoma <= 25.5 AND 53.9 <= aps <= 118 AND diabetes == 0 AND 36 <= temp <= 41 AND crea <= 13.3 AND glucose_was_missing == 1 AND bun <= 87.3 AND urine_was_missing == 1 AND urine <= 3.99e+03 AND income == 1 AND dzgroup_CHF == 0 AND dzgroup_COPD == 0 AND dzgroup_Colon Cancer == 0 AND dzgroup_Lung Cancer == 0 AND dzclass_Cancer == 0 AND race_hispanic == 0 AND dnr_dnr before sadm == 0 AND totmcst <= 2.58e+05 AND 48.2 <= sps <= 84.8 AND dzgroup_MOSF w/Malig == 1,1.0
0,1,1.0,1.0,1,1,23,23,44 <= age <= 81.8 AND num_co == 1 AND charges <= 6.16e+05 AND totcst <= 1.7e+05 AND sps <= 59.3 AND dementia == 0 AND dnrday <= 74 AND meanbp <= 149 AND 19.8 <= hrt <= 189 AND resp <= 51.7 AND sod <= 149 AND 7.31 <= ph <= 7.76 AND urine_was_missing == 1 AND adlp == 5 AND dzgroup_Cirrhosis == 0 AND dzgroup_Colon Cancer == 0 AND dzgroup_MOSF w/Malig == 0 AND race_asian == 0 AND race_hispanic == 0 AND ca_no == 0 AND avtisst <= 42.3 AND alb <= 9.58 AND dnr_dnr before sadm == 0,1.0
0,1,1.0,1.0,33,33,17,17,glucose_was_missing == 1 AND dzclass_Cancer == 1 AND dnr_dnr after sadm == 0 AND dnr_dnr before sadm == 0 AND adlp == 0 AND dzgroup_CHF == 0 AND sod >= 117 AND race_other == 0 AND resp <= 33.6 AND charges <= 3.45e+05 AND sps <= 45.1 AND aps <= 46.8 AND dzclass_COPD/CHF/Cirrhosis == 0 AND race_black == 0 AND dzgroup_Lung Cancer == 1 AND race_asian == 0 AND 49.3 <= meanbp <= 137,1.0
0,1,1.0,1.0,1,1,23,23,dzgroup_Coma == 0 AND diabetes == 0 AND aps <= 71.4 AND bun_was_missing == 0 AND urine_was_missing == 0 AND 1.94 <= edu <= 26.7 AND bili <= 16.9 AND dzclass_Coma == 0 AND race_asian == 0 AND glucose <= 314 AND dzgroup_Colon Cancer == 0 AND dnr_dnr after sadm == 0 AND alb <= 9.58 AND sps <= 55.2 AND crea <= 5.27 AND 345 <= urine <= 1.08e+03 AND dzgroup_COPD == 0 AND dzgroup_Cirrhosis == 0 AND dzgroup_Lung Cancer == 0 AND dzgroup_MOSF w/Malig == 0 AND dnr_dnr before sadm == 0 AND 7.21 <= ph <= 7.47 AND income == 3,1.0
1,1,1.0,1.0,1,1,29,29,charges <= 3.22e+05 AND 21.7 <= avtisst <= 43.3 AND diabetes == 0 AND 33.2 <= temp <= 39 AND glucose_was_missing == 0 AND glucose <= 492 AND bun_was_missing == 0 AND urine_was_missing == 1 AND adlp == 0 AND dzgroup_CHF == 0 AND dzgroup_COPD == 1 AND dzgroup_Lung Cancer == 0 AND dzclass_Cancer == 0 AND race_white == 1 AND ca_no == 1 AND ca_yes == 0 AND dnr_dnr before sadm == 0 AND dnr_no dnr == 0 AND 31.3 <= aps <= 94.7 AND dementia == 0 AND bili <= 11.3 AND dzgroup_Cirrhosis == 0 AND dzgroup_Coma == 0 AND dzgroup_MOSF w/Malig == 0 AND dzclass_Coma == 0 AND race_hispanic == 0 AND dnr_dnr after sadm == 1 AND adlp_was_missing == 1 AND dzgroup_Colon Cancer == 0,1.0
1,1,1.0,1.0,1,1,12,11,dnrday <= 104 AND glucose_was_missing == 1 AND urine <= 4.62e+03 AND sex == 1 AND dzgroup_Cirrhosis == 0 AND dzgroup_Colon Cancer == 0 AND race_other == 0 AND dnr_dnr after sadm == 1 AND 96.3 <= aps <= 101 AND totcst <= 1.96e+05 AND adlp == 0,1.0
1,1,1.0,1.0,4,4,17,17,dnr_dnr after sadm == 1 AND dementia == 0 AND adlp == 0 AND dzgroup_Cirrhosis == 0 AND glucose_was_missing == 1 AND dzgroup_Colon Cancer == 0 AND bun <= 91.8 AND charges <= 4.58e+05 AND diabetes == 0 AND bili <= 12.2 AND bun_was_missing == 1 AND dzgroup_Coma == 0 AND dzclass_COPD/CHF/Cirrhosis == 0 AND race_black == 0 AND race_white == 0 AND dnr_no dnr == 0 AND urine_was_missing == 1,1.0
1,1,1.0,1.0,1,1,31,31,num_co == 1 AND charges <= 3.19e+05 AND totmcst <= 1.16e+05 AND 20.5 <= avtisst <= 57.5 AND 5.71 <= sps <= 67.1 AND 49 <= aps <= 87 AND 93.8 <= meanbp <= 160 AND 119 <= hrt <= 201 AND 151 <= pafi <= 657 AND sod >= 140 AND ph >= 7.19 AND glucose_was_missing == 1 AND glucose <= 308 AND bun <= 134 AND 435 <= urine <= 3.5e+03 AND adls == 1 AND sex == 0 AND income_was_missing == 0 AND income == 1 AND dzgroup_COPD == 0 AND dzgroup_Coma == 0 AND dzgroup_MOSF w/Malig == 0 AND dzclass_COPD/CHF/Cirrhosis == 0 AND dzclass_Cancer == 0 AND race_asian == 0 AND race_hispanic == 0 AND ca_no == 1 AND ca_yes == 0 AND dnr_dnr after sadm == 0 AND dnr_dnr before sadm == 0 AND dnr_no dnr == 1,1.0
1,1,1.0,1.0,2,2,20,20,bun <= 119 AND dnr_no dnr == 0 AND dementia == 0 AND adlp == 0 AND avtisst >= 23.5 AND dnrday <= 128 AND dzgroup_COPD == 0 AND glucose_was_missing == 1 AND 24.8 <= aps <= 81.2 AND totcst <= 1.58e+05 AND sps <= 62.2 AND wblc <= 55.5 AND 9.96 <= resp <= 46 AND pafi <= 492 AND 0.237 <= crea <= 8.02 AND 7.28 <= ph <= 7.66 AND 525 <= urine <= 3.4e+03 AND dzgroup_Cirrhosis == 0 AND alb <= 9.4 AND dnr_dnr after sadm == 0,1.0
0,1,1.0,1.0,12,12,17,17,dnr_dnr after sadm == 0 AND race_white == 1 AND avtisst <= 36.5 AND dzgroup_Coma == 0 AND race_black == 0 AND glucose_was_missing == 0 AND income_was_missing == 0 AND dzgroup_Lung Cancer == 0 AND meanbp <= 129 AND sod <= 151 AND bun_was_missing == 0 AND adlp_was_missing == 0 AND dzclass_Coma == 0 AND totcst <= 1.5e+05 AND crea <= 5.03 AND dzclass_Cancer == 1 AND 0.84 <= edu <= 23.2,1.0
0,1,1.0,1.0,4,4,22,22,age >= 51.3 AND 25.5 <= scoma <= 56.5 AND totcst <= 2.96e+05 AND 17.5 <= avtisst <= 49.8 AND diabetes == 0 AND crea <= 9.77 AND 117 <= sod <= 157 AND 25.2 <= glucose <= 551 AND bun <= 130 AND dzgroup_CHF == 0 AND dzgroup_Cirrhosis == 0 AND dzgroup_Coma == 1 AND dzclass_Coma == 1 AND race_black == 0 AND race_other == 0 AND race_white == 1 AND ca_no == 1 AND ca_yes == 0 AND dnrday <= 93.3 AND dnr_dnr after sadm == 0 AND 14.1 <= hrt <= 186 AND dnr_no dnr == 1,1.0
1,1,1.0,1.0,4,4,18,18,dzgroup_Lung Cancer == 0 AND avtisst >= 23.5 AND race_white == 1 AND dnrday <= 55.5 AND 7.29 <= ph <= 7.61 AND bun_was_missing == 1 AND race_other == 0 AND totcst <= 9.77e+04 AND 21.6 <= hrt <= 185 AND bili <= 11.9 AND sod <= 151 AND glucose <= 326 AND dzgroup_Coma == 0 AND race_black == 0 AND scoma >= 52.5 AND totmcst <= 2.69e+05 AND urine <= 4.58e+03 AND adlp == 0,1.0
0,1,1.0,1.0,11,11,17,17,scoma <= 34.5 AND race_white == 1 AND dnr_dnr after sadm == 0 AND avtisst <= 37.3 AND adlp_was_missing == 1 AND alb <= 8.94 AND dnr_dnr before sadm == 0 AND 1.3 <= adlsc <= 4.13 AND dzgroup_Coma == 0 AND 25.8 <= age <= 56.8 AND bili <= 28.5 AND adls == 1 AND income_was_missing == 1 AND dzgroup_Lung Cancer == 0 AND race_hispanic == 0 AND 7.3 <= ph <= 7.54 AND sex == 0,1.0
1,1,1.0,1.0,35,35,19,19,dzgroup_COPD == 0 AND dzgroup_MOSF w/Malig == 0 AND race_asian == 0 AND avtisst >= 37.9 AND totmcst <= 1.29e+05 AND dementia == 0 AND dnr_dnr after sadm == 1 AND adlp == 0 AND dzclass_Cancer == 0 AND edu <= 26.4 AND hrt <= 197 AND wblc <= 43.8 AND 7 <= ph <= 7.62 AND adls == 1 AND race_white == 1 AND 9.95 <= sps <= 60.4 AND alb <= 7.5 AND dzgroup_Cirrhosis == 0 AND race_black == 0,1.0
0,1,1.0,1.0,1,1,21,21,dementia == 0 AND dnrday <= 95.5 AND glucose <= 513 AND dzclass_Coma == 0 AND race_asian == 0 AND avtisst <= 37.3 AND dzgroup_COPD == 0 AND alb <= 9.58 AND race_other == 0 AND dzgroup_MOSF w/Malig == 0 AND 4.49 <= edu <= 22.2 AND diabetes == 0 AND 44.9 <= wblc <= 72.2 AND 7.12 <= ph <= 7.64 AND bun <= 113 AND 345 <= urine <= 3.58e+03 AND bili <= 22.6 AND 15.6 <= aps <= 80.4 AND crea <= 7.08 AND dzclass_COPD/CHF/Cirrhosis == 0 AND race_hispanic == 0,1.0
0,1,1.0,1.0,11,11,19,19,race_other == 0 AND dzgroup_Coma == 0 AND dnr_dnr after sadm == 0 AND sex == 1 AND dnr_dnr before sadm == 0 AND edu <= 25 AND totmcst <= 1.27e+05 AND dzclass_COPD/CHF/Cirrhosis == 1 AND totcst <= 1.15e+05 AND 5.33 <= sps <= 31.1 AND diabetes == 0 AND crea <= 7.3 AND urine_was_missing == 1 AND dzgroup_Colon Cancer == 0 AND dnr_no dnr == 1 AND 91.1 <= pafi <= 357 AND adls == 1 AND dzgroup_COPD == 0 AND dzgroup_Cirrhosis == 0,1.0
0,1,1.0,1.0,29,29,20,20,dnr_dnr after sadm == 0 AND race_hispanic == 0 AND crea <= 7.64 AND aps <= 92.6 AND resp <= 59.2 AND urine_was_missing == 1 AND 1.77 <= edu <= 22.2 AND bili <= 22.5 AND dzgroup_Coma == 0 AND alb <= 9.58 AND bun <= 123 AND dzgroup_Cirrhosis == 0 AND dzgroup_Colon Cancer == 0 AND ca_no == 1 AND dnr_dnr before sadm == 0 AND dzgroup_COPD == 1 AND 33.4 <= hrt <= 197 AND adlp_was_missing == 0 AND dzclass_COPD/CHF/Cirrhosis == 1 AND dnr_no dnr == 1,1.0
0,1,1.0,1.0,14,14,16,16,dnr_dnr before sadm == 0 AND race_asian == 0 AND race_white == 1 AND adlp_was_missing == 0 AND crea <= 5.27 AND glucose_was_missing == 1 AND alb <= 13.1 AND dzgroup_Coma == 0 AND avtisst <= 36.5 AND dzgroup_Cirrhosis == 1 AND income_was_missing == 0 AND dzgroup_CHF == 0 AND race_other == 0 AND dnr_no dnr == 1 AND 45.6 <= meanbp <= 108 AND urine_was_missing == 1,1.0
0,1,1.0,1.0,17,17,21,21,race_other == 0 AND aps <= 29.6 AND dzgroup_Cirrhosis == 0 AND race_white == 1 AND diabetes == 0 AND glucose <= 348 AND dzgroup_Coma == 0 AND dzgroup_Lung Cancer == 0 AND bili <= 20 AND race_black == 0 AND 7.09 <= ph <= 7.64 AND glucose_was_missing == 0 AND age >= 43.4 AND dnrday <= 97.6 AND urine_was_missing == 0 AND adlp_was_missing == 0 AND dzgroup_MOSF w/Malig == 0 AND 9.6 <= resp <= 40.4 AND dzgroup_Colon Cancer == 0 AND dzgroup_CHF == 0 AND dzclass_COPD/CHF/Cirrhosis == 1,1.0
0,1,1.0,1.0,8,8,22,22,totmcst <= 2.89e+05 AND sps <= 54.8 AND 81.9 <= meanbp <= 111 AND glucose <= 581 AND dzgroup_CHF == 0 AND dzgroup_Colon Cancer == 1 AND dzgroup_Lung Cancer == 0 AND race_black == 0 AND race_other == 0 AND avtisst <= 25.1 AND urine <= 5.3e+03 AND dzgroup_COPD == 0 AND sod <= 157 AND dnr_dnr after sadm == 0 AND dnr_no dnr == 1 AND scoma <= 20 AND glucose_was_missing == 1 AND dzgroup_Cirrhosis == 0 AND dzgroup_MOSF w/Malig == 0 AND ca_no == 0 AND 12.6 <= edu <= 29.4 AND aps <= 53.8,1.0
0,1,1.0,1.0,52,52,15,15,race_other == 0 AND 7.11 <= ph <= 7.75 AND dnr_no dnr == 1 AND 52.5 <= meanbp <= 156 AND aps <= 65.9 AND 25.8 <= age <= 90 AND avtisst <= 42.3 AND dzgroup_CHF == 0 AND dzclass_Cancer == 1 AND totcst <= 2.47e+05 AND adls == 0 AND resp <= 56.1 AND 104 <= pafi <= 344 AND dzclass_COPD/CHF/Cirrhosis == 0 AND dnrday <= 104,1.0
0,1,1.0,1.0,112,112,18,18,dzclass_COPD/CHF/Cirrhosis == 1 AND adlp_was_missing == 0 AND dzclass_Coma == 0 AND 33.4 <= hrt <= 197 AND dzgroup_Lung Cancer == 0 AND 2.39 <= edu <= 14.5 AND resp <= 34.9 AND 7.11 <= ph <= 7.73 AND dzgroup_Cirrhosis == 0 AND alb <= 9.58 AND avtisst <= 24.4 AND 345 <= urine <= 3.58e+03 AND dzgroup_MOSF w/Malig == 0 AND charges <= 6.04e+05 AND sod <= 155 AND adlsc <= 2.66 AND ca_no == 1 AND dnr_no dnr == 1,1.0
1,1,1.0,1.0,1,1,24,24,dzgroup_COPD == 0 AND dzgroup_Cirrhosis == 0 AND dzclass_Cancer == 0 AND race_hispanic == 0 AND dzgroup_MOSF w/Malig == 0 AND dnr_dnr before sadm == 0 AND dzgroup_CHF == 0 AND avtisst >= 37.9 AND 78.5 <= bun <= 103 AND race_asian == 0 AND wblc <= 74.5 AND 93.5 <= pafi <= 230 AND crea <= 11.8 AND glucose <= 379 AND adlp == 0 AND race_other == 0 AND ca_yes == 0 AND dnr_no dnr == 0 AND 33 <= temp <= 39.2 AND adlp_was_missing == 1 AND totmcst <= 2.74e+05 AND dnrday <= 71.1 AND edu <= 26.4 AND ca_no == 1,1.0
0,1,1.0,1.0,3,3,18,18,sod <= 155 AND totmcst <= 2.37e+05 AND resp <= 47.4 AND dzgroup_MOSF w/Malig == 0 AND race_other == 0 AND diabetes == 0 AND hrt <= 51.2 AND dzclass_Cancer == 0 AND ca_yes == 0 AND dnr_no dnr == 1 AND 4.49 <= edu <= 22.2 AND alb <= 9.58 AND bili <= 22.6 AND glucose <= 513 AND dzclass_Coma == 0 AND dnr_dnr before sadm == 0 AND 18.9 <= age <= 54.9 AND 7.1 <= ph <= 7.68,1.0
0,1,1.0,1.0,2,2,22,22,dnr_dnr after sadm == 0 AND race_hispanic == 0 AND crea <= 7.64 AND aps <= 92.6 AND resp <= 59.2 AND urine_was_missing == 1 AND 4.02 <= edu <= 22.2 AND bili <= 22.5 AND dzgroup_Coma == 0 AND alb <= 9.58 AND dzgroup_Cirrhosis == 0 AND dzgroup_Colon Cancer == 0 AND ca_no == 1 AND dnr_dnr before sadm == 0 AND dzgroup_COPD == 1 AND 33.4 <= hrt <= 197 AND adlp_was_missing == 0 AND dzclass_COPD/CHF/Cirrhosis == 1 AND dnr_no dnr == 1 AND 39.7 <= age <= 98.3 AND totmcst <= 2.42e+05 AND adlp == 1,1.0
0,1,1.0,1.0,7,7,20,20,totmcst <= 2.89e+05 AND sps <= 54.8 AND dzgroup_CHF == 0 AND dzgroup_Colon Cancer == 1 AND dzgroup_Lung Cancer == 0 AND race_other == 0 AND 104 <= pafi <= 457 AND sod <= 157 AND dnr_no dnr == 1 AND crea <= 6.42 AND dzclass_Cancer == 1 AND race_asian == 0 AND dementia == 0 AND meanbp <= 161 AND wblc <= 72.2 AND 113 <= hrt <= 217 AND bili <= 22.6 AND ca_yes == 0 AND adlp_was_missing == 0 AND dzgroup_MOSF w/Malig == 0,1.0
1,1,1.0,1.0,1,1,20,19,totmcst <= 1.27e+05 AND diabetes == 1 AND 105 <= meanbp <= 157 AND bili <= 20.1 AND crea <= 3.78 AND 120 <= sod <= 164 AND glucose_was_missing == 1 AND bun_was_missing == 1 AND adlp_was_missing == 1 AND dzgroup_COPD == 0 AND dzgroup_Cirrhosis == 0 AND race_white == 0 AND ca_no == 1 AND num_co == 2 AND 7.28 <= ph <= 7.66 AND 1.16e+03 <= urine <= 3.4e+03 AND dzgroup_CHF == 0 AND dnrday <= 41.1 AND dnr_dnr after sadm == 1,1.0
1,1,1.0,1.0,3,3,17,17,dzgroup_Cirrhosis == 0 AND dnr_no dnr == 0 AND avtisst >= 23.5 AND bili <= 11.3 AND 3.4e+03 <= urine <= 3.93e+03 AND dzgroup_CHF == 0 AND adlp == 0 AND pafi <= 524 AND glucose_was_missing == 1 AND glucose <= 477 AND dzgroup_COPD == 0 AND dzgroup_Lung Cancer == 0 AND 58.1 <= age <= 63.8 AND dementia == 0 AND wblc <= 64.5 AND race_other == 0 AND dnr_dnr after sadm == 1,1.0
1,1,1.0,1.0,1,1,27,27,61.9 <= age <= 94.6 AND 14.5 <= avtisst <= 61.5 AND 20.8 <= sps <= 50.5 AND 10.5 <= aps <= 65.5 AND dnrday <= 56.9 AND wblc <= 81.9 AND 82.7 <= hrt <= 157 AND pafi <= 350 AND alb <= 13.9 AND crea <= 8.18 AND 134 <= sod <= 152 AND 7.18 <= ph <= 7.74 AND urine_was_missing == 0 AND urine <= 2.05e+03 AND adlp_was_missing == 1 AND adlp == 0 AND adls == 1 AND income == 1 AND dzgroup_COPD == 0 AND dzgroup_Cirrhosis == 0 AND dzgroup_Coma == 1 AND dzgroup_MOSF w/Malig == 0 AND dzclass_COPD/CHF/Cirrhosis == 0 AND dzclass_Coma == 1 AND race_hispanic == 0 AND race_white == 0 AND dnr_no dnr == 1,1.0
0,1,1.0,1.0,2,2,16,16,dzgroup_COPD == 0 AND dnr_dnr after sadm == 0 AND aps <= 46.8 AND alb <= 9.01 AND race_other == 0 AND dnr_dnr before sadm == 0 AND resp <= 25.6 AND sod <= 157 AND dzgroup_CHF == 0 AND dzclass_Coma == 1 AND race_hispanic == 0 AND ca_no == 1 AND ca_yes == 0 AND totcst <= 1.53e+05 AND income == 3 AND dzclass_COPD/CHF/Cirrhosis == 0,1.0
0,1,1.0,1.0,3,3,27,27,dementia == 0 AND urine <= 5.3e+03 AND dzgroup_Coma == 0 AND dzclass_Cancer == 0 AND race_asian == 0 AND 1.33 <= sps <= 47.9 AND 105 <= hrt <= 141 AND bili <= 21.7 AND dzclass_Coma == 0 AND dzgroup_Colon Cancer == 0 AND diabetes == 0 AND ca_no == 1 AND income == 0 AND race_other == 0 AND ca_yes == 0 AND dnr_dnr before sadm == 0 AND num_co == 0 AND 5.64 <= edu <= 18.4 AND 22.3 <= aps <= 71.7 AND dnrday <= 131 AND 36.2 <= temp <= 40.8 AND crea <= 6.12 AND glucose <= 529 AND adlp_was_missing == 1 AND adlp == 0 AND urine_was_missing == 1 AND race_black == 1,1.0
0,1,1.0,1.0,20,20,16,16,race_other == 0 AND 1.94 <= edu <= 26.7 AND race_asian == 0 AND glucose <= 314 AND avtisst <= 28.4 AND dementia == 0 AND adlp == 0 AND dzgroup_Cirrhosis == 0 AND dnr_dnr before sadm == 0 AND 133 <= sod <= 169 AND 7.3 <= ph <= 7.64 AND dzgroup_Lung Cancer == 0 AND dzclass_COPD/CHF/Cirrhosis == 1 AND dzclass_Cancer == 0 AND charges <= 3.97e+05 AND ca_no == 0,1.0
0,1,1.0,1.0,11,11,18,18,dnr_dnr after sadm == 0 AND race_other == 0 AND avtisst <= 42.3 AND diabetes == 0 AND sps <= 48 AND adlp == 0 AND dementia == 0 AND 1.64 <= edu <= 22.4 AND 7.22 <= ph <= 7.73 AND dzclass_Cancer == 0 AND dzclass_COPD/CHF/Cirrhosis == 0 AND 121 <= sod <= 155 AND glucose_was_missing == 0 AND urine <= 4.64e+03 AND income_was_missing == 1 AND crea <= 9.96 AND race_black == 1 AND dzgroup_MOSF w/Malig == 0,1.0
1,1,1.0,1.0,2,2,20,20,avtisst >= 9.21 AND dnr_dnr after sadm == 1 AND 2.81 <= aps <= 101 AND dementia == 0 AND dzgroup_COPD == 0 AND dzgroup_Cirrhosis == 0 AND glucose_was_missing == 1 AND dzgroup_Colon Cancer == 0 AND bun <= 91.8 AND charges <= 4.58e+05 AND 16 <= meanbp <= 94 AND dzclass_Coma == 1 AND dnr_no dnr == 0 AND num_co == 0 AND race_asian == 0 AND race_white == 1 AND dnr_dnr before sadm == 0 AND 6.26 <= edu <= 17.7 AND alb <= 7.92 AND bun_was_missing == 1,1.0
1,1,1.0,1.0,2,2,22,22,dzgroup_COPD == 0 AND dzgroup_Cirrhosis == 0 AND dnr_dnr after sadm == 1 AND dzgroup_Lung Cancer == 0 AND 47.7 <= age <= 98.3 AND ca_yes == 0 AND glucose <= 477 AND adlp == 0 AND dzclass_COPD/CHF/Cirrhosis == 0 AND num_co == 3 AND sex == 0 AND bili <= 9.19 AND totcst <= 1.63e+05 AND 6.09 <= edu <= 21.9 AND pafi <= 524 AND 7.28 <= ph <= 7.66 AND 1.16e+03 <= urine <= 3.4e+03 AND dzgroup_CHF == 0 AND urine_was_missing == 0 AND income_was_missing == 1 AND race_asian == 0 AND dnr_no dnr == 0,1.0
0,1,1.0,1.0,22,22,20,20,race_white == 1 AND income_was_missing == 0 AND dzgroup_Coma == 0 AND dnr_dnr after sadm == 0 AND aps <= 74.9 AND dzgroup_CHF == 0 AND race_hispanic == 0 AND dzgroup_COPD == 0 AND 44 <= age <= 81.1 AND 4.71 <= edu <= 26.7 AND scoma <= 24 AND 1.87 <= sps <= 35.5 AND dementia == 0 AND 7.22 <= ph <= 7.48 AND urine_was_missing == 1 AND adlp_was_missing == 0 AND dzgroup_Cirrhosis == 0 AND dzclass_Cancer == 0 AND dnr_no dnr == 1 AND glucose_was_missing == 1,1.0
1,1,1.0,1.0,3,3,18,18,dzgroup_Cirrhosis == 0 AND dzclass_Cancer == 0 AND race_hispanic == 0 AND dnr_dnr before sadm == 0 AND race_asian == 0 AND adlp == 0 AND dnr_no dnr == 0 AND dementia == 0 AND glucose_was_missing == 0 AND sex == 0 AND income == 2 AND race_black == 0 AND ca_yes == 1 AND alb <= 10.6 AND 7.2 <= ph <= 7.6 AND adlsc <= 2.65 AND dzgroup_MOSF w/Malig == 1 AND dzclass_COPD/CHF/Cirrhosis == 0,1.0
0,1,1.0,1.0,8,8,19,19,dzgroup_COPD == 0 AND dzgroup_Lung Cancer == 0 AND num_co == 2 AND sps <= 46 AND edu <= 22.4 AND totmcst <= 2.62e+05 AND wblc <= 53.4 AND glucose <= 508 AND 45.8 <= age <= 86 AND totcst <= 1.7e+05 AND avtisst <= 42.3 AND diabetes == 0 AND 32.7 <= temp <= 39.4 AND crea <= 6.42 AND urine <= 5.3e+03 AND sex == 1 AND dzgroup_Coma == 0 AND race_black == 1 AND dementia == 0,1.0
1,1,1.0,1.0,3,3,21,21,dzgroup_Cirrhosis == 0 AND dnr_no dnr == 0 AND totcst <= 1.97e+05 AND avtisst >= 23.5 AND bili <= 11.3 AND 1.16e+03 <= urine <= 3.4e+03 AND dzgroup_CHF == 0 AND 7.28 <= ph <= 7.66 AND adlp == 0 AND race_asian == 0 AND dnr_dnr before sadm == 0 AND pafi <= 524 AND glucose_was_missing == 1 AND glucose <= 477 AND dzgroup_COPD == 0 AND dzgroup_Lung Cancer == 0 AND 6.09 <= edu <= 21.9 AND crea <= 9.05 AND 40.4 <= age <= 63.8 AND num_co == 1 AND ca_yes == 0,1.0
0,1,1.0,1.0,40,40,18,18,dnr_dnr before sadm == 0 AND dzclass_COPD/CHF/Cirrhosis == 1 AND dnr_no dnr == 1 AND avtisst <= 20.4 AND adlp == 0 AND adlsc <= 3.98 AND sex == 0 AND wblc <= 71.5 AND dzgroup_Coma == 0 AND race_other == 0 AND dnr_dnr after sadm == 0 AND crea <= 9.15 AND bili <= 28.5 AND bun <= 113 AND race_hispanic == 0 AND ca_yes == 0 AND 7.13 <= ph <= 7.71 AND income_was_missing == 1,1.0
0,1,1.0,1.0,1,1,17,17,dnr_dnr before sadm == 0 AND race_white == 1 AND dnr_no dnr == 1 AND income_was_missing == 0 AND dzgroup_Coma == 0 AND 29.8 <= meanbp <= 161 AND 33.4 <= hrt <= 152 AND race_other == 0 AND dnr_dnr after sadm == 0 AND 24.5 <= glucose <= 497 AND dzclass_Coma == 0 AND num_co == 4 AND resp <= 51.3 AND adls == 1 AND dzclass_COPD/CHF/Cirrhosis == 1 AND 9.39 <= edu <= 28.6 AND 2.87 <= adlsc <= 5.13,1.0
0,1,1.0,1.0,43,43,19,19,race_other == 0 AND dnr_dnr after sadm == 0 AND glucose_was_missing == 0 AND dzgroup_Cirrhosis == 0 AND alb <= 9.01 AND bun_was_missing == 0 AND avtisst <= 23.3 AND aps <= 46.8 AND dnrday <= 114 AND 7.9 <= meanbp <= 136 AND wblc <= 69.8 AND dzclass_Coma == 0 AND race_asian == 0 AND dnr_dnr before sadm == 0 AND race_black == 0 AND temp >= 33.5 AND income == 0 AND dzclass_COPD/CHF/Cirrhosis == 1 AND race_hispanic == 0,1.0
0,1,1.0,1.0,4,4,22,22,0.095 <= edu <= 15.9 AND totcst <= 2.42e+05 AND avtisst <= 42.7 AND diabetes == 0 AND resp <= 28.3 AND 129 <= sod <= 147 AND glucose <= 581 AND dzgroup_Cirrhosis == 0 AND dzgroup_Colon Cancer == 0 AND dzgroup_Coma == 0 AND dzclass_COPD/CHF/Cirrhosis == 1 AND dzclass_Coma == 0 AND race_white == 1 AND dnr_dnr after sadm == 1 AND 7.3 <= ph <= 7.72 AND dzgroup_COPD == 1 AND meanbp >= 42.8 AND adls == 1 AND ca_yes == 0 AND dnr_dnr before sadm == 0 AND urine_was_missing == 0 AND adlp_was_missing == 0,1.0
0,1,1.0,1.0,2,2,21,21,num_co == 4 AND edu <= 22.4 AND scoma <= 17.5 AND dementia == 0 AND wblc <= 64.4 AND resp <= 51.3 AND crea <= 6.42 AND adlp == 0 AND dzgroup_Cirrhosis == 0 AND dzclass_Cancer == 1 AND dzclass_Coma == 0 AND dzgroup_CHF == 0 AND dzgroup_Coma == 0 AND race_asian == 0 AND charges <= 4.09e+05 AND alb <= 12.4 AND bili <= 16.9 AND 131 <= sod <= 147 AND glucose <= 482 AND adlp_was_missing == 0 AND race_other == 0,1.0
0,1,1.0,1.0,1,1,30,30,num_co == 3 AND scoma <= 24.5 AND charges <= 1.89e+05 AND totcst <= 1.49e+05 AND totmcst <= 1.73e+05 AND 8.39 <= aps <= 67.6 AND diabetes == 1 AND 8.28 <= hrt <= 148 AND 4.16 <= resp <= 35.8 AND 35.2 <= temp <= 40.4 AND 221 <= pafi <= 436 AND alb <= 12.1 AND bili <= 19 AND 118 <= sod <= 156 AND glucose_was_missing == 1 AND glucose <= 287 AND bun_was_missing == 1 AND bun <= 90.3 AND urine_was_missing == 1 AND 120 <= urine <= 3.81e+03 AND sex == 1 AND income_was_missing == 1 AND income == 1 AND dzgroup_COPD == 0 AND dzgroup_Lung Cancer == 0 AND race_black == 1 AND race_other == 0 AND race_white == 0 AND dnr_dnr after sadm == 0 AND race_hispanic == 0,1.0
0,1,1.0,1.0,21,21,23,23,dnr_dnr after sadm == 0 AND bun_was_missing == 0 AND dnr_dnr before sadm == 0 AND adlp == 0 AND dzclass_COPD/CHF/Cirrhosis == 0 AND race_asian == 0 AND avtisst <= 42.7 AND sps <= 44 AND hrt <= 208 AND alb <= 6.45 AND adlp_was_missing == 1 AND dzgroup_Cirrhosis == 0 AND race_white == 1 AND sex == 0 AND dementia == 0 AND 14.2 <= pafi <= 546 AND sod <= 155 AND race_other == 0 AND ca_yes == 0 AND totmcst <= 2.11e+05 AND aps <= 31.6 AND glucose <= 534 AND age >= 62.3,1.0
0,1,1.0,1.0,2,2,22,22,bun_was_missing == 0 AND dnr_dnr before sadm == 0 AND adlp == 0 AND dzclass_COPD/CHF/Cirrhosis == 0 AND race_asian == 0 AND avtisst <= 42.7 AND sps <= 44 AND hrt <= 208 AND alb <= 6.45 AND adlp_was_missing == 1 AND dzgroup_Cirrhosis == 0 AND race_white == 1 AND dementia == 0 AND 14.2 <= pafi <= 546 AND sod <= 155 AND race_other == 0 AND ca_yes == 0 AND totmcst <= 2.11e+05 AND aps <= 31.6 AND glucose <= 534 AND adls == 7 AND dzgroup_COPD == 0,1.0
0,1,1.0,1.0,14,14,23,23,dzgroup_Cirrhosis == 0 AND glucose_was_missing == 0 AND dnr_dnr before sadm == 0 AND scoma <= 14.5 AND charges <= 4.27e+05 AND dzgroup_Lung Cancer == 0 AND dzclass_Coma == 0 AND race_hispanic == 0 AND sod <= 149 AND adlsc <= 4.58 AND sex == 0 AND race_other == 0 AND pafi <= 321 AND 53.4 <= age <= 96.1 AND 1.62 <= edu <= 22.4 AND totcst <= 1.67e+05 AND meanbp >= 42.8 AND 7.26 <= ph <= 7.75 AND glucose <= 482 AND income_was_missing == 0 AND 7.08 <= resp <= 44.9 AND dzclass_Cancer == 1 AND race_black == 0,1.0
0,1,1.0,1.0,1,1,29,29,55.9 <= age <= 86.9 AND scoma <= 27 AND 7.55 <= avtisst <= 29.1 AND 8.14 <= aps <= 51.9 AND diabetes == 0 AND dementia == 0 AND wblc <= 50.3 AND 45.2 <= hrt <= 155 AND 33.7 <= temp <= 38.5 AND 33.5 <= pafi <= 677 AND alb <= 8.06 AND 117 <= sod <= 165 AND 7.14 <= ph <= 7.7 AND glucose_was_missing == 1 AND urine_was_missing == 1 AND adlp_was_missing == 1 AND sex == 1 AND income_was_missing == 0 AND dzgroup_Cirrhosis == 0 AND dzgroup_Coma == 0 AND dzgroup_Lung Cancer == 0 AND dzclass_COPD/CHF/Cirrhosis == 1 AND race_asian == 0 AND race_hispanic == 0 AND ca_no == 0 AND ca_yes == 1 AND dnr_dnr before sadm == 0 AND dnr_no dnr == 0 AND dzclass_Coma == 0,1.0
0,1,1.0,1.0,4,4,28,28,dzclass_COPD/CHF/Cirrhosis == 1 AND dzgroup_Cirrhosis == 0 AND charges <= 4.31e+05 AND avtisst <= 42.7 AND dnr_dnr before sadm == 0 AND adlp == 0 AND dzclass_Cancer == 0 AND race_asian == 0 AND meanbp <= 152 AND bili <= 11.3 AND dzgroup_Colon Cancer == 0 AND dementia == 0 AND scoma <= 34.5 AND resp <= 34.9 AND 105 <= pafi <= 533 AND 114 <= sod <= 154 AND bun_was_missing == 0 AND bun <= 87.3 AND 1.11 <= adlsc <= 5.64 AND dzgroup_MOSF w/Malig == 0 AND dzclass_Coma == 0 AND race_hispanic == 0 AND race_other == 0 AND dnr_dnr after sadm == 0 AND 51.7 <= hrt <= 166 AND income == 1 AND dzgroup_COPD == 0 AND race_white == 0,1.0
0,1,1.0,1.0,18,18,19,19,31.5 <= meanbp <= 169 AND sod <= 155 AND race_other == 0 AND scoma <= 34.5 AND dzgroup_Cirrhosis == 0 AND dzgroup_COPD == 0 AND glucose_was_missing == 0 AND adlsc <= 3.98 AND dzgroup_MOSF w/Malig == 0 AND race_asian == 0 AND ca_yes == 0 AND bun <= 113 AND totcst <= 2.96e+05 AND totmcst <= 2.97e+05 AND adlp_was_missing == 1 AND dzgroup_CHF == 1 AND dzgroup_Coma == 0 AND dnr_dnr before sadm == 0 AND dnr_no dnr == 1,1.0
0,1,1.0,1.0,4,4,26,26,dnr_dnr after sadm == 0 AND race_hispanic == 0 AND sex == 1 AND avtisst <= 42.3 AND bili <= 21.7 AND race_asian == 0 AND dzgroup_MOSF w/Malig == 0 AND dzgroup_Coma == 0 AND dementia == 0 AND race_other == 0 AND glucose <= 285 AND bun_was_missing == 0 AND dzclass_COPD/CHF/Cirrhosis == 0 AND totcst <= 1.7e+05 AND crea <= 7.72 AND sod <= 167 AND bun <= 79.8 AND adlp_was_missing == 1 AND dzgroup_Cirrhosis == 0 AND dzclass_Cancer == 0 AND dzclass_Coma == 0 AND dnr_dnr before sadm == 0 AND diabetes == 1 AND dnrday <= 43.5 AND adlp == 0 AND adls == 1,1.0
0,1,1.0,1.0,6,6,17,17,dnr_no dnr == 1 AND adlsc <= 1.13 AND race_white == 0 AND dnr_dnr before sadm == 0 AND totmcst <= 2.55e+05 AND avtisst <= 41.8 AND diabetes == 1 AND crea <= 7.64 AND dzgroup_Lung Cancer == 0 AND dzclass_Coma == 0 AND race_asian == 0 AND charges <= 4.05e+05 AND 36.4 <= hrt <= 141 AND bun_was_missing == 0 AND urine <= 5.3e+03 AND income == 0 AND race_black == 1,1.0
0,1,1.0,1.0,1,1,21,21,totcst <= 2.99e+05 AND wblc <= 61.2 AND pafi <= 180 AND dzgroup_Cirrhosis == 0 AND dnr_dnr before sadm == 0 AND dzgroup_COPD == 0 AND dzclass_Coma == 0 AND 4.66 <= bun <= 97.3 AND adlp == 1 AND race_other == 0 AND scoma <= 34.5 AND charges <= 4.27e+05 AND dementia == 0 AND 20.3 <= glucose <= 340 AND income_was_missing == 0 AND dzclass_Cancer == 0 AND race_hispanic == 0 AND income == 2 AND crea <= 3.98 AND dzgroup_Coma == 0 AND dnr_no dnr == 1,1.0
0,1,1.0,1.0,26,26,15,15,charges <= 4.31e+05 AND dnr_dnr before sadm == 0 AND dzclass_Cancer == 0 AND race_asian == 0 AND meanbp <= 152 AND bili <= 18.5 AND dementia == 0 AND scoma <= 34.5 AND diabetes == 1 AND adlp_was_missing == 0 AND race_other == 0 AND race_white == 1 AND resp <= 50.2 AND income == 1 AND dnr_dnr after sadm == 0,1.0
0,1,1.0,1.0,83,83,21,21,dzclass_COPD/CHF/Cirrhosis == 1 AND wblc <= 66.5 AND adlp_was_missing == 0 AND dzclass_Coma == 0 AND dnr_dnr before sadm == 0 AND diabetes == 0 AND dzgroup_Colon Cancer == 0 AND 33.4 <= hrt <= 197 AND dzgroup_Lung Cancer == 0 AND 2.39 <= edu <= 21.6 AND resp <= 34.9 AND 7.11 <= ph <= 7.73 AND dzgroup_Cirrhosis == 0 AND alb <= 9.58 AND avtisst <= 20.4 AND dnrday <= 74 AND crea <= 5.27 AND 345 <= urine <= 3.58e+03 AND dzgroup_MOSF w/Malig == 0 AND dnr_dnr after sadm == 0 AND bun_was_missing == 1,1.0
0,1,1.0,1.0,8,8,19,19,dnr_dnr after sadm == 0 AND race_other == 0 AND bili <= 48 AND race_hispanic == 0 AND dzgroup_CHF == 1 AND edu <= 17.6 AND dzgroup_Colon Cancer == 0 AND income_was_missing == 0 AND avtisst <= 24.8 AND dzgroup_MOSF w/Malig == 0 AND adlp == 1 AND dzgroup_Cirrhosis == 0 AND dzclass_Coma == 0 AND resp <= 51.3 AND race_asian == 0 AND ca_yes == 0 AND dnr_no dnr == 1 AND diabetes == 1 AND race_white == 1,1.0
0,1,1.0,1.0,25,25,16,16,race_other == 0 AND diabetes == 1 AND 345 <= urine <= 5.3e+03 AND race_black == 0 AND dzclass_Cancer == 0 AND race_asian == 0 AND scoma <= 26.1 AND avtisst <= 42.3 AND totmcst <= 1.54e+05 AND dementia == 0 AND dnrday <= 104 AND alb <= 7.12 AND 136 <= sod <= 154 AND income_was_missing == 0 AND dzclass_COPD/CHF/Cirrhosis == 1 AND dnr_dnr after sadm == 0,1.0
1,1,1.0,1.0,5,5,17,17,dzgroup_COPD == 0 AND race_hispanic == 0 AND dnr_dnr before sadm == 0 AND aps <= 101 AND diabetes == 0 AND 8.12 <= resp <= 31.9 AND adlp_was_missing == 1 AND dzgroup_CHF == 0 AND race_asian == 0 AND dnr_no dnr == 0 AND 7.11 <= ph <= 7.73 AND bun_was_missing == 0 AND urine <= 3.02e+03 AND income_was_missing == 0 AND income == 3 AND dzclass_Cancer == 0 AND dzclass_Coma == 0,1.0
1,1,1.0,1.0,1,1,15,15,wblc <= 82.5 AND dnr_dnr after sadm == 1 AND dzgroup_MOSF w/Malig == 0 AND dzgroup_Coma == 0 AND adlp_was_missing == 1 AND 25.4 <= age <= 50.5 AND dnr_dnr before sadm == 0 AND dzclass_Cancer == 0 AND 30.8 <= aps <= 101 AND 21.6 <= hrt <= 208 AND bun <= 110 AND ca_yes == 0 AND dnr_no dnr == 0 AND crea <= 6.87 AND adls == 5,1.0
1,1,1.0,1.0,4,4,18,18,165 <= urine <= 3.76e+03 AND avtisst >= 23.5 AND race_hispanic == 0 AND dnr_dnr after sadm == 1 AND 30.5 <= aps <= 101 AND dementia == 0 AND dzgroup_COPD == 0 AND diabetes == 0 AND bun <= 113 AND charges <= 4.58e+05 AND hrt <= 132 AND 34.7 <= temp <= 37.4 AND dzclass_COPD/CHF/Cirrhosis == 1 AND dzclass_Coma == 0 AND race_asian == 0 AND race_black == 0 AND 116 <= sod <= 156 AND sex == 0,1.0
0,1,1.0,1.0,4,4,19,19,dnr_dnr before sadm == 0 AND race_asian == 0 AND dzclass_Cancer == 0 AND avtisst <= 44.9 AND race_white == 1 AND charges <= 4.31e+05 AND 7.16 <= ph <= 7.64 AND adlp_was_missing == 0 AND dzgroup_CHF == 0 AND dzclass_Coma == 0 AND ca_yes == 0 AND glucose_was_missing == 1 AND scoma <= 29.5 AND 28.5 <= meanbp <= 85.5 AND wblc <= 39.1 AND bili <= 11.6 AND urine_was_missing == 1 AND 4.08 <= adlsc <= 5.92 AND dzgroup_Colon Cancer == 0,1.0
0,1,1.0,1.0,1,1,27,27,48.4 <= age <= 77.7 AND scoma <= 19 AND totcst <= 1.07e+05 AND avtisst <= 20.9 AND 2.31 <= sps <= 42.9 AND aps <= 46.7 AND wblc <= 45.1 AND 61.4 <= hrt <= 139 AND resp <= 51.7 AND 123 <= sod <= 149 AND 7.08 <= ph <= 7.76 AND bun_was_missing == 0 AND bun <= 47.4 AND urine_was_missing == 0 AND adlp_was_missing == 0 AND adlp == 2 AND adls == 1 AND 0.955 <= adlsc <= 2.72 AND sex == 1 AND dzgroup_COPD == 1 AND dzgroup_MOSF w/Malig == 0 AND dzclass_Coma == 0 AND race_hispanic == 0 AND race_other == 0 AND race_white == 1 AND ca_yes == 0 AND alb <= 10.5,1.0
0,1,1.0,1.0,1,1,20,20,dnr_dnr after sadm == 0 AND dnr_dnr before sadm == 0 AND wblc <= 87.9 AND edu <= 26.7 AND urine <= 5.3e+03 AND glucose <= 508 AND charges <= 5.12e+05 AND sps <= 44 AND 33.5 <= temp <= 41.2 AND 121 <= sod <= 153 AND dzgroup_Cirrhosis == 0 AND dnr_no dnr == 1 AND totmcst <= 2.97e+05 AND dnrday <= 98.2 AND 53.2 <= resp <= 61.1 AND dzgroup_MOSF w/Malig == 0 AND race_asian == 0 AND ca_no == 1 AND 38.5 <= meanbp <= 95.5 AND race_other == 0,1.0
0,1,1.0,1.0,35,35,16,16,dzgroup_Cirrhosis == 0 AND dnr_dnr after sadm == 0 AND dnr_dnr before sadm == 0 AND adlp == 0 AND scoma <= 15.5 AND urine_was_missing == 1 AND race_other == 0 AND sps <= 45.1 AND dzclass_COPD/CHF/Cirrhosis == 0 AND race_black == 0 AND 52.5 <= pafi <= 395 AND alb <= 9.01 AND bun <= 99.2 AND dzgroup_Colon Cancer == 1 AND dzgroup_Coma == 0 AND 11.7 <= resp <= 44.3,1.0
1,1,1.0,1.0,1,1,22,22,dzgroup_Cirrhosis == 0 AND dzclass_Coma == 0 AND dnr_dnr after sadm == 1 AND 1.52 <= hrt <= 146 AND bili <= 16.4 AND dzgroup_Coma == 0 AND 1.16e+03 <= urine <= 3.4e+03 AND dementia == 0 AND 7.28 <= ph <= 7.66 AND adlp == 0 AND race_asian == 0 AND totcst <= 2.72e+05 AND scoma <= 42 AND dnrday <= 90.9 AND 4.16 <= resp <= 35.8 AND glucose_was_missing == 0 AND bun_was_missing == 0 AND bun <= 89.7 AND income_was_missing == 1 AND ca_yes == 1 AND alb <= 12.7 AND adls == 0,1.0
0,1,1.0,1.0,20,20,22,22,ca_yes == 0 AND dzclass_COPD/CHF/Cirrhosis == 1 AND bun <= 113 AND race_other == 0 AND ph >= 7.23 AND race_hispanic == 0 AND totmcst <= 1.66e+05 AND avtisst <= 20.4 AND dzgroup_Coma == 0 AND dzgroup_Lung Cancer == 0 AND dnr_dnr before sadm == 0 AND aps <= 84.1 AND dzgroup_COPD == 0 AND dnr_no dnr == 1 AND scoma <= 34.5 AND diabetes == 0 AND dementia == 0 AND 120 <= sod <= 156 AND dzclass_Coma == 0 AND race_asian == 0 AND race_white == 1 AND num_co == 1,1.0
0,1,1.0,1.0,24,24,15,15,race_other == 0 AND 7.11 <= ph <= 7.75 AND dnr_no dnr == 1 AND 81.9 <= meanbp <= 156 AND dzgroup_MOSF w/Malig == 0 AND ca_no == 0 AND aps <= 65.9 AND 25.8 <= age <= 90 AND avtisst <= 25.1 AND glucose_was_missing == 1 AND dzgroup_CHF == 0 AND dzgroup_Cirrhosis == 0 AND dzclass_Cancer == 1 AND totcst <= 2.47e+05 AND adls == 0,1.0
0,1,1.0,1.0,3,3,18,18,charges <= 4.27e+05 AND dzgroup_Cirrhosis == 0 AND bili <= 21.7 AND dnr_no dnr == 1 AND race_white == 0 AND avtisst <= 30.5 AND 72.2 <= hrt <= 152 AND race_hispanic == 0 AND dzgroup_Coma == 0 AND totcst <= 9.77e+04 AND totmcst <= 2.37e+05 AND resp <= 51.3 AND adlp_was_missing == 0 AND adlsc <= 2.51 AND race_other == 0 AND diabetes == 1 AND 7.9 <= meanbp <= 118 AND dzgroup_CHF == 0,1.0
0,1,1.0,1.0,1,1,19,19,totmcst <= 2.54e+05 AND 4.09 <= aps <= 74.9 AND diabetes == 0 AND dementia == 0 AND 34.2 <= temp <= 38.1 AND dzgroup_Lung Cancer == 0 AND race_hispanic == 0 AND dnr_dnr before sadm == 0 AND 31.5 <= meanbp <= 128 AND adlsc <= 2.94 AND race_other == 0 AND avtisst <= 26.2 AND dnrday <= 100 AND wblc <= 87.9 AND bili <= 28.5 AND bun <= 106 AND income == 0 AND 24 <= scoma <= 98 AND race_black == 1,1.0
0,1,1.0,1.0,11,11,19,19,dzclass_Cancer == 0 AND dzgroup_COPD == 0 AND pafi <= 341 AND crea <= 7.64 AND dzgroup_Lung Cancer == 0 AND dnr_no dnr == 1 AND totmcst <= 1.45e+05 AND 49.5 <= meanbp <= 161 AND hrt <= 211 AND urine_was_missing == 0 AND 26.9 <= age <= 87.2 AND num_co == 1 AND 8.42 <= edu <= 19.6 AND 37.5 <= scoma <= 84.5 AND charges <= 5.53e+05 AND sps <= 55 AND glucose_was_missing == 0 AND bun_was_missing == 0 AND dzgroup_Colon Cancer == 0,1.0
0,1,1.0,1.0,20,20,21,21,alb <= 7.08 AND dzgroup_Lung Cancer == 0 AND totmcst <= 2.97e+05 AND avtisst <= 23.3 AND bun_was_missing == 0 AND bun <= 113 AND dzgroup_Coma == 0 AND dzgroup_MOSF w/Malig == 0 AND sps <= 55.2 AND dzgroup_Cirrhosis == 0 AND income_was_missing == 1 AND scoma <= 34.5 AND 31.5 <= meanbp <= 131 AND bili <= 10.7 AND glucose_was_missing == 0 AND 0.631 <= adlsc <= 5.72 AND dzgroup_Colon Cancer == 0 AND dzclass_COPD/CHF/Cirrhosis == 1 AND diabetes == 0 AND race_hispanic == 0 AND ca_no == 1,1.0
0,1,1.0,1.0,16,16,26,26,dnr_dnr after sadm == 0 AND 67.3 <= glucose <= 508 AND dementia == 0 AND race_hispanic == 0 AND dzclass_Cancer == 1 AND totcst <= 1.67e+05 AND 42.8 <= meanbp <= 158 AND dzgroup_CHF == 0 AND race_white == 1 AND bili <= 11.8 AND crea <= 5.16 AND adlp_was_missing == 1 AND income_was_missing == 1 AND sps <= 45.1 AND dnrday <= 82.4 AND resp <= 51.3 AND dzgroup_Cirrhosis == 0 AND dzgroup_Colon Cancer == 1 AND dzgroup_Coma == 0 AND race_asian == 0 AND race_black == 0 AND 4.52 <= avtisst <= 31.5 AND wblc <= 83.7 AND urine <= 4.84e+03 AND dzclass_Coma == 0 AND ca_no == 0,1.0
1,1,1.0,1.0,2,2,18,18,dzgroup_Coma == 0 AND race_asian == 0 AND 147 <= sod <= 156 AND adlp_was_missing == 1 AND dnr_no dnr == 0 AND urine <= 4.22e+03 AND dzgroup_CHF == 0 AND 56.6 <= meanbp <= 115 AND 8.12 <= resp <= 31.9 AND dzgroup_COPD == 0 AND avtisst >= 37.8 AND alb <= 11.9 AND bili <= 11.6 AND adlp == 0 AND dzgroup_Lung Cancer == 0 AND dnr_dnr before sadm == 0 AND dzgroup_Cirrhosis == 0 AND dzgroup_MOSF w/Malig == 0,1.0
0,1,1.0,1.0,4,4,12,12,race_hispanic == 0 AND dzclass_Cancer == 0 AND sps <= 48.1 AND 1.43 <= alb <= 11.6 AND dzgroup_COPD == 0 AND crea <= 7.5 AND edu <= 26.7 AND diabetes == 0 AND ca_no == 1 AND dnr_dnr after sadm == 0 AND 7.27 <= ph <= 7.57 AND income == 0,1.0
0,1,1.0,1.0,2,2,28,28,49.6 <= age <= 83.1 AND totcst <= 2.33e+05 AND sps <= 54.8 AND dementia == 0 AND 40.3 <= meanbp <= 91.7 AND 60.8 <= hrt <= 195 AND resp <= 61 AND pafi <= 483 AND alb <= 10.4 AND bili <= 9.62 AND 117 <= sod <= 159 AND bun_was_missing == 1 AND bun <= 84.3 AND urine_was_missing == 1 AND adlp_was_missing == 0 AND adlp == 1 AND adls == 3 AND sex == 1 AND dzgroup_CHF == 0 AND dzgroup_Cirrhosis == 0 AND dzgroup_Coma == 0 AND race_asian == 0 AND race_black == 0 AND race_other == 0 AND race_white == 1 AND dnr_dnr after sadm == 1 AND dnr_dnr before sadm == 0 AND dnr_no dnr == 0,1.0
0,1,1.0,1.0,2,2,23,23,scoma <= 15 AND sps <= 38 AND 71.4 <= hrt <= 139 AND 32.5 <= temp <= 38.3 AND bili <= 20.3 AND crea <= 6.96 AND 7.18 <= ph <= 7.66 AND glucose_was_missing == 0 AND bun <= 116 AND urine_was_missing == 0 AND adlp_was_missing == 0 AND adls == 1 AND adlsc <= 2.45 AND sex == 1 AND income == 0 AND dzgroup_Coma == 0 AND dzgroup_Lung Cancer == 0 AND dzgroup_MOSF w/Malig == 0 AND race_asian == 0 AND race_other == 0 AND ca_no == 0 AND dnr_dnr before sadm == 1 AND dnr_no dnr == 0,1.0
0,1,1.0,1.0,2,2,33,33,40.1 <= age <= 74.4 AND 3.97 <= edu <= 12 AND scoma >= 76.5 AND totcst <= 1.64e+05 AND totmcst <= 1.66e+05 AND avtisst <= 48.7 AND 3.16 <= sps <= 34.8 AND diabetes == 0 AND 68.8 <= meanbp <= 177 AND wblc <= 69.5 AND 40.6 <= hrt <= 227 AND pafi <= 453 AND bili <= 17.9 AND 129 <= sod <= 149 AND 7.07 <= ph <= 7.57 AND glucose_was_missing == 0 AND glucose <= 480 AND bun_was_missing == 0 AND bun <= 119 AND adlp_was_missing == 1 AND adlsc <= 2.23 AND sex == 0 AND income == 1 AND dzgroup_Coma == 1 AND dzgroup_MOSF w/Malig == 0 AND dzclass_Cancer == 0 AND race_asian == 0 AND race_black == 0 AND race_hispanic == 0 AND ca_no == 1 AND ca_yes == 0 AND dnr_dnr after sadm == 0 AND dnr_dnr before sadm == 0,1.0
0,1,1.0,1.0,2,2,32,32,63.2 <= age <= 90.9 AND charges <= 2.53e+05 AND totcst <= 2.26e+05 AND avtisst <= 40.3 AND 2.82 <= sps <= 45.4 AND diabetes == 1 AND dnrday <= 106 AND 22.6 <= meanbp <= 81.5 AND wblc <= 67 AND 29.1 <= hrt <= 211 AND 11.8 <= resp <= 46.2 AND ph >= 7.17 AND glucose <= 284 AND bun_was_missing == 0 AND 2.68e+03 <= urine <= 5.92e+03 AND adls == 0 AND adlsc <= 2.3 AND income_was_missing == 1 AND dzgroup_CHF == 0 AND dzgroup_COPD == 0 AND dzgroup_Cirrhosis == 0 AND dzgroup_Colon Cancer == 0 AND dzgroup_Coma == 0 AND dzclass_Cancer == 0 AND race_asian == 0 AND race_black == 0 AND race_hispanic == 0 AND race_other == 0 AND ca_no == 0 AND ca_yes == 1 AND dnr_dnr before sadm == 0 AND dnr_no dnr == 1,1.0
0,1,1.0,1.0,2,2,23,23,4.56 <= edu <= 19.4 AND charges <= 3.02e+05 AND totmcst <= 2.23e+05 AND avtisst <= 42.1 AND aps <= 82.3 AND diabetes == 0 AND dnrday <= 89.2 AND 31.1 <= pafi <= 417 AND bili <= 21.9 AND 115 <= sod <= 163 AND bun_was_missing == 0 AND adlp == 1 AND adls == 3 AND sex == 1 AND dzgroup_CHF == 0 AND dzgroup_COPD == 1 AND dzgroup_Cirrhosis == 0 AND dzgroup_Coma == 0 AND dzclass_COPD/CHF/Cirrhosis == 1 AND race_black == 1 AND race_white == 0 AND ca_yes == 0 AND dnr_dnr before sadm == 0,1.0
0,1,1.0,1.0,2,2,25,25,64.7 <= age <= 101 AND num_co == 2 AND charges <= 4.76e+05 AND totmcst <= 1.23e+05 AND avtisst <= 44.4 AND diabetes == 0 AND dementia == 0 AND 47.3 <= meanbp <= 98.7 AND wblc <= 40.8 AND pafi <= 444 AND alb <= 12 AND bili <= 16.6 AND 7.15 <= ph <= 7.59 AND bun_was_missing == 0 AND urine_was_missing == 0 AND 230 <= urine <= 4.37e+03 AND income == 1 AND dzgroup_CHF == 1 AND dzclass_COPD/CHF/Cirrhosis == 1 AND race_black == 0 AND race_other == 0 AND ca_no == 1 AND ca_yes == 0 AND dnr_dnr after sadm == 0 AND dnr_dnr before sadm == 1,1.0
0,1,1.0,1.0,2,2,27,27,age >= 43.9 AND edu <= 19.2 AND 9.84 <= sps <= 58.3 AND 45.6 <= aps <= 96.4 AND diabetes == 1 AND temp >= 36.8 AND 94.2 <= pafi <= 437 AND alb <= 9.45 AND bili <= 15.8 AND glucose_was_missing == 1 AND glucose <= 450 AND urine_was_missing == 1 AND urine <= 5.02e+03 AND adls == 5 AND adlsc >= 2.38 AND income_was_missing == 0 AND income == 1 AND dzgroup_COPD == 0 AND dzgroup_Cirrhosis == 0 AND dzgroup_Colon Cancer == 0 AND dzgroup_Coma == 0 AND dzgroup_Lung Cancer == 0 AND dzclass_Coma == 0 AND race_hispanic == 0 AND ca_yes == 1 AND dnr_dnr after sadm == 1 AND dnr_no dnr == 0,1.0
0,1,1.0,1.0,2,2,26,26,num_co == 3 AND charges <= 4.22e+05 AND totcst <= 1.35e+05 AND 3.78 <= avtisst <= 36.9 AND diabetes == 1 AND resp <= 26.8 AND 85.7 <= pafi <= 514 AND bili <= 23.5 AND glucose_was_missing == 1 AND bun_was_missing == 1 AND urine_was_missing == 1 AND adlp == 4 AND sex == 0 AND income_was_missing == 1 AND income == 1 AND dzgroup_CHF == 1 AND dzgroup_COPD == 0 AND dzgroup_Cirrhosis == 0 AND dzgroup_Colon Cancer == 0 AND dzclass_Cancer == 0 AND race_other == 0 AND ca_no == 1 AND ca_yes == 0 AND dnr_dnr after sadm == 1 AND dnr_dnr before sadm == 0 AND dnr_no dnr == 0,1.0
0,1,1.0,1.0,2,2,26,26,charges <= 3.19e+05 AND totcst <= 1.35e+05 AND totmcst <= 1.34e+05 AND 14.5 <= sps <= 47.1 AND diabetes == 0 AND dementia == 1 AND 61.4 <= hrt <= 149 AND 13.5 <= resp <= 42.5 AND 33.6 <= temp <= 38.9 AND crea <= 5.44 AND glucose <= 492 AND bun_was_missing == 1 AND urine_was_missing == 1 AND urine <= 4.71e+03 AND adlp_was_missing == 1 AND adls == 4 AND 1.91 <= adlsc <= 6.09 AND sex == 0 AND dzgroup_COPD == 0 AND dzgroup_Coma == 0 AND race_asian == 0 AND race_black == 0 AND race_hispanic == 0 AND ca_no == 0 AND dnr_dnr after sadm == 1 AND dnr_dnr before sadm == 0,1.0
0,1,1.0,1.0,2,2,32,32,54.8 <= age <= 89.1 AND num_co == 3 AND scoma <= 37.5 AND charges <= 2.75e+05 AND totcst <= 2.31e+05 AND aps <= 60.5 AND diabetes == 1 AND dementia == 0 AND resp <= 45.3 AND 36.7 <= temp <= 39.4 AND pafi <= 305 AND alb <= 7.3 AND bili <= 11.9 AND 128 <= sod <= 146 AND glucose <= 446 AND urine <= 5.06e+03 AND adlp_was_missing == 1 AND adls == 0 AND adlsc <= 1.34 AND income_was_missing == 1 AND dzgroup_Colon Cancer == 0 AND dzgroup_Coma == 0 AND dzgroup_Lung Cancer == 0 AND dzclass_COPD/CHF/Cirrhosis == 0 AND dzclass_Cancer == 0 AND dzclass_Coma == 0 AND race_asian == 0 AND race_other == 0 AND race_white == 1 AND ca_no == 0 AND dnr_dnr before sadm == 0 AND dnr_no dnr == 1,1.0
0,1,1.0,1.0,2,2,27,27,num_co == 1 AND 5.79 <= edu <= 22.2 AND charges <= 5.16e+05 AND totcst <= 1.57e+05 AND totmcst <= 1.85e+05 AND 5.21 <= avtisst <= 46.8 AND sps <= 43.3 AND diabetes == 0 AND dementia == 1 AND 21.6 <= meanbp <= 84.3 AND 16.4 <= hrt <= 104 AND resp <= 35.3 AND 35 <= temp <= 41 AND alb <= 9.56 AND bun_was_missing == 0 AND bun <= 95.2 AND urine_was_missing == 0 AND urine <= 3.32e+03 AND adlp_was_missing == 1 AND dzgroup_COPD == 0 AND dzgroup_Coma == 0 AND dzgroup_MOSF w/Malig == 0 AND dzclass_COPD/CHF/Cirrhosis == 0 AND dzclass_Coma == 0 AND race_other == 0 AND ca_no == 1 AND dnr_no dnr == 0,1.0
0,1,1.0,1.0,2,2,29,29,51.9 <= age <= 85.4 AND num_co == 4 AND 3.16 <= edu <= 20.8 AND scoma <= 42 AND charges <= 2.95e+05 AND totcst <= 1.73e+05 AND avtisst <= 28.6 AND 2.66 <= sps <= 34.3 AND dementia == 0 AND dnrday <= 47.5 AND wblc <= 35.7 AND crea <= 5.7 AND 127 <= sod <= 145 AND glucose <= 487 AND bun <= 110 AND urine_was_missing == 1 AND 570 <= urine <= 3.36e+03 AND adlp == 0 AND adls == 5 AND income_was_missing == 0 AND dzgroup_COPD == 0 AND dzgroup_Cirrhosis == 0 AND dzgroup_Colon Cancer == 0 AND dzgroup_MOSF w/Malig == 0 AND dzclass_Cancer == 0 AND race_asian == 0 AND race_black == 1 AND race_white == 0 AND ca_no == 0,1.0
1,1,1.0,1.0,2,2,22,22,44.1 <= age <= 100 AND charges <= 5.21e+05 AND totcst <= 1.68e+05 AND 2.05 <= avtisst <= 45.9 AND dementia == 0 AND 51.3 <= meanbp <= 179 AND 32.9 <= temp <= 39.1 AND bili <= 14.7 AND 115 <= sod <= 137 AND 6.91 <= ph <= 7.51 AND bun_was_missing == 1 AND adls == 6 AND sex == 1 AND income_was_missing == 0 AND dzgroup_Lung Cancer == 0 AND dzgroup_MOSF w/Malig == 1 AND dzclass_COPD/CHF/Cirrhosis == 0 AND dzclass_Cancer == 0 AND race_black == 0 AND race_white == 1 AND dnr_dnr before sadm == 1 AND dnr_no dnr == 0,1.0
0,1,1.0,1.0,2,2,28,28,0.685 <= edu <= 23.3 AND totcst <= 2.02e+05 AND totmcst <= 2.54e+05 AND 2.06 <= avtisst <= 25.9 AND sps <= 54.2 AND 6.57 <= aps <= 71.4 AND diabetes == 0 AND dnrday <= 63.3 AND 48 <= hrt <= 180 AND resp <= 59.5 AND 33.2 <= temp <= 39.4 AND pafi <= 461 AND alb <= 8.19 AND 0.307 <= crea <= 9.89 AND 124 <= sod <= 148 AND 91.8 <= glucose <= 596 AND bun_was_missing == 0 AND urine <= 2.12e+03 AND adlp == 5 AND adls == 5 AND sex == 1 AND income_was_missing == 0 AND dzgroup_COPD == 1 AND race_black == 0 AND race_hispanic == 0 AND race_other == 0 AND dnr_dnr after sadm == 1 AND dnr_dnr before sadm == 0,1.0
1,1,1.0,1.0,2,2,28,28,68 <= age <= 92.3 AND num_co == 1 AND scoma <= 43 AND charges <= 4.93e+05 AND sps <= 61.9 AND wblc <= 60.9 AND 57.5 <= hrt <= 175 AND temp >= 37.1 AND bili <= 24.2 AND 7.16 <= ph <= 7.63 AND glucose_was_missing == 0 AND bun_was_missing == 0 AND bun <= 126 AND adlp == 0 AND adlsc >= 5.69 AND sex == 0 AND income == 0 AND dzgroup_CHF == 0 AND dzgroup_Cirrhosis == 0 AND dzgroup_Colon Cancer == 0 AND dzgroup_Lung Cancer == 0 AND dzclass_COPD/CHF/Cirrhosis == 0 AND dzclass_Coma == 0 AND race_asian == 0 AND race_black == 0 AND ca_no == 0 AND dnr_dnr before sadm == 0 AND dnr_no dnr == 0,1.0
0,1,1.0,1.0,2,2,32,32,34.5 <= age <= 63.8 AND 7.5 <= edu <= 16.5 AND charges <= 3.83e+05 AND avtisst <= 27.5 AND 10.3 <= sps <= 42.9 AND 9.62 <= aps <= 60.4 AND dementia == 0 AND 19.9 <= meanbp <= 90.2 AND wblc <= 45.1 AND 5.56 <= resp <= 50.4 AND 35.1 <= temp <= 41.5 AND pafi <= 503 AND alb <= 9.01 AND bili <= 11 AND crea <= 5.6 AND 116 <= sod <= 142 AND 7.1 <= ph <= 7.74 AND glucose <= 356 AND bun <= 116 AND 255 <= urine <= 3.68e+03 AND adlp == 3 AND income == 0 AND dzgroup_CHF == 0 AND dzgroup_COPD == 0 AND dzgroup_Cirrhosis == 0 AND dzclass_Cancer == 1 AND dzclass_Coma == 0 AND race_asian == 0 AND race_black == 1 AND race_hispanic == 0 AND race_other == 0 AND dnr_dnr after sadm == 1,1.0
0,1,1.0,1.0,2,2,27,27,40 <= age <= 66.7 AND num_co == 0 AND 2.62e+05 <= charges <= 7.06e+05 AND 2e+05 <= totcst <= 3.71e+05 AND 25.5 <= avtisst <= 52.5 AND 30.1 <= aps <= 112 AND dnrday <= 123 AND wblc <= 62.5 AND 101 <= hrt <= 215 AND alb <= 13.8 AND glucose <= 519 AND bun_was_missing == 1 AND bun <= 76.8 AND adls == 6 AND adlsc >= 3.81 AND sex == 0 AND income == 3 AND dzgroup_CHF == 0 AND dzgroup_Coma == 0 AND dzgroup_Lung Cancer == 0 AND dzgroup_MOSF w/Malig == 0 AND race_black == 0 AND race_hispanic == 0 AND race_other == 0 AND race_white == 0 AND ca_no == 1 AND dnr_no dnr == 1,1.0
1,1,1.0,1.0,2,2,21,21,4.5 <= scoma <= 47.5 AND charges <= 4.68e+05 AND totcst <= 2.5e+05 AND totmcst <= 1.37e+05 AND 23.2 <= avtisst <= 54.8 AND dnrday <= 59.1 AND 65.6 <= hrt <= 222 AND bili <= 13.2 AND crea <= 5.98 AND bun <= 70.8 AND adlp_was_missing == 1 AND adls == 2 AND 0.833 <= adlsc <= 3.17 AND income == 1 AND dzgroup_CHF == 0 AND dzgroup_COPD == 0 AND dzgroup_Coma == 0 AND dzgroup_MOSF w/Malig == 1 AND race_black == 0 AND race_other == 0 AND ca_yes == 1,1.0
1,1,1.0,1.0,2,2,31,31,38.1 <= age <= 92.5 AND 2.39 <= edu <= 21.6 AND 24.5 <= scoma <= 63.5 AND totcst <= 1.21e+05 AND totmcst <= 1.31e+05 AND 28.6 <= sps <= 65.2 AND diabetes == 0 AND meanbp <= 95.4 AND wblc <= 78.5 AND temp >= 35.6 AND pafi <= 322 AND bili <= 16 AND crea <= 8.64 AND bun <= 120 AND urine_was_missing == 1 AND urine <= 4.44e+03 AND adlp_was_missing == 1 AND adlp == 0 AND income_was_missing == 0 AND income == 1 AND dzgroup_CHF == 1 AND dzgroup_COPD == 0 AND dzgroup_Cirrhosis == 0 AND dzgroup_Lung Cancer == 0 AND dzgroup_MOSF w/Malig == 0 AND dzclass_COPD/CHF/Cirrhosis == 1 AND race_other == 0 AND race_white == 1 AND ca_no == 1 AND dnr_dnr after sadm == 1 AND dnr_no dnr == 0,1.0
0,1,1.0,1.0,2,2,33,33,num_co == 2 AND 6.11 <= edu <= 17.9 AND scoma <= 15 AND charges <= 6.47e+05 AND totcst <= 2.15e+05 AND totmcst <= 2.9e+05 AND 20.7 <= sps <= 61.3 AND diabetes == 1 AND dementia == 0 AND wblc <= 53.4 AND 36.6 <= hrt <= 213 AND 4 <= resp <= 48 AND pafi <= 313 AND alb <= 11 AND bili <= 17.9 AND crea <= 8.33 AND 6.97 <= ph <= 7.67 AND glucose_was_missing == 0 AND glucose <= 559 AND urine <= 4.22e+03 AND sex == 1 AND income_was_missing == 1 AND income == 1 AND dzgroup_Cirrhosis == 0 AND dzgroup_Colon Cancer == 0 AND dzgroup_MOSF w/Malig == 1 AND race_asian == 0 AND race_black == 0 AND race_hispanic == 0 AND race_white == 1 AND ca_no == 0 AND dnr_dnr after sadm == 0 AND dnr_dnr before sadm == 0,1.0
0,1,1.0,1.0,2,2,36,36,40.1 <= age <= 78.6 AND 0.375 <= edu <= 23.6 AND scoma <= 33 AND charges <= 4.29e+05 AND totcst <= 1.27e+05 AND sps <= 47.7 AND aps <= 38.1 AND diabetes == 0 AND dementia == 0 AND 72.8 <= meanbp <= 181 AND wblc <= 67.8 AND 55.3 <= hrt <= 225 AND 23.6 <= resp <= 46.4 AND temp >= 35 AND pafi <= 443 AND 128 <= sod <= 166 AND 7.23 <= ph <= 7.59 AND bun_was_missing == 0 AND bun <= 159 AND urine_was_missing == 0 AND adlsc <= 2.26 AND sex == 1 AND income_was_missing == 0 AND income == 3 AND dzgroup_COPD == 0 AND dzgroup_Cirrhosis == 0 AND dzgroup_Coma == 0 AND dzgroup_Lung Cancer == 0 AND dzgroup_MOSF w/Malig == 0 AND dzclass_Cancer == 1 AND dzclass_Coma == 0 AND race_hispanic == 1 AND ca_no == 0 AND dnr_dnr after sadm == 0 AND dnr_dnr before sadm == 0 AND dnr_no dnr == 1,1.0
0,1,1.0,1.0,2,2,30,30,num_co == 4 AND scoma <= 28 AND charges <= 3.29e+05 AND totcst <= 9.46e+04 AND avtisst <= 31.7 AND 1 <= sps <= 60.4 AND diabetes == 1 AND dementia == 1 AND 61.1 <= meanbp <= 177 AND bili <= 15.5 AND crea <= 5.06 AND 124 <= sod <= 154 AND 7.08 <= ph <= 7.73 AND glucose_was_missing == 0 AND bun <= 105 AND urine <= 4.4e+03 AND adlsc >= 4.11 AND sex == 0 AND income_was_missing == 0 AND dzgroup_Cirrhosis == 0 AND dzgroup_Colon Cancer == 0 AND dzgroup_Lung Cancer == 0 AND dzgroup_MOSF w/Malig == 0 AND dzclass_Cancer == 0 AND race_asian == 0 AND race_black == 0 AND race_white == 0 AND ca_yes == 0 AND dnr_dnr after sadm == 0 AND dnr_no dnr == 1,1.0
0,1,1.0,1.0,4,4,35,35,55.9 <= age <= 86.9 AND 5.33 <= edu <= 18.7 AND scoma <= 27 AND totcst <= 2.15e+05 AND totmcst <= 1.73e+05 AND 7.55 <= avtisst <= 29.1 AND 8.14 <= aps <= 51.9 AND diabetes == 0 AND dementia == 0 AND dnrday <= 42.6 AND 67.7 <= meanbp <= 132 AND wblc <= 50.3 AND 45.2 <= hrt <= 155 AND 33.7 <= temp <= 38.5 AND 33.5 <= pafi <= 677 AND alb <= 8.06 AND 117 <= sod <= 165 AND 7.14 <= ph <= 7.7 AND glucose_was_missing == 1 AND glucose <= 350 AND urine_was_missing == 1 AND adlp_was_missing == 1 AND adls == 0 AND sex == 1 AND income_was_missing == 0 AND dzgroup_Cirrhosis == 0 AND dzgroup_Coma == 0 AND dzgroup_Lung Cancer == 0 AND dzclass_COPD/CHF/Cirrhosis == 1 AND race_asian == 0 AND race_hispanic == 0 AND ca_no == 0 AND ca_yes == 1 AND dnr_dnr before sadm == 0 AND dnr_no dnr == 0,1.0
1,1,1.0,1.0,2,2,28,28,48.3 <= age <= 75.1 AND num_co == 4 AND 9.81 <= edu <= 18.2 AND totmcst <= 3.11e+05 AND 35.5 <= avtisst <= 62.5 AND 7.94 <= sps <= 75.2 AND meanbp <= 126 AND wblc <= 70.8 AND 7.84 <= resp <= 42.2 AND 35 <= temp <= 41 AND crea <= 5.24 AND 118 <= sod <= 150 AND 7.13 <= ph <= 7.44 AND glucose_was_missing == 0 AND glucose <= 556 AND bun_was_missing == 0 AND bun <= 127 AND urine_was_missing == 0 AND adlp == 0 AND adls == 1 AND income == 2 AND dzgroup_COPD == 0 AND dzgroup_Coma == 0 AND race_asian == 0 AND race_hispanic == 0 AND race_other == 0 AND ca_yes == 0 AND dnr_no dnr == 1,1.0
0,1,1.0,1.0,2,2,31,31,age >= 73.6 AND num_co == 1 AND 6.88 <= edu <= 17.1 AND scoma <= 24.5 AND 3.31 <= sps <= 63.7 AND 32 <= aps <= 94 AND dementia == 0 AND 21.6 <= meanbp <= 84.3 AND 21.5 <= resp <= 50.5 AND 32.1 <= temp <= 39.1 AND bili <= 24.1 AND 0.703 <= crea <= 13.7 AND 7.05 <= ph <= 7.61 AND bun_was_missing == 1 AND urine_was_missing == 1 AND urine <= 3.99e+03 AND adlp == 4 AND adls == 1 AND 0.884 <= adlsc <= 5.48 AND income_was_missing == 0 AND dzgroup_CHF == 0 AND dzgroup_COPD == 0 AND dzgroup_Coma == 0 AND dzgroup_MOSF w/Malig == 0 AND dzclass_COPD/CHF/Cirrhosis == 0 AND dzclass_Coma == 0 AND race_black == 0 AND ca_no == 1 AND dnr_dnr after sadm == 0 AND dnr_dnr before sadm == 1 AND dnr_no dnr == 0,1.0
0,1,1.0,1.0,2,2,27,27,scoma <= 13.5 AND charges <= 3.77e+05 AND totcst <= 1.69e+05 AND aps <= 76.8 AND diabetes == 0 AND dnrday <= 87.6 AND 21.9 <= meanbp <= 94.1 AND resp <= 39.2 AND alb <= 13 AND ph >= 7.22 AND glucose <= 370 AND bun <= 99.3 AND urine <= 5.56e+03 AND adlp == 0 AND adls == 1 AND income == 3 AND dzgroup_CHF == 0 AND dzgroup_Cirrhosis == 0 AND dzgroup_MOSF w/Malig == 0 AND dzclass_COPD/CHF/Cirrhosis == 1 AND race_asian == 0 AND race_black == 0 AND race_hispanic == 0 AND race_white == 1 AND ca_yes == 0 AND dnr_dnr after sadm == 1 AND dnr_no dnr == 0,1.0
1,1,1.0,1.0,2,2,24,24,num_co == 3 AND 4.88 <= edu <= 15.1 AND scoma <= 59 AND diabetes == 0 AND dementia == 0 AND 20.9 <= meanbp <= 95.1 AND wblc <= 78.5 AND 95.3 <= hrt <= 235 AND 35.7 <= temp <= 41.4 AND pafi <= 415 AND 4.61 <= bili <= 21.6 AND ph >= 7.36 AND glucose <= 467 AND adlp_was_missing == 1 AND adlp == 0 AND 3.05 <= adlsc <= 6.95 AND dzgroup_MOSF w/Malig == 0 AND dzclass_COPD/CHF/Cirrhosis == 0 AND race_asian == 0 AND race_black == 0 AND race_other == 0 AND race_white == 1 AND dnr_dnr after sadm == 1 AND dnr_no dnr == 0,1.0
0,1,1.0,1.0,2,2,28,28,num_co == 1 AND 2.86 <= edu <= 21.1 AND charges <= 4.32e+05 AND totmcst <= 1.76e+05 AND avtisst <= 48.9 AND 13.2 <= aps <= 66.8 AND dnrday <= 104 AND 43.2 <= resp <= 68.8 AND 36.9 <= temp <= 40.3 AND 88.5 <= pafi <= 311 AND alb <= 12.2 AND 14.5 <= bili <= 57.9 AND 116 <= sod <= 158 AND 7.2 <= ph <= 7.62 AND glucose <= 458 AND bun_was_missing == 0 AND urine <= 3.19e+03 AND adls == 0 AND adlsc <= 1.63 AND dzgroup_CHF == 0 AND dzgroup_Colon Cancer == 0 AND dzclass_Cancer == 0 AND dzclass_Coma == 0 AND race_asian == 0 AND race_black == 0 AND race_white == 1 AND ca_yes == 0 AND dnr_dnr after sadm == 1,1.0
1,1,1.0,1.0,2,2,30,30,num_co == 1 AND 1.46 <= edu <= 22.5 AND totmcst <= 2.11e+05 AND 6.25 <= avtisst <= 44.8 AND 29.6 <= aps <= 70.4 AND diabetes == 0 AND dementia == 1 AND 20.9 <= meanbp <= 93.1 AND 10.1 <= resp <= 69.9 AND pafi <= 373 AND alb <= 13.1 AND crea <= 4.89 AND 131 <= sod <= 155 AND glucose <= 486 AND bun_was_missing == 0 AND urine_was_missing == 0 AND adls == 1 AND 4.68 <= adlsc <= 7.01 AND income_was_missing == 0 AND dzgroup_CHF == 0 AND dzgroup_COPD == 0 AND dzgroup_Cirrhosis == 0 AND dzgroup_Coma == 0 AND dzgroup_Lung Cancer == 0 AND dzclass_Cancer == 0 AND race_asian == 0 AND race_black == 0 AND ca_no == 1 AND ca_yes == 0 AND dnr_no dnr == 0,1.0
1,1,1.0,1.0,2,2,33,33,num_co == 1 AND 20.5 <= scoma <= 61.5 AND avtisst <= 48.1 AND 2.66 <= sps <= 54.1 AND diabetes == 0 AND dementia == 1 AND 89.3 <= meanbp <= 141 AND wblc <= 72.3 AND pafi <= 371 AND alb <= 12.8 AND bili <= 23.9 AND crea <= 8.14 AND 115 <= sod <= 153 AND glucose <= 291 AND bun <= 93.7 AND urine <= 4.36e+03 AND adlp_was_missing == 1 AND adls == 7 AND adlsc >= 6.05 AND sex == 1 AND income_was_missing == 0 AND dzgroup_Colon Cancer == 0 AND dzgroup_Coma == 1 AND dzgroup_MOSF w/Malig == 0 AND dzclass_COPD/CHF/Cirrhosis == 0 AND dzclass_Cancer == 0 AND dzclass_Coma == 1 AND race_asian == 0 AND race_black == 0 AND race_white == 1 AND ca_no == 1 AND dnr_dnr after sadm == 0 AND dnr_no dnr == 0,1.0
0,1,1.0,1.0,5,5,22,22,dnr_dnr after sadm == 0 AND totmcst <= 2.97e+05 AND glucose_was_missing == 0 AND avtisst <= 42.8 AND race_asian == 0 AND dnr_dnr before sadm == 0 AND 7.11 <= ph <= 7.73 AND race_black == 1 AND race_white == 0 AND dnr_no dnr == 1 AND dzclass_Cancer == 0 AND age >= 43.4 AND 31.5 <= meanbp <= 169 AND hrt <= 162 AND 11.6 <= resp <= 72.4 AND crea <= 5.27 AND bun <= 113 AND income == 1 AND dzgroup_Coma == 0 AND ca_yes == 0 AND alb <= 7.13 AND sex == 0,1.0
0,1,0.980620743007421,0.99609375,256,255,15,15,dzgroup_Cirrhosis == 0 AND dementia == 0 AND race_other == 0 AND avtisst <= 24.4 AND meanbp <= 161 AND glucose <= 272 AND dnrday <= 75.1 AND 7.11 <= ph <= 7.73 AND dnr_dnr after sadm == 0 AND wblc <= 63.8 AND urine_was_missing == 1 AND race_white == 1 AND ca_yes == 0 AND dnr_no dnr == 1 AND 113 <= sod <= 149,0.980620743007421
0,1,0.9687524799269204,0.9936708860759493,158,157,18,18,avtisst <= 42.3 AND dementia == 0 AND race_other == 0 AND dnr_no dnr == 1 AND scoma <= 34.5 AND dnr_dnr after sadm == 0 AND edu <= 22.4 AND hrt <= 140 AND dzgroup_Colon Cancer == 1 AND race_black == 0 AND urine <= 5.3e+03 AND race_asian == 0 AND totcst <= 1.7e+05 AND pafi <= 457 AND crea <= 6.42 AND glucose <= 482 AND dzgroup_Cirrhosis == 0 AND dzgroup_COPD == 0,0.9687524799269204
0,1,0.9675352504611456,0.993421052631579,152,151,19,19,wblc <= 69.8 AND dzclass_Coma == 0 AND dnr_dnr before sadm == 0 AND bili <= 18.3 AND edu <= 26.7 AND adlp_was_missing == 0 AND race_hispanic == 0 AND ca_yes == 0 AND race_white == 1 AND dnr_no dnr == 1 AND 1.87 <= sps <= 35.5 AND diabetes == 0 AND glucose <= 449 AND income_was_missing == 0 AND dzgroup_CHF == 0 AND dzgroup_Colon Cancer == 0 AND dzgroup_Coma == 0 AND dzclass_Cancer == 0 AND 29.8 <= meanbp <= 96.2,0.9675352504611456
0,1,0.9640325682405609,0.9927007299270073,137,136,20,20,dementia == 0 AND dzgroup_Cirrhosis == 0 AND dzclass_Cancer == 1 AND dnr_dnr after sadm == 0 AND dnr_dnr before sadm == 0 AND dzgroup_CHF == 0 AND scoma <= 34.5 AND charges <= 3.45e+05 AND sps <= 45.1 AND aps <= 46.8 AND race_black == 0 AND bili <= 23.2 AND race_asian == 0 AND dnr_no dnr == 1 AND 31.5 <= meanbp <= 169 AND 5.48 <= resp <= 34.5 AND pafi <= 438 AND race_white == 1 AND totmcst <= 2.48e+05 AND 7.23 <= ph <= 7.57,0.9640325682405609
0,1,0.9629671035257255,0.9924812030075187,266,264,27,27,dnr_dnr after sadm == 0 AND dementia == 0 AND temp >= 34.9 AND race_hispanic == 0 AND 7.11 <= ph <= 7.73 AND avtisst <= 37.3 AND wblc <= 72.2 AND dzgroup_Cirrhosis == 0 AND age >= 25.8 AND scoma <= 34.5 AND aps <= 46.8 AND dzgroup_COPD == 0 AND dzclass_Cancer == 0 AND pafi <= 447 AND dzgroup_Lung Cancer == 0 AND totmcst <= 2.62e+05 AND sps <= 61.1 AND 120 <= sod <= 156 AND sex == 0 AND dzgroup_Coma == 0 AND dzclass_Coma == 0 AND race_asian == 0 AND dnr_dnr before sadm == 0 AND 8.73 <= edu <= 19.3 AND diabetes == 0 AND 7.24 <= hrt <= 127 AND race_other == 0,0.9629671035257255
0,1,0.9618365951936202,0.9922480620155039,129,128,19,19,dzclass_COPD/CHF/Cirrhosis == 1 AND wblc <= 66.5 AND adlsc <= 4.58 AND dnr_no dnr == 1 AND charges <= 4.27e+05 AND adlp_was_missing == 0 AND dzgroup_MOSF w/Malig == 0 AND dzclass_Coma == 0 AND dnr_dnr before sadm == 0 AND diabetes == 0 AND sod <= 155 AND dzgroup_COPD == 0 AND dzgroup_Colon Cancer == 0 AND 72.2 <= hrt <= 152 AND sex == 0 AND dzgroup_Lung Cancer == 0 AND dzclass_Cancer == 0 AND race_hispanic == 0 AND race_other == 0,0.9618365951936202
0,1,0.9607892341819637,0.9920318725099602,251,249,13,13,alb <= 9.58 AND race_other == 0 AND dzgroup_Cirrhosis == 0 AND dzgroup_Coma == 0 AND urine <= 5.3e+03 AND dzgroup_COPD == 0 AND 30.7 <= age <= 68.4 AND dnr_no dnr == 1 AND charges <= 4.16e+05 AND avtisst <= 24.4 AND dzgroup_MOSF w/Malig == 0 AND race_asian == 0 AND ca_yes == 0,0.9607892341819637
0,1,0.960634900447232,0.992,125,124,18,18,avtisst <= 24.4 AND race_other == 0 AND dzgroup_Cirrhosis == 0 AND glucose_was_missing == 0 AND dzgroup_MOSF w/Malig == 0 AND race_asian == 0 AND ca_yes == 0 AND bun <= 143 AND 38.6 <= hrt <= 226 AND dzgroup_Coma == 0 AND race_hispanic == 0 AND dnr_dnr before sadm == 0 AND dementia == 0 AND 31.5 <= meanbp <= 169 AND bili <= 16.9 AND glucose <= 272 AND adlsc <= 2.66 AND dnr_no dnr == 1,0.960634900447232
0,1,0.9591892258207189,0.991701244813278,241,239,25,25,dzclass_Cancer == 0 AND sps <= 61.1 AND adlsc <= 4.58 AND race_other == 0 AND aps <= 46.8 AND ph >= 7.11 AND race_hispanic == 0 AND avtisst <= 20.4 AND dzgroup_COPD == 0 AND dzgroup_Coma == 0 AND dzgroup_Lung Cancer == 0 AND dzgroup_MOSF w/Malig == 0 AND bili <= 28.5 AND dnr_dnr before sadm == 0 AND dnr_no dnr == 1 AND dnrday <= 98.2 AND crea <= 7.64 AND dementia == 0 AND wblc <= 72.2 AND 7.24 <= hrt <= 127 AND pafi <= 447 AND sex == 0 AND dzgroup_Cirrhosis == 0 AND race_asian == 0 AND urine <= 4.8e+03,0.9591892258207189
0,1,0.9590220148132075,0.9916666666666667,240,238,18,18,race_other == 0 AND dnr_dnr after sadm == 0 AND totmcst <= 2.62e+05 AND scoma <= 27.5 AND glucose_was_missing == 0 AND dzgroup_Cirrhosis == 0 AND alb <= 9.01 AND bun_was_missing == 0 AND avtisst <= 23.3 AND aps <= 46.8 AND dnrday <= 114 AND 7.9 <= meanbp <= 118 AND wblc <= 69.8 AND dzclass_Coma == 0 AND race_asian == 0 AND dnr_dnr before sadm == 0 AND race_black == 0 AND resp <= 42.1,0.9590220148132075
0,1,0.9561472506513772,0.9910714285714286,112,111,14,14,dnr_dnr after sadm == 0 AND dnr_dnr before sadm == 0 AND dzgroup_Colon Cancer == 0 AND dzgroup_Coma == 0 AND dnr_no dnr == 1 AND adlp_was_missing == 0 AND race_other == 0 AND totcst <= 9.77e+04 AND totmcst <= 2.37e+05 AND resp <= 51.3 AND adlsc <= 2.51 AND age >= 25.8 AND dementia == 0 AND ca_no == 0,0.9561472506513772
0,1,0.9507487186192304,0.9899497487437185,199,197,14,14,meanbp <= 161 AND 113 <= sod <= 155 AND avtisst <= 24.4 AND dzgroup_Cirrhosis == 0 AND race_asian == 0 AND ca_yes == 0 AND 45.8 <= age <= 86 AND totcst <= 1.7e+05 AND diabetes == 0 AND dzgroup_Coma == 0 AND dnr_dnr after sadm == 0 AND dementia == 0 AND urine_was_missing == 1 AND dnr_no dnr == 1,0.9507487186192304
0,1,0.9505049993898997,0.98989898989899,99,98,19,19,dzgroup_Cirrhosis == 0 AND dnr_dnr before sadm == 0 AND scoma <= 34.5 AND avtisst <= 47.2 AND dzgroup_COPD == 0 AND dzgroup_Colon Cancer == 0 AND 7.77 <= edu <= 26.7 AND dzgroup_MOSF w/Malig == 0 AND dzgroup_CHF == 1 AND 20.3 <= glucose <= 340 AND urine <= 5.06e+03 AND dzclass_Cancer == 0 AND alb <= 11.6 AND crea <= 7.3 AND ph >= 7.11 AND urine_was_missing == 1 AND dnr_dnr after sadm == 0 AND charges <= 5.05e+05 AND dzclass_Coma == 0,0.9505049993898997
0,1,0.9444585495648385,0.9886363636363636,88,87,20,20,dzgroup_Coma == 0 AND race_other == 0 AND 1.94 <= edu <= 26.7 AND race_hispanic == 0 AND bili <= 16.9 AND dzclass_Coma == 0 AND glucose <= 272 AND dzgroup_Colon Cancer == 0 AND dnr_dnr after sadm == 0 AND 113 <= sod <= 155 AND 7.11 <= ph <= 7.73 AND dementia == 0 AND charges <= 2.52e+05 AND sex == 1 AND avtisst <= 24.4 AND dnrday <= 75.1 AND urine_was_missing == 1 AND ca_yes == 0 AND dnr_no dnr == 1 AND 58.8 <= hrt <= 203,0.9444585495648385
0,1,0.9425443658621961,0.9882352941176471,85,84,23,23,charges <= 3.45e+05 AND totcst <= 2.32e+05 AND resp <= 58.4 AND 34.4 <= temp <= 37.1 AND 215 <= pafi <= 457 AND alb <= 12.2 AND 7.11 <= ph <= 7.65 AND glucose <= 482 AND urine_was_missing == 1 AND income == 1 AND race_black == 0 AND race_other == 0 AND dnr_dnr after sadm == 0 AND ca_yes == 0 AND 6.26 <= edu <= 22.4 AND ca_no == 0 AND diabetes == 0 AND wblc <= 71.5 AND dzgroup_CHF == 0 AND dnr_dnr before sadm == 0 AND dnr_no dnr == 1 AND bun_was_missing == 1 AND dzgroup_Coma == 0,0.9425443658621961
0,1,0.9386693569011061,0.9874213836477987,159,157,16,16,9.45 <= aps <= 74.9 AND scoma <= 34.5 AND dementia == 0 AND ca_yes == 0 AND race_other == 0 AND dnr_no dnr == 1 AND avtisst <= 24.4 AND 31.5 <= meanbp <= 169 AND glucose <= 272 AND adlsc <= 2.66 AND dzgroup_MOSF w/Malig == 0 AND race_asian == 0 AND glucose_was_missing == 0 AND bili <= 16.9 AND 38.9 <= age <= 86.6 AND dnr_dnr after sadm == 0,0.9386693569011061
0,1,0.9382910137553188,0.9873417721518988,79,78,16,16,dzgroup_Cirrhosis == 0 AND scoma <= 34.5 AND dementia == 0 AND crea <= 7.15 AND ca_yes == 0 AND race_other == 0 AND dnr_no dnr == 1 AND avtisst <= 24.4 AND 31.5 <= meanbp <= 161 AND 3.76 <= resp <= 44.2 AND glucose <= 272 AND adlsc <= 2.66 AND dzgroup_MOSF w/Malig == 0 AND glucose_was_missing == 0 AND dnr_dnr before sadm == 0 AND bun_was_missing == 0,0.9382910137553188
0,1,0.9371274585739547,0.9870967741935484,155,153,13,13,dnr_no dnr == 1 AND dzgroup_Cirrhosis == 0 AND dzgroup_Coma == 0 AND race_hispanic == 0 AND 1.62 <= edu <= 23.6 AND 7.09 <= ph <= 7.75 AND urine <= 5.3e+03 AND dementia == 0 AND charges <= 3.46e+05 AND race_asian == 0 AND avtisst <= 16.5 AND crea <= 6.46 AND dzgroup_Lung Cancer == 1,0.9371274585739547
0,1,0.9355060610499185,0.9867549668874173,302,298,16,16,glucose_was_missing == 1 AND race_other == 0 AND sod <= 165 AND dzgroup_Coma == 0 AND avtisst <= 21.5 AND diabetes == 0 AND sex == 1 AND dzgroup_MOSF w/Malig == 0 AND dnr_dnr after sadm == 0 AND crea <= 7.3 AND 7.15 <= ph <= 7.72 AND scoma <= 34.5 AND charges <= 4.09e+05 AND aps <= 58.6 AND dnr_dnr before sadm == 0 AND bili <= 13.4,0.9355060610499185
0,1,0.9348055383614644,0.9866071428571429,224,221,22,22,7.09 <= ph <= 7.73 AND 6.36 <= resp <= 37.8 AND dzgroup_Coma == 0 AND race_other == 0 AND glucose <= 392 AND race_black == 0 AND dnr_dnr before sadm == 0 AND bun_was_missing == 1 AND urine_was_missing == 1 AND urine <= 4.58e+03 AND dzclass_Coma == 0 AND 34.9 <= temp <= 38.3 AND wblc <= 72.2 AND diabetes == 0 AND crea <= 7.3 AND 132 <= sod <= 156 AND dzgroup_MOSF w/Malig == 0 AND ca_no == 1 AND ca_yes == 0 AND dnr_dnr after sadm == 0 AND avtisst <= 22.8 AND dzclass_COPD/CHF/Cirrhosis == 1,0.9348055383614644
0,1,0.9342340714887385,0.9864864864864865,74,73,22,22,dzgroup_Cirrhosis == 0 AND dnr_dnr before sadm == 0 AND scoma <= 34.5 AND avtisst <= 47.2 AND dzgroup_COPD == 0 AND dzgroup_Colon Cancer == 0 AND 7.77 <= edu <= 26.7 AND dzgroup_MOSF w/Malig == 0 AND dzgroup_CHF == 1 AND 20.3 <= glucose <= 340 AND urine <= 5.06e+03 AND dzclass_Cancer == 0 AND alb <= 11.6 AND crea <= 7.3 AND ph >= 7.11 AND urine_was_missing == 1 AND dnr_dnr after sadm == 0 AND charges <= 5.05e+05 AND dzclass_Coma == 0 AND 115 <= sod <= 151 AND ca_no == 1 AND dnr_no dnr == 1,0.9342340714887385
0,1,0.9342340714887385,0.9864864864864865,74,73,24,24,dnr_dnr before sadm == 0 AND dnr_no dnr == 1 AND adlp_was_missing == 0 AND 47 <= meanbp <= 161 AND resp <= 34.9 AND diabetes == 0 AND race_hispanic == 0 AND dzgroup_Cirrhosis == 0 AND dnrday <= 74 AND 33.4 <= hrt <= 202 AND alb <= 9.58 AND crea <= 5.27 AND 7.11 <= ph <= 7.73 AND 345 <= urine <= 3.58e+03 AND dzgroup_Lung Cancer == 0 AND dzclass_COPD/CHF/Cirrhosis == 1 AND bili <= 11.8 AND charges <= 4.45e+05 AND glucose <= 314 AND race_black == 0 AND race_other == 0 AND totcst <= 8.34e+04 AND aps <= 72.4 AND 34.2 <= temp <= 38.6,0.9342340714887385
0,1,0.932457961600714,0.9861111111111112,72,71,18,18,dzgroup_Coma == 0 AND bun_was_missing == 0 AND race_other == 0 AND race_hispanic == 0 AND bili <= 6.78 AND dzclass_Coma == 0 AND dzclass_COPD/CHF/Cirrhosis == 0 AND glucose <= 314 AND dzgroup_Colon Cancer == 0 AND dnr_dnr after sadm == 0 AND sod <= 155 AND 12.6 <= sps <= 43.2 AND dementia == 0 AND age >= 25.8 AND totcst <= 9.77e+04 AND totmcst <= 2.37e+05 AND adlp_was_missing == 0 AND bun <= 59.8,0.932457961600714
0,1,0.9305832980305827,0.9857142857142858,70,69,14,14,dzclass_Cancer == 1 AND dnr_dnr after sadm == 0 AND dnr_dnr before sadm == 0 AND dzgroup_CHF == 0 AND charges <= 3.45e+05 AND sps <= 45.1 AND race_black == 0 AND bili <= 23.2 AND dnr_no dnr == 1 AND 5.48 <= resp <= 44.2 AND pafi <= 438 AND race_white == 1 AND avtisst <= 15.5 AND dzgroup_COPD == 0,0.9305832980305827
0,1,0.9299350789849604,0.9855769230769231,208,205,20,20,meanbp <= 169 AND race_other == 0 AND dzgroup_Cirrhosis == 0 AND dzgroup_COPD == 0 AND glucose <= 581 AND ca_yes == 0 AND diabetes == 0 AND dnrday <= 95.5 AND wblc <= 72.2 AND bun_was_missing == 1 AND dzgroup_Colon Cancer == 0 AND dnr_dnr after sadm == 0 AND dnr_dnr before sadm == 0 AND charges <= 4.45e+05 AND avtisst <= 30.9 AND bili <= 22.6 AND 345 <= urine <= 3.58e+03 AND dzclass_Coma == 0 AND totmcst <= 2.62e+05 AND urine_was_missing == 1,0.9299350789849604
0,1,0.9296064103380068,0.9855072463768116,69,68,18,18,dzgroup_Coma == 0 AND race_other == 0 AND 1.94 <= edu <= 20.9 AND bili <= 16.9 AND glucose <= 581 AND dzgroup_Colon Cancer == 0 AND dnr_dnr after sadm == 0 AND 113 <= sod <= 155 AND 7.11 <= ph <= 7.73 AND dementia == 0 AND dnrday <= 75.1 AND urine_was_missing == 1 AND dnr_no dnr == 1 AND age >= 25.8 AND adlp_was_missing == 0 AND dnr_dnr before sadm == 0 AND adlsc <= 2.16 AND income_was_missing == 0,0.9296064103380068
0,1,0.9291075874205786,0.9854014598540146,137,135,13,13,dementia == 0 AND avtisst <= 24.4 AND race_other == 0 AND wblc <= 72.2 AND 7.11 <= ph <= 7.73 AND bili <= 22.6 AND dzgroup_Cirrhosis == 0 AND ca_yes == 0 AND charges <= 4.45e+05 AND dzgroup_Lung Cancer == 0 AND dzclass_COPD/CHF/Cirrhosis == 1 AND race_asian == 0 AND race_black == 0,0.9291075874205786
0,1,0.928601647774873,0.9852941176470589,68,67,20,20,dzclass_COPD/CHF/Cirrhosis == 1 AND bun <= 113 AND race_other == 0 AND ph >= 7.23 AND dzgroup_Coma == 0 AND dnr_dnr after sadm == 0 AND dnr_dnr before sadm == 0 AND sps <= 46 AND aps <= 84.1 AND dzgroup_COPD == 0 AND dnr_no dnr == 1 AND adlp == 0 AND scoma <= 34.5 AND diabetes == 0 AND dnrday <= 81.2 AND wblc <= 72.2 AND hrt <= 140 AND alb <= 8.94 AND 120 <= sod <= 156 AND glucose_was_missing == 0,0.928601647774873
0,1,0.9275678005742024,0.9850746268656716,134,132,15,15,race_asian == 0 AND adlp_was_missing == 0 AND crea <= 5.27 AND glucose_was_missing == 1 AND alb <= 13.1 AND income_was_missing == 0 AND race_other == 0 AND dnr_no dnr == 1 AND totcst <= 2.11e+05 AND sps <= 48.1 AND dzgroup_COPD == 0 AND dzgroup_MOSF w/Malig == 0 AND race_hispanic == 0 AND ca_yes == 0 AND dementia == 0,0.9275678005742024
0,1,0.9265035879734235,0.9848484848484849,66,65,10,10,scoma <= 34.5 AND ph >= 7.11 AND urine_was_missing == 1 AND dzgroup_Coma == 0 AND avtisst <= 47.2 AND wblc <= 40.6 AND alb <= 11.6 AND dzclass_COPD/CHF/Cirrhosis == 1 AND race_black == 0 AND dnr_dnr after sadm == 0,0.9265035879734235
0,1,0.9254076529317818,0.9846153846153847,65,64,17,17,dzclass_COPD/CHF/Cirrhosis == 1 AND wblc <= 66.5 AND adlsc <= 4.58 AND dnr_no dnr == 1 AND charges <= 4.27e+05 AND adlp_was_missing == 0 AND dzgroup_MOSF w/Malig == 0 AND dzclass_Coma == 0 AND dnr_dnr before sadm == 0 AND diabetes == 0 AND sod <= 155 AND dzgroup_COPD == 0 AND dzgroup_Colon Cancer == 0 AND 72.2 <= hrt <= 152 AND sex == 0 AND dzgroup_Lung Cancer == 0 AND race_other == 0,0.9254076529317818
0,1,0.9239909237840679,0.984313725490196,255,251,16,16,race_other == 0 AND dnr_dnr after sadm == 0 AND dnr_dnr before sadm == 0 AND scoma <= 61.8 AND sod <= 155 AND dzclass_Cancer == 0 AND ca_no == 1 AND dzgroup_Coma == 0 AND adlp_was_missing == 0 AND adlsc <= 2.66 AND dzgroup_MOSF w/Malig == 0 AND urine_was_missing == 1 AND 47 <= meanbp <= 161 AND dzgroup_CHF == 0 AND race_asian == 0 AND dnr_no dnr == 1,0.9239909237840679
0,1,0.9206765398798495,0.9836065573770492,61,60,19,19,ca_yes == 0 AND avtisst <= 23.3 AND dnr_dnr before sadm == 0 AND dzclass_Cancer == 0 AND dzclass_COPD/CHF/Cirrhosis == 1 AND scoma <= 34.5 AND meanbp <= 131 AND income_was_missing == 0 AND charges <= 6.04e+05 AND bili <= 22.9 AND dzgroup_Coma == 0 AND glucose <= 581 AND bun <= 143 AND adlsc <= 2.66 AND race_asian == 0 AND aps <= 63.5 AND glucose_was_missing == 1 AND race_black == 0 AND dzgroup_Colon Cancer == 0,0.9206765398798495
0,1,0.9193985326646088,0.9833333333333333,60,59,16,16,race_other == 0 AND dzgroup_Cirrhosis == 0 AND dementia == 0 AND glucose <= 581 AND ca_yes == 0 AND wblc <= 63.8 AND urine_was_missing == 1 AND dzclass_COPD/CHF/Cirrhosis == 0 AND ca_no == 0 AND dnr_no dnr == 1 AND aps <= 46.8 AND 6.36 <= resp <= 53 AND adlp == 0 AND dnr_dnr after sadm == 0 AND scoma <= 33 AND 32.8 <= temp <= 39.5,0.9193985326646088
0,1,0.9187439701590057,0.9831932773109243,119,117,21,21,meanbp <= 161 AND 113 <= sod <= 155 AND avtisst <= 24.4 AND dzgroup_Cirrhosis == 0 AND 45.8 <= age <= 86 AND totcst <= 1.7e+05 AND diabetes == 0 AND dzgroup_Coma == 0 AND dnr_dnr after sadm == 0 AND dementia == 0 AND dnr_no dnr == 1 AND edu <= 22.4 AND charges <= 1.17e+05 AND 35.1 <= temp <= 37.6 AND bili <= 16.9 AND 345 <= urine <= 3.09e+03 AND income_was_missing == 0 AND dzgroup_Colon Cancer == 0 AND race_black == 0 AND dnr_dnr before sadm == 0 AND dnrday <= 94.9,0.9187439701590057
0,1,0.9167149427489409,0.9827586206896551,290,285,16,16,dnr_dnr after sadm == 0 AND scoma <= 61.8 AND bili <= 23.2 AND 7.11 <= ph <= 7.66 AND avtisst <= 42.3 AND wblc <= 88.1 AND adlp_was_missing == 0 AND urine_was_missing == 1 AND urine <= 5.16e+03 AND race_other == 0 AND diabetes == 0 AND glucose <= 272 AND bun_was_missing == 1 AND adlsc <= 2.66 AND dnr_dnr before sadm == 0 AND dnrday <= 98.2,0.9167149427489409
0,1,0.9153050461492129,0.9824561403508771,57,56,18,18,6.36 <= resp <= 58.4 AND race_black == 0 AND race_other == 0 AND dnr_dnr after sadm == 0 AND dzgroup_CHF == 0 AND dnr_dnr before sadm == 0 AND adlp == 0 AND dzgroup_Cirrhosis == 0 AND dzclass_Cancer == 1 AND race_white == 1 AND race_hispanic == 0 AND 4.71 <= edu <= 20.9 AND scoma <= 15.5 AND dementia == 0 AND wblc <= 71.5 AND urine_was_missing == 1 AND urine <= 4.53e+03 AND ca_no == 0,0.9153050461492129
0,1,0.9135986613777417,0.982089552238806,335,329,19,19,dzclass_Cancer == 0 AND totmcst <= 2.55e+05 AND 47 <= meanbp <= 169 AND race_hispanic == 0 AND dnr_dnr before sadm == 0 AND pafi <= 512 AND totcst <= 2.11e+05 AND sps <= 48.1 AND glucose <= 502 AND race_white == 1 AND ca_yes == 0 AND dnr_dnr after sadm == 0 AND aps <= 78.5 AND avtisst <= 36.5 AND dementia == 0 AND alb <= 11.6 AND bili <= 16.9 AND dzclass_Coma == 0 AND charges <= 3.94e+05,0.9135986613777417
0,1,0.9115623906889947,0.981651376146789,218,214,13,13,race_other == 0 AND dzgroup_Coma == 0 AND dnr_dnr after sadm == 0 AND sex == 1 AND avtisst <= 36.6 AND 34 <= temp <= 41.2 AND race_hispanic == 0 AND dnr_dnr before sadm == 0 AND dzgroup_Cirrhosis == 0 AND edu <= 25 AND totmcst <= 1.27e+05 AND bili <= 13.2 AND dzclass_COPD/CHF/Cirrhosis == 1,0.9115623906889947
0,1,0.910773841955349,0.9814814814814815,54,53,20,20,charges <= 6.58e+05 AND dzgroup_Coma == 0 AND dnrday <= 187 AND adlsc <= 2.4 AND dzgroup_MOSF w/Malig == 0 AND race_asian == 0 AND totmcst <= 5.49e+05 AND dzclass_Coma == 0 AND dementia == 0 AND 32.1 <= age <= 77.4 AND wblc <= 40.6 AND 118 <= sod <= 156 AND 7.2 <= ph <= 7.64 AND glucose <= 461 AND income_was_missing == 0 AND dzgroup_Cirrhosis == 0 AND race_black == 1 AND dnr_dnr before sadm == 0 AND 1.52 <= sps <= 26.3 AND diabetes == 0,0.910773841955349
0,1,0.910773841955349,0.9814814814814815,54,53,21,21,dnr_dnr after sadm == 0 AND dzgroup_Cirrhosis == 0 AND avtisst <= 23.3 AND dnr_dnr before sadm == 0 AND dzgroup_Coma == 0 AND charges <= 4.27e+05 AND dnr_no dnr == 1 AND adlp_was_missing == 0 AND race_other == 0 AND totcst <= 1.7e+05 AND totmcst <= 1.69e+05 AND 47 <= meanbp <= 161 AND wblc <= 71.5 AND resp <= 51.3 AND adlsc <= 2.51 AND dzgroup_COPD == 0 AND diabetes == 0 AND 2.03 <= sps <= 47.6 AND 33.9 <= hrt <= 106 AND 199 <= pafi <= 696 AND bun <= 126,0.910773841955349
0,1,0.910374274600813,0.9813953488372092,215,211,16,16,wblc <= 71.5 AND race_white == 1 AND dnr_no dnr == 1 AND income_was_missing == 0 AND dzclass_Cancer == 0 AND 29.8 <= meanbp <= 161 AND charges <= 4.27e+05 AND 54.8 <= hrt <= 152 AND race_other == 0 AND 24.5 <= glucose <= 497 AND totcst <= 1.5e+05 AND avtisst <= 36.5 AND dementia == 0 AND glucose_was_missing == 0 AND race_hispanic == 0 AND alb <= 7.87,0.910374274600813
0,1,0.9101328130942505,0.9813432835820896,268,263,22,22,dementia == 0 AND race_hispanic == 0 AND 7.11 <= ph <= 7.73 AND avtisst <= 36.6 AND age >= 25.8 AND aps <= 46.8 AND dzclass_Cancer == 0 AND dzgroup_Coma == 0 AND dzclass_Coma == 0 AND dnr_dnr before sadm == 0 AND 8.73 <= edu <= 19.3 AND diabetes == 0 AND 7.24 <= hrt <= 127 AND charges <= 4.27e+05 AND bili <= 21.7 AND crea <= 7.72 AND glucose_was_missing == 0 AND dzgroup_Colon Cancer == 0 AND dnr_no dnr == 1 AND dnrday <= 117 AND totmcst <= 2.09e+05 AND dnr_dnr after sadm == 0,0.9101328130942505
0,1,0.9091538248596094,0.9811320754716981,159,156,14,14,dnr_dnr after sadm == 0 AND adlsc <= 2.66 AND income_was_missing == 0 AND adlp_was_missing == 0 AND dnr_no dnr == 1 AND avtisst <= 42.3 AND crea <= 8.39 AND race_other == 0 AND scoma <= 34.5 AND wblc <= 87.9 AND 32.8 <= temp <= 39.7 AND race_asian == 0 AND race_white == 1 AND race_hispanic == 0,0.9091538248596094
0,1,0.9091538248596094,0.9811320754716981,106,104,19,19,avtisst <= 42.3 AND dementia == 0 AND race_other == 0 AND dnr_no dnr == 1 AND scoma <= 34.5 AND dnr_dnr after sadm == 0 AND edu <= 22.4 AND hrt <= 140 AND dzgroup_Colon Cancer == 1 AND 435 <= urine <= 5.3e+03 AND race_asian == 0 AND totcst <= 2.3e+05 AND pafi <= 457 AND dzgroup_Cirrhosis == 0 AND dzgroup_COPD == 0 AND bili <= 23.2 AND 7.11 <= ph <= 7.73 AND adlsc <= 3.44 AND resp <= 56.8,0.9091538248596094
0,1,0.9074739402027171,0.9807692307692307,52,51,18,18,dzclass_COPD/CHF/Cirrhosis == 1 AND adlp_was_missing == 0 AND dzclass_Coma == 0 AND dzgroup_Lung Cancer == 0 AND 1.49 <= edu <= 17.4 AND dzgroup_Cirrhosis == 0 AND dzgroup_MOSF w/Malig == 0 AND sod <= 155 AND ca_no == 1 AND dnr_no dnr == 1 AND sps <= 49.5 AND wblc <= 66.8 AND 33.8 <= temp <= 39.2 AND income_was_missing == 0 AND dzgroup_Colon Cancer == 0 AND race_white == 1 AND ca_yes == 0 AND dnr_dnr before sadm == 0,0.9074739402027171
0,1,0.9074739402027171,0.9807692307692307,52,51,16,16,race_other == 0 AND 7.11 <= ph <= 7.75 AND edu <= 22.4 AND race_hispanic == 0 AND dzgroup_Colon Cancer == 1 AND race_asian == 0 AND dnr_no dnr == 1 AND totcst <= 1.21e+05 AND 81.9 <= meanbp <= 156 AND 34.7 <= temp <= 41.3 AND bili <= 17.6 AND income_was_missing == 0 AND dzgroup_Lung Cancer == 0 AND dzgroup_MOSF w/Malig == 0 AND ca_no == 0 AND aps <= 65.9,0.9074739402027171
0,1,0.9074739402027171,0.9807692307692307,52,51,16,16,avtisst <= 24.4 AND race_other == 0 AND dzgroup_Cirrhosis == 0 AND glucose_was_missing == 0 AND dzgroup_MOSF w/Malig == 0 AND race_asian == 0 AND bun <= 161 AND dzgroup_Coma == 0 AND 7.9 <= meanbp <= 169 AND dnr_no dnr == 1 AND totcst <= 8.4e+04 AND dnrday <= 76 AND temp >= 36.1 AND alb <= 14.2 AND race_black == 0 AND dnr_dnr after sadm == 0,0.9074739402027171
0,1,0.9069000980937225,0.9806451612903225,155,152,14,14,race_other == 0 AND dzgroup_Cirrhosis == 0 AND dnr_dnr before sadm == 0 AND dzgroup_Lung Cancer == 0 AND wblc <= 69.8 AND dzclass_COPD/CHF/Cirrhosis == 1 AND race_black == 0 AND scoma <= 34.5 AND avtisst <= 25.3 AND resp <= 42.1 AND charges <= 5e+05 AND 41.4 <= hrt <= 119 AND 7.09 <= ph <= 7.72 AND race_hispanic == 0,0.9069000980937225
0,1,0.9063190995020851,0.9805194805194806,154,151,13,13,race_other == 0 AND dzgroup_Cirrhosis == 0 AND dnr_dnr before sadm == 0 AND dzgroup_Lung Cancer == 0 AND dzclass_COPD/CHF/Cirrhosis == 1 AND race_black == 0 AND avtisst <= 25.3 AND resp <= 42.1 AND charges <= 5e+05 AND 41.4 <= hrt <= 119 AND 7.09 <= ph <= 7.72 AND race_hispanic == 0 AND dzgroup_Coma == 0,0.9063190995020851
0,1,0.9048344017352797,0.9801980198019802,101,99,16,16,dnr_dnr after sadm == 0 AND race_other == 0 AND bili <= 23.2 AND dzgroup_Colon Cancer == 0 AND dzgroup_Coma == 0 AND adlp_was_missing == 0 AND urine_was_missing == 1 AND adlsc <= 1.58 AND dzgroup_MOSF w/Malig == 0 AND crea <= 4.59 AND bun <= 91.8 AND avtisst <= 42.3 AND 7.29 <= ph <= 7.66 AND sex == 1 AND totcst <= 1.15e+05 AND dnr_no dnr == 1,0.9048344017352797
0,1,0.9045318017775386,0.9801324503311258,151,148,16,16,dzgroup_MOSF w/Malig == 0 AND dzgroup_Cirrhosis == 0 AND race_asian == 0 AND dnr_no dnr == 1 AND wblc <= 66.5 AND race_hispanic == 0 AND dzgroup_Coma == 0 AND scoma <= 34.5 AND totcst <= 2.11e+05 AND sps <= 48.1 AND dementia == 0 AND crea <= 7.4 AND adlp_was_missing == 0 AND race_other == 0 AND ca_yes == 0 AND bili <= 11.9,0.9045318017775386
1,1,0.9039207967999999,0.98,50,49,15,15,avtisst >= 23.5 AND dnr_dnr after sadm == 1 AND aps <= 101 AND adlp == 0 AND dzgroup_COPD == 0 AND totcst <= 1.58e+05 AND glucose_was_missing == 1 AND dzgroup_Colon Cancer == 0 AND bun <= 113 AND charges <= 4.58e+05 AND 42.8 <= pafi <= 557 AND dzclass_Cancer == 0 AND ca_yes == 0 AND dnr_dnr before sadm == 0 AND hrt <= 140,0.9039207967999999
0,1,0.9039207967999999,0.98,50,49,14,14,dzgroup_Cirrhosis == 0 AND scoma <= 34.5 AND dzgroup_COPD == 0 AND dzgroup_Colon Cancer == 0 AND 1.49 <= edu <= 26.7 AND dzgroup_CHF == 1 AND 20.3 <= glucose <= 503 AND urine <= 5.06e+03 AND ph >= 7.11 AND urine_was_missing == 1 AND dzclass_Coma == 0 AND dnr_no dnr == 1 AND dzgroup_Coma == 0 AND ca_yes == 0,0.9039207967999999
0,1,0.9031771963164178,0.9798387096774194,248,243,19,19,dnr_dnr after sadm == 0 AND dnr_dnr before sadm == 0 AND dzgroup_Colon Cancer == 0 AND dzgroup_Coma == 0 AND charges <= 4.27e+05 AND dnr_no dnr == 1 AND adlp_was_missing == 0 AND race_other == 0 AND 47 <= meanbp <= 161 AND wblc <= 88.1 AND resp <= 53.2 AND adlsc <= 2.51 AND bili <= 16.9 AND crea <= 4.59 AND bun <= 91.8 AND income_was_missing == 0 AND dzgroup_MOSF w/Malig == 0 AND race_asian == 0 AND ca_no == 1,0.9031771963164178
0,1,0.9029894958315272,0.9797979797979798,198,194,15,15,race_hispanic == 0 AND scoma <= 34.5 AND bili <= 23.2 AND race_asian == 0 AND dzgroup_Cirrhosis == 0 AND glucose <= 392 AND totmcst <= 1.55e+05 AND dnr_no dnr == 1 AND aps <= 46.8 AND 115 <= sod <= 147 AND bun_was_missing == 0 AND dzgroup_MOSF w/Malig == 0 AND race_other == 0 AND 30.7 <= age <= 68.4 AND 7.23 <= ph <= 7.61,0.9029894958315272
0,1,0.9029894958315272,0.9797979797979798,99,97,20,20,dzgroup_Coma == 0 AND race_other == 0 AND dzgroup_MOSF w/Malig == 0 AND dnr_no dnr == 1 AND 1.87 <= sps <= 35.5 AND dzclass_Coma == 0 AND avtisst <= 42.3 AND dzgroup_Colon Cancer == 0 AND race_white == 0 AND crea <= 7.64 AND 120 <= sod <= 166 AND race_asian == 0 AND age >= 25.8 AND dnrday <= 112 AND pafi <= 341 AND bili <= 28.5 AND dzgroup_COPD == 0 AND dzgroup_Cirrhosis == 0 AND ca_yes == 0 AND dzclass_Cancer == 0,0.9029894958315272
0,1,0.9026750406542499,0.9797297297297297,148,145,16,16,race_other == 0 AND avtisst <= 24.4 AND dzgroup_MOSF w/Malig == 0 AND race_asian == 0 AND glucose_was_missing == 0 AND dnr_dnr after sadm == 0 AND sod <= 171 AND 4.46 <= sps <= 55.9 AND 38.6 <= hrt <= 226 AND glucose <= 272 AND dzgroup_Coma == 0 AND race_hispanic == 0 AND dnr_no dnr == 1 AND dnr_dnr before sadm == 0 AND 45.8 <= age <= 87.7 AND bun <= 107,0.9026750406542499
0,1,0.900084126633381,0.9791666666666666,48,47,23,23,race_other == 0 AND dementia == 0 AND dzgroup_Cirrhosis == 0 AND race_white == 1 AND charges <= 5e+05 AND diabetes == 0 AND glucose <= 581 AND totcst <= 1.42e+05 AND income_was_missing == 0 AND 840 <= urine <= 5.3e+03 AND dzgroup_Lung Cancer == 0 AND ca_no == 0 AND scoma <= 34.5 AND avtisst <= 42.3 AND 7.17 <= ph <= 7.61 AND dzgroup_Colon Cancer == 1 AND dzclass_Cancer == 1 AND race_black == 0 AND dnr_dnr before sadm == 0 AND totmcst <= 2.22e+05 AND race_asian == 0 AND resp <= 46 AND dnr_dnr after sadm == 0,0.900084126633381
0,1,0.8980486590667307,0.9787234042553191,94,92,17,17,dnr_dnr before sadm == 0 AND dzclass_COPD/CHF/Cirrhosis == 1 AND scoma <= 34.5 AND diabetes == 0 AND meanbp <= 131 AND totmcst <= 1.05e+05 AND glucose <= 508 AND race_asian == 0 AND avtisst <= 23.3 AND dzgroup_Lung Cancer == 0 AND dzclass_Cancer == 0 AND age >= 76.9 AND bun <= 158 AND bili <= 11.3 AND dzgroup_Cirrhosis == 0 AND dzgroup_Colon Cancer == 0 AND dzgroup_Coma == 0,0.8980486590667307
0,1,0.8953847766925693,0.9781420765027322,183,179,14,14,race_other == 0 AND avtisst <= 24.4 AND dzgroup_MOSF w/Malig == 0 AND race_asian == 0 AND glucose_was_missing == 0 AND dnr_dnr after sadm == 0 AND sod <= 155 AND 4.46 <= sps <= 55.9 AND 38.6 <= hrt <= 226 AND glucose <= 272 AND dzgroup_Coma == 0 AND race_hispanic == 0 AND dnr_no dnr == 1 AND dnr_dnr before sadm == 0,0.8953847766925693
0,1,0.8939999971487677,0.9778393351800554,361,353,17,17,dzgroup_COPD == 0 AND dzgroup_Cirrhosis == 0 AND dnr_dnr after sadm == 0 AND totmcst <= 2.62e+05 AND aps <= 46.8 AND alb <= 9.01 AND race_other == 0 AND bili <= 13.6 AND dzgroup_CHF == 0 AND dzclass_Cancer == 1 AND dnr_dnr before sadm == 0 AND scoma <= 34.5 AND charges <= 4.16e+05 AND sod <= 155 AND 33.6 <= temp <= 39.1 AND ca_no == 0 AND ca_yes == 0,0.8939999971487677
0,1,0.8937186350319225,0.9777777777777777,45,44,19,19,race_other == 0 AND dnr_dnr after sadm == 0 AND scoma <= 27.5 AND glucose_was_missing == 0 AND dzgroup_Cirrhosis == 0 AND race_hispanic == 0 AND bun_was_missing == 0 AND aps <= 46.8 AND dnr_dnr before sadm == 0 AND race_black == 0 AND adlp == 0 AND dzgroup_COPD == 0 AND 21 <= avtisst <= 35.9 AND sps <= 45.1 AND bili <= 18.1 AND race_asian == 0 AND 7.23 <= ph <= 7.7 AND dzclass_Coma == 0 AND ca_yes == 0,0.8937186350319225
0,1,0.8937186350319225,0.9777777777777777,45,44,17,17,race_asian == 0 AND race_other == 0 AND dzgroup_COPD == 0 AND dzgroup_MOSF w/Malig == 0 AND avtisst <= 36.6 AND wblc <= 71.5 AND dnr_dnr after sadm == 0 AND dzgroup_Lung Cancer == 0 AND scoma <= 21 AND totmcst <= 2.76e+05 AND crea <= 6.74 AND bun <= 130 AND adlp_was_missing == 0 AND income == 1 AND dzgroup_Coma == 0 AND glucose <= 314 AND urine <= 4.84e+03,0.8937186350319225
0,1,0.8914128606291641,0.9772727272727273,176,172,21,21,race_other == 0 AND dzgroup_COPD == 0 AND dzgroup_Coma == 0 AND dzgroup_Lung Cancer == 0 AND dnr_dnr before sadm == 0 AND 7.24 <= hrt <= 186 AND dzgroup_Cirrhosis == 0 AND edu <= 26.7 AND bun <= 87.3 AND dzclass_Coma == 0 AND dnr_dnr after sadm == 0 AND age >= 55.4 AND totcst <= 2.04e+05 AND aps <= 46.8 AND dnrday <= 77.3 AND income == 1 AND dzgroup_CHF == 0 AND race_black == 0 AND race_white == 1 AND alb <= 10.3 AND dzclass_COPD/CHF/Cirrhosis == 0,0.8914128606291641
0,1,0.8909396613295947,0.9771689497716894,219,214,11,11,dzgroup_MOSF w/Malig == 0 AND charges <= 4.27e+05 AND dzgroup_Cirrhosis == 0 AND race_asian == 0 AND dnr_no dnr == 1 AND avtisst <= 30.5 AND dzgroup_Lung Cancer == 0 AND dzgroup_Coma == 0 AND 47 <= meanbp <= 161 AND dzgroup_COPD == 0 AND race_other == 0,0.8909396613295947
0,1,0.8902220875416799,0.9770114942528736,435,425,16,16,dnr_dnr after sadm == 0 AND aps <= 71.4 AND 7.09 <= ph <= 7.73 AND race_hispanic == 0 AND resp <= 47.4 AND charges <= 4.27e+05 AND dzgroup_Cirrhosis == 0 AND dzgroup_Coma == 0 AND avtisst <= 36.6 AND alb <= 9.01 AND crea <= 6.74 AND race_other == 0 AND bili <= 12.2 AND race_asian == 0 AND income_was_missing == 0 AND dnr_no dnr == 1,0.8902220875416799
0,1,0.889004939668669,0.9767441860465116,43,42,15,15,aps <= 80.6 AND urine_was_missing == 1 AND avtisst <= 47.2 AND alb <= 11.6 AND dnr_dnr after sadm == 0 AND sps <= 46 AND dzgroup_Lung Cancer == 0 AND race_other == 0 AND glucose_was_missing == 1 AND crea <= 6.67 AND bun <= 114 AND scoma <= 34.5 AND dzclass_COPD/CHF/Cirrhosis == 1 AND race_black == 0 AND 300 <= urine <= 3.63e+03,0.889004939668669
0,1,0.889004939668669,0.9767441860465116,86,84,18,18,dzgroup_Cirrhosis == 0 AND scoma <= 34.5 AND dementia == 0 AND race_other == 0 AND dnr_no dnr == 1 AND 31.5 <= meanbp <= 129 AND glucose <= 314 AND dzgroup_MOSF w/Malig == 0 AND dnr_dnr before sadm == 0 AND 2.39 <= edu <= 26.7 AND totcst <= 8.4e+04 AND diabetes == 0 AND race_asian == 0 AND race_black == 0 AND race_white == 1 AND 6.13 <= sps <= 51.7 AND hrt <= 145 AND alb <= 6.49,0.889004939668669
0,1,0.889004939668669,0.9767441860465116,43,42,16,16,57.9 <= hrt <= 140 AND adlp_was_missing == 0 AND dnr_dnr before sadm == 0 AND scoma <= 27.5 AND totmcst <= 2.62e+05 AND dzgroup_Lung Cancer == 0 AND dzclass_Coma == 0 AND alb <= 9.01 AND glucose_was_missing == 0 AND income_was_missing == 1 AND dzgroup_Cirrhosis == 0 AND dzclass_Cancer == 0 AND race_hispanic == 0 AND bili <= 14.6 AND income == 1 AND dnr_dnr after sadm == 0,0.889004939668669
0,1,0.8879400081430897,0.9765100671140939,298,291,14,14,race_hispanic == 0 AND bun_was_missing == 1 AND dnr_dnr after sadm == 0 AND sps <= 46.7 AND diabetes == 0 AND dementia == 0 AND 25.8 <= age <= 77.4 AND 32.7 <= temp <= 39.4 AND scoma <= 34 AND totmcst <= 2.62e+05 AND wblc <= 97.7 AND hrt <= 157 AND avtisst <= 28.7 AND adls == 1,0.8879400081430897
0,1,0.8845240771268092,0.9757575757575757,165,161,20,20,dnr_dnr after sadm == 0 AND dnr_no dnr == 1 AND glucose_was_missing == 0 AND dzgroup_Cirrhosis == 0 AND avtisst <= 36.6 AND pafi <= 588 AND charges <= 5.12e+05 AND bili <= 21.7 AND dzgroup_Colon Cancer == 0 AND dzgroup_MOSF w/Malig == 0 AND alb <= 6.15 AND dnr_dnr before sadm == 0 AND 7.15 <= ph <= 7.55 AND age >= 44.6 AND wblc <= 87.9 AND adlp == 0 AND diabetes == 0 AND scoma <= 24 AND aps <= 60.6 AND sod <= 141,0.8845240771268092
0,1,0.8838542876095168,0.975609756097561,41,40,18,18,dzgroup_Cirrhosis == 0 AND 8.02 <= hrt <= 140 AND bili <= 16.9 AND dzclass_Cancer == 1 AND dzgroup_MOSF w/Malig == 0 AND race_other == 0 AND dnr_dnr after sadm == 0 AND glucose_was_missing == 0 AND adlp_was_missing == 0 AND adlsc <= 1.13 AND ca_yes == 0 AND age >= 25.8 AND aps <= 46.8 AND dzgroup_Colon Cancer == 0 AND dzclass_COPD/CHF/Cirrhosis == 0 AND 7.3 <= ph <= 7.56 AND dzgroup_COPD == 0 AND dzgroup_Lung Cancer == 1,0.8838542876095168
0,1,0.8807810837455886,0.9749303621169917,359,350,11,11,dnr_dnr before sadm == 0 AND race_white == 1 AND income_was_missing == 0 AND dzgroup_Coma == 0 AND 7.9 <= meanbp <= 161 AND race_other == 0 AND dnr_dnr after sadm == 0 AND aps <= 46.8 AND dzgroup_CHF == 0 AND race_hispanic == 0 AND dzgroup_COPD == 0,0.8807810837455886
0,1,0.8803854760068499,0.9748427672955975,159,155,18,18,dzgroup_COPD == 0 AND dnr_dnr after sadm == 0 AND aps <= 46.8 AND race_asian == 0 AND race_black == 0 AND race_other == 0 AND 4.71 <= edu <= 20.9 AND crea <= 6.42 AND dnr_dnr before sadm == 0 AND glucose <= 551 AND urine <= 5.3e+03 AND 60.5 <= age <= 98.2 AND resp <= 25.6 AND sod <= 157 AND dzgroup_CHF == 0 AND race_hispanic == 0 AND diabetes == 0 AND bili <= 11.1,0.8803854760068499
0,1,0.8801468503574673,0.9747899159663865,119,116,14,14,race_other == 0 AND dementia == 0 AND dzgroup_Cirrhosis == 0 AND dnr_dnr before sadm == 0 AND dzgroup_Lung Cancer == 0 AND wblc <= 72.2 AND dzclass_COPD/CHF/Cirrhosis == 1 AND race_black == 0 AND 1.94 <= edu <= 22.2 AND scoma <= 34.5 AND avtisst <= 25.3 AND dnrday <= 114 AND resp <= 42.1 AND bun_was_missing == 0,0.8801468503574673
0,1,0.8784986357447286,0.9744245524296675,1173,1143,19,19,dnr_dnr after sadm == 0 AND dementia == 0 AND temp >= 34.9 AND race_hispanic == 0 AND avtisst <= 42.3 AND wblc <= 97.7 AND dnr_dnr before sadm == 0 AND aps <= 74.9 AND dzclass_Cancer == 0 AND totmcst <= 2.62e+05 AND dzgroup_Coma == 0 AND ca_yes == 0 AND scoma <= 34 AND dnrday <= 90.2 AND meanbp <= 125 AND resp <= 40.2 AND dzgroup_Colon Cancer == 0 AND dzgroup_MOSF w/Malig == 0 AND dnr_no dnr == 1,0.8784986357447286
0,1,0.8782030639030666,0.9743589743589743,39,38,21,21,avtisst <= 42.3 AND dementia == 0 AND race_other == 0 AND dnr_no dnr == 1 AND scoma <= 34.5 AND edu <= 26.7 AND race_black == 0 AND totcst <= 8.4e+04 AND pafi <= 457 AND crea <= 6.42 AND glucose <= 378 AND dzgroup_Cirrhosis == 0 AND dzgroup_COPD == 0 AND charges <= 2.05e+05 AND aps <= 74.9 AND 11.1 <= meanbp <= 129 AND wblc <= 118 AND ca_no == 0 AND dnr_dnr before sadm == 0 AND alb <= 10.1 AND dzclass_Coma == 0,0.8782030639030666
0,1,0.8782030639030666,0.9743589743589743,117,114,11,11,dnr_dnr after sadm == 0 AND dzgroup_MOSF w/Malig == 0 AND dementia == 0 AND dnr_dnr before sadm == 0 AND bili <= 24.5 AND dzclass_Cancer == 0 AND dnr_no dnr == 1 AND adlp_was_missing == 0 AND race_other == 0 AND wblc <= 59.6 AND race_white == 0,0.8782030639030666
0,1,0.8782030639030666,0.9743589743589743,39,38,18,18,dnr_dnr before sadm == 0 AND dzclass_Cancer == 1 AND 5.48 <= resp <= 34.5 AND crea <= 6.75 AND 18.6 <= hrt <= 185 AND race_hispanic == 0 AND adlp == 0 AND dzgroup_CHF == 0 AND dnr_dnr after sadm == 0 AND scoma <= 34.5 AND dementia == 0 AND 31.5 <= meanbp <= 169 AND 7.23 <= ph <= 7.57 AND race_asian == 0 AND 65.4 <= pafi <= 438 AND wblc <= 71.4 AND glucose_was_missing == 1 AND race_other == 0,0.8782030639030666
0,1,0.8778729620183973,0.9742857142857143,350,341,21,21,dnr_dnr after sadm == 0 AND dnr_no dnr == 1 AND dzgroup_Cirrhosis == 0 AND bun_was_missing == 0 AND scoma <= 34.5 AND aps <= 74.9 AND race_other == 0 AND glucose <= 581 AND dzgroup_Coma == 0 AND avtisst <= 36.6 AND sod <= 151 AND charges <= 4.27e+05 AND pafi <= 447 AND bili <= 21.7 AND glucose_was_missing == 0 AND urine_was_missing == 0 AND income_was_missing == 0 AND dzgroup_Colon Cancer == 0 AND dzgroup_MOSF w/Malig == 0 AND dzclass_Coma == 0 AND wblc <= 51.5,0.8778729620183973
0,1,0.8751664033829021,0.9736842105263158,38,37,17,17,dzgroup_Cirrhosis == 0 AND race_other == 0 AND dnr_dnr after sadm == 0 AND 11.1 <= aps <= 74.9 AND alb <= 14.2 AND bili <= 11.3 AND dzgroup_Coma == 0 AND race_asian == 0 AND temp >= 36.1 AND totcst <= 8.4e+04 AND 7.9 <= meanbp <= 129 AND race_black == 0 AND bun <= 161 AND dzgroup_MOSF w/Malig == 0 AND dnrday <= 76 AND glucose_was_missing == 0 AND adlsc <= 1.17,0.8751664033829021
0,1,0.8751664033829021,0.9736842105263158,38,37,25,25,dnr_dnr after sadm == 0 AND dementia == 0 AND temp >= 34.9 AND race_hispanic == 0 AND 7.11 <= ph <= 7.73 AND avtisst <= 37.3 AND wblc <= 72.2 AND age >= 25.8 AND scoma <= 34.5 AND aps <= 46.8 AND dzgroup_COPD == 0 AND pafi <= 447 AND dzgroup_Lung Cancer == 0 AND totmcst <= 2.62e+05 AND sps <= 61.1 AND 120 <= sod <= 156 AND sex == 0 AND dzgroup_Coma == 0 AND dzclass_Coma == 0 AND race_asian == 0 AND dnr_dnr before sadm == 0 AND 8.73 <= edu <= 19.3 AND diabetes == 0 AND 7.24 <= hrt <= 127 AND race_other == 0,0.8751664033829021
0,1,0.8735146365095587,0.9733163913595934,787,766,16,16,meanbp <= 169 AND sod <= 155 AND avtisst <= 30.5 AND crea <= 6.86 AND race_other == 0 AND dnrday <= 75.1 AND charges <= 4.16e+05 AND sex == 0 AND scoma <= 34.5 AND dzgroup_Cirrhosis == 0 AND dnr_dnr after sadm == 0 AND bili <= 21.7 AND dzgroup_COPD == 0 AND dementia == 0 AND 7.11 <= ph <= 7.73 AND glucose <= 581,0.8735146365095587
0,1,0.8726260091518611,0.9731182795698925,186,181,14,14,dzgroup_Cirrhosis == 0 AND race_other == 0 AND dnr_dnr after sadm == 0 AND charges <= 4.27e+05 AND glucose <= 482 AND bun <= 148 AND sex == 0 AND avtisst <= 42.3 AND aps <= 74.9 AND alb <= 12.2 AND bili <= 11.3 AND dzgroup_Coma == 0 AND race_asian == 0 AND temp >= 36.1,0.8726260091518611
0,1,0.8719746985306883,0.972972972972973,111,108,14,14,dnr_dnr before sadm == 0 AND dzclass_COPD/CHF/Cirrhosis == 1 AND dzclass_Cancer == 0 AND 25.8 <= age <= 81.1 AND 72.2 <= hrt <= 208 AND bun_was_missing == 0 AND race_asian == 0 AND dnr_dnr after sadm == 0 AND sod <= 155 AND charges <= 4.27e+05 AND sex == 0 AND dzgroup_COPD == 0 AND race_hispanic == 0 AND race_other == 0,0.8719746985306883
0,1,0.8719746985306883,0.972972972972973,37,36,12,12,race_other == 0 AND wblc <= 87.9 AND resp <= 57.5 AND charges <= 4.09e+05 AND race_white == 1 AND dnr_no dnr == 1 AND adlp_was_missing == 0 AND race_asian == 0 AND 32.8 <= temp <= 39.7 AND crea <= 8.39 AND diabetes == 1 AND dzgroup_Lung Cancer == 0,0.8719746985306883
0,1,0.8686157861214838,0.9722222222222222,36,35,16,16,dementia == 0 AND urine <= 5.3e+03 AND bili <= 16.9 AND 9.45 <= aps <= 78.5 AND alb <= 11.6 AND race_hispanic == 0 AND ca_yes == 0 AND num_co == 1 AND wblc <= 118 AND dzgroup_Cirrhosis == 0 AND dzgroup_Coma == 0 AND race_other == 0 AND race_white == 1 AND dnr_dnr after sadm == 0 AND dnr_dnr before sadm == 0 AND adlsc <= 1.87,0.8686157861214838
0,1,0.8686157861214838,0.9722222222222222,36,35,16,16,avtisst <= 24.4 AND race_other == 0 AND dzgroup_Cirrhosis == 0 AND glucose_was_missing == 0 AND dzgroup_MOSF w/Malig == 0 AND race_asian == 0 AND bun <= 52.6 AND 38.6 <= hrt <= 226 AND dzgroup_Coma == 0 AND race_hispanic == 0 AND dementia == 0 AND 31.5 <= meanbp <= 161 AND glucose <= 272 AND adlsc <= 2.66 AND dnr_no dnr == 1 AND dzgroup_COPD == 0,0.8686157861214838
0,1,0.8686157861214838,0.9722222222222222,36,35,15,15,dzgroup_Cirrhosis == 0 AND dementia == 0 AND crea <= 5.07 AND ca_yes == 0 AND race_other == 0 AND 31.5 <= meanbp <= 161 AND dzgroup_MOSF w/Malig == 0 AND dnr_dnr before sadm == 0 AND bun_was_missing == 0 AND totmcst <= 2.62e+05 AND aps <= 57.7 AND race_white == 1 AND 7.24 <= ph <= 7.5 AND sex == 1 AND dnr_no dnr == 1,0.8686157861214838
0,1,0.8668694742900235,0.971830985915493,71,69,21,21,dzgroup_Coma == 0 AND diabetes == 0 AND aps <= 71.4 AND bun_was_missing == 0 AND race_other == 0 AND urine_was_missing == 0 AND 1.94 <= edu <= 26.7 AND bili <= 16.9 AND race_asian == 0 AND glucose <= 314 AND race_white == 1 AND dnr_dnr after sadm == 0 AND alb <= 12.5 AND race_black == 0 AND 4.56 <= avtisst <= 28.4 AND dementia == 0 AND adlp == 0 AND dzgroup_Cirrhosis == 0 AND dnr_dnr before sadm == 0 AND charges <= 2.05e+05 AND num_co == 1,0.8668694742900235
0,1,0.8650761992027131,0.9714285714285714,35,34,15,15,dzgroup_Colon Cancer == 0 AND dementia == 0 AND race_black == 0 AND glucose_was_missing == 0 AND race_other == 0 AND adlp_was_missing == 0 AND wblc <= 80.4 AND bun_was_missing == 0 AND race_hispanic == 0 AND dnrday <= 75.1 AND crea <= 6.75 AND 113 <= sod <= 149 AND dzgroup_Cirrhosis == 0 AND dzgroup_Coma == 0 AND bili <= 20.2,0.8650761992027131
0,1,0.862608784384164,0.970873786407767,206,200,18,18,wblc <= 71.5 AND dzclass_Coma == 0 AND dnr_dnr after sadm == 0 AND dnr_no dnr == 1 AND dzgroup_Cirrhosis == 0 AND dzgroup_MOSF w/Malig == 0 AND dementia == 0 AND glucose <= 377 AND dnr_dnr before sadm == 0 AND race_other == 0 AND aps <= 64.2 AND 91.1 <= pafi <= 357 AND income_was_missing == 0 AND dzgroup_Colon Cancer == 0 AND dzclass_COPD/CHF/Cirrhosis == 1 AND dzclass_Cancer == 0 AND race_hispanic == 0 AND charges <= 2.53e+05,0.862608784384164
0,1,0.8613409880361191,0.9705882352941176,34,33,23,23,adlsc <= 4.58 AND dnr_no dnr == 1 AND adlp_was_missing == 0 AND dzgroup_MOSF w/Malig == 0 AND dnr_dnr before sadm == 0 AND diabetes == 0 AND sod <= 155 AND 72.2 <= hrt <= 152 AND dzgroup_Lung Cancer == 0 AND dzclass_Cancer == 0 AND race_hispanic == 0 AND race_other == 0 AND totcst <= 2.11e+05 AND 11.1 <= aps <= 54.9 AND pafi <= 512 AND crea <= 10.9 AND bun <= 204 AND dzgroup_Coma == 0 AND race_white == 1 AND ca_no == 1 AND dnr_dnr after sadm == 0 AND 20.2 <= age <= 78 AND adlp == 1,0.8613409880361191
0,1,0.8600496224693521,0.9702970297029703,101,98,20,20,dzgroup_Coma == 0 AND diabetes == 0 AND aps <= 71.4 AND 6.2 <= meanbp <= 118 AND bun_was_missing == 0 AND race_other == 0 AND urine_was_missing == 0 AND 1.94 <= edu <= 26.7 AND race_hispanic == 0 AND bili <= 16.9 AND dzclass_Coma == 0 AND race_asian == 0 AND dzclass_COPD/CHF/Cirrhosis == 0 AND glucose <= 314 AND adlsc <= 1.58 AND dzgroup_Colon Cancer == 0 AND race_white == 1 AND dnr_dnr after sadm == 0 AND alb <= 12.5 AND race_black == 0,0.8600496224693521
0,1,0.8593948953206157,0.9701492537313433,67,65,15,15,resp <= 58.4 AND race_black == 0 AND race_other == 0 AND dnr_dnr after sadm == 0 AND dzgroup_CHF == 0 AND dnr_dnr before sadm == 0 AND adlp == 0 AND dzgroup_Cirrhosis == 0 AND dzclass_Cancer == 1 AND race_asian == 0 AND race_white == 1 AND sps <= 45.1 AND race_hispanic == 0 AND bili <= 23.9 AND dzgroup_Lung Cancer == 1,0.8593948953206157
0,1,0.8579711135007702,0.9698275862068966,232,225,12,12,dnr_dnr after sadm == 0 AND sod <= 155 AND dnr_no dnr == 1 AND dzgroup_Cirrhosis == 0 AND avtisst <= 30.5 AND dzclass_Cancer == 0 AND race_hispanic == 0 AND crea <= 7.72 AND dzgroup_Coma == 0 AND sex == 0 AND adlp_was_missing == 1 AND dzgroup_MOSF w/Malig == 0,0.8579711135007702
0,1,0.8573935107793603,0.9696969696969697,33,32,20,20,race_other == 0 AND dnr_dnr after sadm == 0 AND scoma <= 27.5 AND glucose_was_missing == 0 AND dzgroup_Cirrhosis == 0 AND race_hispanic == 0 AND bun_was_missing == 0 AND aps <= 46.8 AND dnr_dnr before sadm == 0 AND race_black == 0 AND adlp == 0 AND dzgroup_COPD == 0 AND 21 <= avtisst <= 35.9 AND sps <= 45.1 AND bili <= 18.1 AND race_asian == 0 AND 7.23 <= ph <= 7.7 AND dzclass_Coma == 0 AND ca_yes == 0 AND totmcst <= 2.27e+05,0.8573935107793603
0,1,0.8573935107793603,0.9696969696969697,231,224,11,11,dnr_dnr after sadm == 0 AND dnr_no dnr == 1 AND dzgroup_Cirrhosis == 0 AND avtisst <= 30.5 AND dzclass_Cancer == 0 AND race_hispanic == 0 AND crea <= 7.72 AND dzgroup_Coma == 0 AND sex == 0 AND adlp_was_missing == 1 AND dzgroup_MOSF w/Malig == 0,0.8573935107793603
0,1,0.8573935107793603,0.9696969696969697,33,32,16,16,dzgroup_Cirrhosis == 0 AND dnr_dnr before sadm == 0 AND scoma <= 36.5 AND dzgroup_COPD == 0 AND dzgroup_MOSF w/Malig == 0 AND dzgroup_CHF == 1 AND 20.3 <= glucose <= 513 AND dzclass_Cancer == 0 AND urine_was_missing == 1 AND totmcst <= 2.79e+05 AND 32.4 <= meanbp <= 85.6 AND race_black == 0 AND hrt <= 152 AND 34.9 <= temp <= 38.2 AND adlsc <= 2.56 AND ca_yes == 0,0.8573935107793603
0,1,0.8573935107793603,0.9696969696969697,99,96,20,20,dnr_dnr after sadm == 0 AND race_hispanic == 0 AND dzgroup_Coma == 0 AND race_other == 0 AND diabetes == 0 AND sps <= 48 AND adlp == 0 AND dementia == 0 AND dzclass_Cancer == 0 AND ca_no == 1 AND 51.5 <= hrt <= 178 AND race_white == 0 AND dnr_no dnr == 1 AND charges <= 4.27e+05 AND 9.41 <= aps <= 92.6 AND wblc <= 63.8 AND 130 <= sod <= 146 AND bun <= 113 AND dzgroup_CHF == 0 AND dzclass_COPD/CHF/Cirrhosis == 0,0.8573935107793603
0,1,0.8546348466881297,0.9690721649484536,97,94,19,19,6.36 <= resp <= 37.8 AND bun_was_missing == 1 AND urine <= 4.58e+03 AND wblc <= 72.2 AND 132 <= sod <= 156 AND dnr_dnr after sadm == 0 AND age >= 45.8 AND totmcst <= 1.55e+05 AND sex == 1 AND dzclass_Cancer == 0 AND sps <= 60.7 AND edu <= 22.4 AND scoma <= 34.5 AND avtisst <= 42.3 AND alb <= 8.61 AND urine_was_missing == 1 AND adlp_was_missing == 1 AND race_asian == 0 AND dnr_no dnr == 1,0.8546348466881297
0,1,0.8532151877880096,0.96875,32,31,21,21,dzgroup_Cirrhosis == 0 AND dnr_dnr after sadm == 0 AND pafi <= 520 AND adlp_was_missing == 0 AND race_black == 0 AND resp <= 57.5 AND bili <= 18.5 AND dzgroup_Colon Cancer == 0 AND race_asian == 0 AND charges <= 4.31e+05 AND wblc <= 54.7 AND dnr_no dnr == 1 AND adlp == 0 AND age >= 43.4 AND alb <= 8.58 AND 7.3 <= ph <= 7.64 AND sex == 1 AND dzgroup_Coma == 0 AND dzclass_COPD/CHF/Cirrhosis == 1 AND dzclass_Cancer == 0 AND dzclass_Coma == 0,0.8532151877880096
0,1,0.8532151877880096,0.96875,928,899,14,14,avtisst <= 42.3 AND diabetes == 0 AND dementia == 0 AND race_other == 0 AND dnr_dnr before sadm == 0 AND dnr_no dnr == 1 AND scoma <= 34.5 AND dnr_dnr after sadm == 0 AND edu <= 22.4 AND urine <= 3.5e+03 AND race_asian == 0 AND glucose <= 503 AND crea <= 6.42 AND race_black == 0,0.8532151877880096
0,1,0.8510330529011969,0.9682539682539683,63,61,18,18,dzgroup_Cirrhosis == 0 AND dnr_dnr before sadm == 0 AND scoma <= 34.5 AND avtisst <= 47.2 AND dzgroup_COPD == 0 AND dzgroup_Colon Cancer == 0 AND 7.77 <= edu <= 26.7 AND dzgroup_MOSF w/Malig == 0 AND dzgroup_CHF == 1 AND 20.3 <= glucose <= 340 AND dzclass_Cancer == 0 AND alb <= 11.6 AND crea <= 7.3 AND ph >= 7.11 AND charges <= 5.05e+05 AND totmcst <= 2.79e+05 AND 32.4 <= meanbp <= 85.6 AND race_black == 0,0.8510330529011969
0,1,0.8472486714371906,0.967391304347826,92,89,18,18,urine <= 5.3e+03 AND dzgroup_Coma == 0 AND race_other == 0 AND dzgroup_MOSF w/Malig == 0 AND dnr_no dnr == 1 AND 36.4 <= hrt <= 211 AND dzclass_Coma == 0 AND dnr_dnr before sadm == 0 AND avtisst <= 41.8 AND dzgroup_Colon Cancer == 0 AND race_white == 0 AND totcst <= 1.8e+05 AND crea <= 7.64 AND income == 0 AND bun <= 106 AND dzgroup_Lung Cancer == 0 AND dzclass_Cancer == 0 AND wblc <= 68.2,0.8472486714371906
0,1,0.846468659824263,0.9672131147540983,61,59,18,18,dzclass_COPD/CHF/Cirrhosis == 1 AND dzgroup_Cirrhosis == 0 AND dzgroup_Colon Cancer == 0 AND alb <= 8.58 AND race_hispanic == 0 AND dnr_dnr before sadm == 0 AND 7.3 <= ph <= 7.64 AND dzclass_Coma == 0 AND race_asian == 0 AND 3.98 <= hrt <= 202 AND dementia == 0 AND glucose <= 314 AND dzgroup_Lung Cancer == 0 AND race_black == 0 AND race_other == 0 AND num_co == 3 AND pafi <= 569 AND dzgroup_MOSF w/Malig == 0,0.846468659824263
0,1,0.8440802057613169,0.9666666666666667,30,29,13,13,dnr_dnr after sadm == 0 AND dzgroup_Coma == 0 AND dnr_no dnr == 1 AND adlp_was_missing == 0 AND race_other == 0 AND totcst <= 9.77e+04 AND adlsc <= 2.51 AND age >= 25.8 AND dementia == 0 AND ca_no == 0 AND 4.71 <= edu <= 20.9 AND alb <= 9.25 AND ca_yes == 0,0.8440802057613169
0,1,0.8440802057613169,0.9666666666666667,30,29,14,14,income_was_missing == 0 AND adlp_was_missing == 0 AND avtisst <= 42.3 AND race_other == 0 AND scoma <= 34.5 AND 32.8 <= temp <= 39.7 AND race_asian == 0 AND race_white == 1 AND race_hispanic == 0 AND dzclass_Cancer == 0 AND dnr_dnr before sadm == 0 AND sod <= 165 AND adls == 0 AND dnr_no dnr == 1,0.8440802057613169
0,1,0.8440802057613169,0.9666666666666667,30,29,16,16,race_asian == 0 AND dzclass_Cancer == 0 AND avtisst <= 42.7 AND race_white == 1 AND charges <= 4.31e+05 AND adlp_was_missing == 0 AND crea <= 5.27 AND dzclass_Coma == 0 AND totcst <= 2.04e+05 AND glucose_was_missing == 1 AND diabetes == 1 AND resp <= 57.5 AND 32.8 <= temp <= 39.7 AND bili <= 18.5 AND urine <= 5.3e+03 AND dnr_dnr before sadm == 0,0.8440802057613169
0,1,0.8428579641394335,0.9663865546218487,119,115,17,17,race_other == 0 AND dnr_dnr after sadm == 0 AND dnr_dnr before sadm == 0 AND scoma <= 61.8 AND sod <= 155 AND dzclass_Cancer == 0 AND dzgroup_Coma == 0 AND adlp_was_missing == 0 AND adlsc <= 2.66 AND dzgroup_MOSF w/Malig == 0 AND urine_was_missing == 1 AND dzgroup_CHF == 0 AND race_asian == 0 AND dnr_no dnr == 1 AND avtisst <= 42.3 AND 7.29 <= ph <= 7.66 AND bun <= 91.8,0.8428579641394335
0,1,0.8416164590315596,0.9661016949152542,118,114,17,17,dementia == 0 AND dnrday <= 75.1 AND avtisst <= 24.4 AND alb <= 9.58 AND race_other == 0 AND wblc <= 72.2 AND 7.11 <= ph <= 7.73 AND bun <= 113 AND bili <= 22.6 AND meanbp <= 161 AND 113 <= sod <= 149 AND dzgroup_Cirrhosis == 0 AND ca_yes == 0 AND 37.4 <= hrt <= 217 AND dzgroup_Coma == 0 AND glucose_was_missing == 0 AND dzgroup_COPD == 0,0.8416164590315596
0,1,0.839073812978493,0.9655172413793104,58,56,15,15,dnr_dnr after sadm == 0 AND dzgroup_Colon Cancer == 0 AND dzgroup_Coma == 0 AND dnr_no dnr == 1 AND race_other == 0 AND totcst <= 9.77e+04 AND totmcst <= 2.37e+05 AND resp <= 51.3 AND adlsc <= 2.51 AND age >= 25.8 AND dementia == 0 AND avtisst <= 34.7 AND sex == 1 AND race_hispanic == 0 AND 33.6 <= meanbp <= 96.3,0.839073812978493
0,1,0.839073812978493,0.9655172413793104,29,28,23,23,scoma <= 34.5 AND dnr_dnr before sadm == 0 AND diabetes == 0 AND sps <= 48 AND wblc <= 118 AND dzgroup_Cirrhosis == 0 AND num_co == 1 AND totcst <= 8.4e+04 AND race_other == 0 AND dnr_no dnr == 1 AND 2.39 <= edu <= 26.7 AND avtisst <= 47.2 AND dementia == 0 AND glucose <= 378 AND race_black == 0 AND 11.1 <= meanbp <= 129 AND charges <= 2.05e+05 AND totmcst <= 2.79e+05 AND aps <= 74.9 AND crea <= 7.3 AND dzgroup_Lung Cancer == 0 AND bun <= 84.3 AND ca_no == 0,0.839073812978493
0,1,0.839073812978493,0.9655172413793104,29,28,23,23,crea <= 5.27 AND adlp == 0 AND dzgroup_Cirrhosis == 0 AND scoma <= 34.5 AND 4.71 <= edu <= 20.9 AND charges <= 5.12e+05 AND urine <= 3.58e+03 AND adlp_was_missing == 1 AND adls == 1 AND dzclass_Coma == 0 AND dnr_dnr after sadm == 0 AND 126 <= sod <= 144 AND urine_was_missing == 1 AND avtisst <= 21.5 AND dnrday <= 82.4 AND 7.11 <= ph <= 7.75 AND sex == 1 AND dzgroup_CHF == 0 AND totmcst <= 1.73e+05 AND wblc <= 75.4 AND race_black == 0 AND race_other == 0 AND dnr_no dnr == 1,0.839073812978493
0,1,0.839073812978493,0.9655172413793104,29,28,20,20,wblc <= 71.5 AND dzclass_Coma == 0 AND dnr_dnr after sadm == 0 AND dzgroup_COPD == 1 AND 48.7 <= meanbp <= 129 AND edu <= 20.9 AND dzgroup_MOSF w/Malig == 0 AND race_asian == 0 AND urine <= 4.53e+03 AND dnr_dnr before sadm == 0 AND race_other == 0 AND scoma <= 34.5 AND avtisst <= 23.3 AND diabetes == 0 AND alb <= 7.08 AND 0.631 <= adlsc <= 5.72 AND dzclass_Cancer == 0 AND race_hispanic == 0 AND ca_no == 1 AND adlp == 0,0.839073812978493
0,1,0.836980316484997,0.965034965034965,143,138,21,21,race_other == 0 AND dnr_dnr after sadm == 0 AND totmcst <= 2.62e+05 AND scoma <= 60.1 AND dzgroup_Cirrhosis == 0 AND race_hispanic == 0 AND bun_was_missing == 0 AND aps <= 46.8 AND 7.9 <= meanbp <= 169 AND dnr_dnr before sadm == 0 AND race_black == 0 AND adlp == 0 AND dzgroup_COPD == 0 AND sps <= 45.1 AND dementia == 0 AND bili <= 45.9 AND dzgroup_CHF == 0 AND race_white == 1 AND avtisst <= 48.2 AND adlp_was_missing == 1 AND race_asian == 0,0.836980316484997
0,1,0.8364484276381265,0.9649122807017544,57,55,19,19,dnr_dnr after sadm == 0 AND scoma <= 34.5 AND sex == 1 AND dzgroup_MOSF w/Malig == 0 AND edu <= 22.4 AND dzgroup_Coma == 0 AND charges <= 2.4e+05 AND race_black == 0 AND race_other == 0 AND 35.5 <= meanbp <= 129 AND wblc <= 56.7 AND 7.11 <= ph <= 7.73 AND bun <= 93.3 AND income_was_missing == 0 AND income == 0 AND dzclass_Cancer == 0 AND dzclass_Coma == 0 AND race_hispanic == 0 AND bun_was_missing == 1,0.8364484276381265
1,1,0.8355542130228608,0.9647058823529412,85,82,24,24,dzgroup_COPD == 0 AND dzgroup_MOSF w/Malig == 0 AND race_asian == 0 AND dzgroup_Cirrhosis == 0 AND dnr_dnr before sadm == 0 AND avtisst >= 31 AND totmcst <= 2.74e+05 AND dementia == 0 AND ca_no == 1 AND adlp == 0 AND adlp_was_missing == 1 AND dzclass_Cancer == 0 AND 21.6 <= hrt <= 208 AND dnr_no dnr == 0 AND dnrday <= 71.1 AND bun <= 103 AND dzgroup_CHF == 0 AND ca_yes == 0 AND dzgroup_Colon Cancer == 0 AND 25.1 <= age <= 73.7 AND totcst <= 2.31e+05 AND alb <= 11.2 AND 118 <= sod <= 156 AND dzgroup_Lung Cancer == 0,0.8355542130228608
0,1,0.8343466486043633,0.9644268774703557,253,244,16,16,charges <= 4.05e+05 AND race_asian == 0 AND totmcst <= 2.97e+05 AND avtisst <= 41.8 AND dnrday <= 98.2 AND dzgroup_MOSF w/Malig == 0 AND dnr_no dnr == 1 AND 17.3 <= resp <= 53.2 AND income_was_missing == 0 AND income == 0 AND ca_no == 1 AND dnr_dnr after sadm == 0 AND totcst <= 1.8e+05 AND dnr_dnr before sadm == 0 AND crea <= 7.64 AND urine <= 5.3e+03,0.8343466486043633
0,1,0.8337362106376808,0.9642857142857143,84,81,21,21,race_other == 0 AND dnr_no dnr == 1 AND resp <= 44.2 AND age >= 44.6 AND 117 <= sod <= 155 AND diabetes == 0 AND alb <= 9.58 AND bili <= 11.8 AND glucose <= 314 AND dzgroup_Cirrhosis == 0 AND race_black == 0 AND avtisst <= 47.2 AND sps <= 48 AND dzgroup_Colon Cancer == 0 AND dzgroup_Coma == 0 AND totmcst <= 2.79e+05 AND dementia == 0 AND 8.02 <= hrt <= 141 AND sex == 0 AND totcst <= 2.33e+05 AND 34.8 <= pafi <= 283,0.8337362106376808
0,1,0.8337362106376808,0.9642857142857143,28,27,19,19,dnr_dnr before sadm == 0 AND scoma <= 34.5 AND avtisst <= 47.2 AND dzgroup_COPD == 0 AND 7.77 <= edu <= 26.7 AND dzgroup_MOSF w/Malig == 0 AND dzclass_Cancer == 0 AND alb <= 11.6 AND ph >= 7.11 AND totmcst <= 2.97e+05 AND race_black == 0 AND wblc <= 40.6 AND resp <= 51.3 AND adlp == 0 AND income_was_missing == 0 AND dzgroup_Coma == 0 AND dzclass_COPD/CHF/Cirrhosis == 1 AND dnr_dnr after sadm == 0 AND income == 0,0.8337362106376808
0,1,0.8337362106376808,0.9642857142857143,56,54,19,19,dzgroup_Coma == 0 AND race_other == 0 AND urine_was_missing == 0 AND 1.94 <= edu <= 13.9 AND bili <= 21.7 AND glucose <= 573 AND dnr_dnr after sadm == 0 AND dnr_dnr before sadm == 0 AND income == 1 AND dzgroup_Lung Cancer == 0 AND dzgroup_MOSF w/Malig == 0 AND dnr_no dnr == 1 AND totmcst <= 2.91e+05 AND dzclass_Coma == 0 AND wblc <= 63.8 AND adlsc <= 3.16 AND dzgroup_COPD == 0 AND dzclass_COPD/CHF/Cirrhosis == 0 AND dzclass_Cancer == 0,0.8337362106376808
0,1,0.8337362106376808,0.9642857142857143,28,27,20,20,race_asian == 0 AND totmcst <= 1.55e+05 AND bun_was_missing == 0 AND dzgroup_MOSF w/Malig == 0 AND charges <= 2.05e+05 AND avtisst <= 28.4 AND urine_was_missing == 0 AND dnr_dnr before sadm == 0 AND 2.39 <= edu <= 21.6 AND dementia == 0 AND bili <= 13 AND bun <= 126 AND income_was_missing == 0 AND dzgroup_Colon Cancer == 0 AND dzgroup_Lung Cancer == 0 AND sps <= 45 AND crea <= 6.76 AND 7.37 <= ph <= 7.61 AND glucose <= 378 AND ca_no == 0,0.8337362106376808
0,1,0.8337362106376808,0.9642857142857143,28,27,22,22,dzclass_COPD/CHF/Cirrhosis == 0 AND aps <= 46.8 AND bili <= 12.2 AND dnrday <= 114 AND race_black == 0 AND dnr_no dnr == 1 AND 25.8 <= age <= 90 AND totcst <= 2.47e+05 AND 14.2 <= pafi <= 344 AND dzgroup_CHF == 0 AND race_other == 0 AND dzgroup_Cirrhosis == 0 AND dnr_dnr after sadm == 0 AND avtisst <= 42.7 AND dementia == 0 AND sod <= 155 AND glucose <= 534 AND bun_was_missing == 0 AND bun <= 143 AND dzgroup_MOSF w/Malig == 0 AND ca_yes == 0 AND 7.16 <= edu <= 24.8,0.8337362106376808
0,1,0.8318776821516538,0.963855421686747,83,80,19,19,dnr_dnr after sadm == 0 AND dnr_dnr before sadm == 0 AND dzgroup_Colon Cancer == 0 AND dzgroup_Coma == 0 AND dnr_no dnr == 1 AND 47 <= meanbp <= 161 AND wblc <= 88.1 AND dnrday <= 75.1 AND alb <= 11.5 AND sod <= 155 AND sex == 0 AND dzgroup_COPD == 0 AND dzgroup_Lung Cancer == 0 AND dzgroup_MOSF w/Malig == 0 AND race_asian == 0 AND totmcst <= 1.19e+05 AND adls == 0 AND income == 1 AND race_hispanic == 0,0.8318776821516538
0,1,0.830932796194994,0.9636363636363636,55,53,22,22,32.1 <= age <= 77.4 AND scoma <= 26 AND totcst <= 2.71e+05 AND totmcst <= 5.49e+05 AND 3.82 <= avtisst <= 46.2 AND 13.4 <= aps <= 49.7 AND diabetes == 0 AND wblc <= 40.6 AND bili <= 22.9 AND 7.2 <= ph <= 7.64 AND glucose <= 461 AND income_was_missing == 0 AND dzgroup_Cirrhosis == 0 AND dzgroup_Coma == 0 AND dzgroup_MOSF w/Malig == 0 AND race_asian == 0 AND race_black == 1 AND dnr_dnr before sadm == 0 AND 21.6 <= hrt <= 208 AND crea <= 5.27 AND 118 <= sod <= 156 AND dzgroup_Colon Cancer == 0,0.830932796194994
0,1,0.830932796194994,0.9636363636363636,110,106,12,12,dzgroup_Coma == 0 AND sex == 1 AND race_hispanic == 0 AND adlp == 0 AND crea <= 5.27 AND dzclass_Coma == 0 AND aps <= 46.8 AND ca_yes == 0 AND 17.9 <= resp <= 46.1 AND glucose <= 479 AND urine <= 5.3e+03 AND dnr_no dnr == 1,0.830932796194994
0,1,0.8299772618018951,0.9634146341463414,164,158,23,23,dnr_dnr after sadm == 0 AND dementia == 0 AND avtisst <= 37.3 AND wblc <= 72.2 AND dzgroup_Cirrhosis == 0 AND age >= 25.8 AND scoma <= 24 AND dzgroup_COPD == 0 AND dzclass_Cancer == 0 AND pafi <= 447 AND sps <= 61.1 AND 120 <= sod <= 156 AND dzgroup_Coma == 0 AND dzclass_Coma == 0 AND race_asian == 0 AND dnr_dnr before sadm == 0 AND diabetes == 0 AND 7.24 <= hrt <= 127 AND race_other == 0 AND totcst <= 1.7e+05 AND bun <= 93.3 AND urine_was_missing == 1 AND dzclass_COPD/CHF/Cirrhosis == 0,0.8299772618018951
0,1,0.8287675942209263,0.9631336405529954,217,209,19,19,meanbp <= 169 AND avtisst <= 24.4 AND race_other == 0 AND scoma <= 34.5 AND adlsc <= 2.66 AND dzgroup_MOSF w/Malig == 0 AND ca_yes == 0 AND dzclass_Coma == 0 AND race_hispanic == 0 AND 9.45 <= aps <= 78.5 AND pafi <= 449 AND bili <= 16.9 AND bun_was_missing == 0 AND race_asian == 0 AND charges <= 6.04e+05 AND totmcst <= 1.23e+05 AND sod <= 155 AND bun <= 143 AND dzgroup_Cirrhosis == 0,0.8287675942209263
0,1,0.8284859993194046,0.9630681818181818,704,678,12,12,dnr_dnr after sadm == 0 AND 7.09 <= ph <= 7.73 AND resp <= 47.4 AND charges <= 3.48e+05 AND dzgroup_Cirrhosis == 0 AND avtisst <= 42.3 AND alb <= 9.01 AND race_other == 0 AND race_asian == 0 AND scoma <= 34.5 AND 34.9 <= temp <= 38.2 AND dzgroup_Colon Cancer == 0,0.8284859993194046
0,1,0.8280335219957866,0.9629629629629629,54,52,17,17,charges <= 4.05e+05 AND urine <= 5.3e+03 AND dzgroup_Coma == 0 AND race_other == 0 AND dzgroup_MOSF w/Malig == 0 AND dnr_no dnr == 1 AND 1.87 <= sps <= 35.5 AND 36.4 <= hrt <= 141 AND dzclass_Coma == 0 AND dnr_dnr before sadm == 0 AND avtisst <= 41.8 AND dzgroup_Colon Cancer == 0 AND race_white == 0 AND totcst <= 1.8e+05 AND crea <= 7.64 AND bun_was_missing == 0 AND income == 0,0.8280335219957866
0,1,0.8280335219957866,0.9629629629629629,54,52,15,15,race_hispanic == 0 AND avtisst <= 42.3 AND dzgroup_Cirrhosis == 0 AND dzgroup_Coma == 0 AND glucose <= 581 AND totcst <= 1.68e+05 AND crea <= 6.42 AND dnr_no dnr == 1 AND 45.8 <= age <= 86 AND dementia == 0 AND urine_was_missing == 1 AND race_other == 0 AND race_white == 1 AND ca_no == 0 AND income == 1,0.8280335219957866
0,1,0.8280335219957866,0.9629629629629629,54,52,20,20,ca_yes == 0 AND avtisst <= 41.8 AND dzclass_Cancer == 0 AND dzclass_COPD/CHF/Cirrhosis == 1 AND scoma <= 33 AND wblc <= 69.8 AND race_white == 1 AND income_was_missing == 0 AND charges <= 3.85e+05 AND bili <= 22.9 AND bun_was_missing == 1 AND dzgroup_CHF == 1 AND race_other == 0 AND alb <= 9.57 AND 2.39 <= edu <= 21.6 AND totcst <= 1.8e+05 AND 36.4 <= hrt <= 197 AND resp <= 53.2 AND 7.11 <= ph <= 7.73 AND dzclass_Coma == 0,0.8280335219957866
0,1,0.8280335219957866,0.9629629629629629,27,26,19,19,race_other == 0 AND dzgroup_COPD == 0 AND 1.49 <= edu <= 14.5 AND totcst <= 1.5e+05 AND aps <= 46.8 AND 51.5 <= hrt <= 189 AND resp <= 36.7 AND dnr_no dnr == 1 AND sps <= 60.7 AND 7.29 <= ph <= 7.72 AND glucose <= 503 AND bun_was_missing == 1 AND urine_was_missing == 1 AND adlp == 0 AND dzgroup_Coma == 0 AND dzgroup_Lung Cancer == 1 AND race_hispanic == 0 AND scoma <= 16.5 AND ca_yes == 0,0.8280335219957866
0,1,0.8280335219957866,0.9629629629629629,162,156,13,13,dnr_dnr before sadm == 0 AND dzclass_COPD/CHF/Cirrhosis == 1 AND race_asian == 0 AND dzclass_Cancer == 0 AND avtisst <= 42.7 AND charges <= 4.31e+05 AND adlp_was_missing == 0 AND dzgroup_Lung Cancer == 0 AND ca_yes == 0 AND totcst <= 2.04e+05 AND dementia == 0 AND meanbp <= 152 AND adlp == 0,0.8280335219957866
0,1,0.8280335219957866,0.9629629629629629,27,26,20,20,dnr_no dnr == 1 AND aps <= 80.6 AND urine_was_missing == 1 AND charges <= 5.05e+05 AND avtisst <= 47.2 AND 1.43 <= alb <= 11.6 AND dzclass_Cancer == 0 AND sps <= 46 AND wblc <= 63.8 AND urine <= 5.06e+03 AND dzgroup_COPD == 0 AND dzgroup_Lung Cancer == 0 AND dzgroup_MOSF w/Malig == 0 AND race_other == 0 AND glucose <= 335 AND glucose_was_missing == 1 AND race_asian == 0 AND crea <= 6.67 AND bun <= 114 AND race_black == 1,0.8280335219957866
0,1,0.8280335219957866,0.9629629629629629,27,26,19,18,1.33 <= sps <= 49.7 AND 36.4 <= hrt <= 181 AND 69.3 <= meanbp <= 157 AND dzgroup_Lung Cancer == 0 AND dzclass_COPD/CHF/Cirrhosis == 1 AND race_other == 0 AND ca_yes == 0 AND dnr_dnr before sadm == 0 AND income == 0 AND race_asian == 0 AND dnr_dnr after sadm == 0 AND dzgroup_Colon Cancer == 0 AND charges <= 4.31e+05 AND avtisst <= 42.7 AND dzgroup_CHF == 0 AND dzclass_Cancer == 0 AND dzclass_Coma == 0 AND dzgroup_Cirrhosis == 1,0.8280335219957866
0,1,0.8265463932096233,0.9626168224299065,107,103,18,18,race_other == 0 AND dzgroup_Coma == 0 AND sex == 1 AND crea <= 7.3 AND dnr_dnr before sadm == 0 AND alb <= 10.3 AND adlp_was_missing == 0 AND dzgroup_Colon Cancer == 0 AND race_hispanic == 0 AND diabetes == 0 AND dnr_dnr after sadm == 0 AND charges <= 4.09e+05 AND 38.6 <= hrt <= 205 AND pafi <= 533 AND bili <= 22.5 AND bun <= 79.8 AND 7.15 <= ph <= 7.67 AND glucose_was_missing == 1,0.8265463932096233
0,1,0.8262458855257596,0.9625468164794008,267,257,20,20,dnr_dnr after sadm == 0 AND 7.11 <= ph <= 7.75 AND dzgroup_MOSF w/Malig == 0 AND dementia == 0 AND avtisst <= 42.7 AND resp <= 47.4 AND glucose_was_missing == 0 AND dnr_dnr before sadm == 0 AND race_hispanic == 0 AND wblc <= 42.3 AND 36.4 <= hrt <= 141 AND bili <= 21.7 AND 114 <= sod <= 155 AND dnr_no dnr == 1 AND dzclass_Coma == 0 AND 11.1 <= aps <= 54.9 AND diabetes == 0 AND crea <= 6.86 AND sex == 0 AND race_black == 0,0.8262458855257596
0,1,0.8250334036957209,0.9622641509433962,159,153,21,21,race_other == 0 AND dnr_no dnr == 1 AND resp <= 44.2 AND race_asian == 0 AND dnr_dnr before sadm == 0 AND age >= 44.6 AND 117 <= sod <= 155 AND totcst <= 1.26e+05 AND diabetes == 0 AND alb <= 9.58 AND bili <= 11.8 AND glucose <= 314 AND dzgroup_Cirrhosis == 0 AND race_black == 0 AND 7.04 <= ph <= 7.7 AND avtisst <= 42.3 AND sps <= 48 AND dzgroup_Colon Cancer == 0 AND dzgroup_Coma == 0 AND dzgroup_MOSF w/Malig == 0 AND crea <= 8.65,0.8250334036957209
0,1,0.8250334036957209,0.9622641509433962,53,51,19,19,dzclass_Cancer == 0 AND race_hispanic == 0 AND dnr_dnr before sadm == 0 AND pafi <= 512 AND totcst <= 2.11e+05 AND sps <= 48.1 AND glucose <= 502 AND ca_yes == 0 AND dnr_dnr after sadm == 0 AND aps <= 78.5 AND avtisst <= 41.2 AND alb <= 11.6 AND bili <= 19.8 AND dzclass_Coma == 0 AND charges <= 3.94e+05 AND race_asian == 0 AND dzgroup_Coma == 0 AND 985 <= urine <= 3.42e+03 AND race_other == 0,0.8250334036957209
0,1,0.8245962767564593,0.9621621621621622,185,178,19,19,31.5 <= meanbp <= 169 AND sod <= 155 AND avtisst <= 24.4 AND crea <= 7.15 AND race_other == 0 AND charges <= 4.16e+05 AND scoma <= 34.5 AND dzgroup_Cirrhosis == 0 AND dzgroup_COPD == 0 AND dementia == 0 AND glucose <= 581 AND glucose_was_missing == 0 AND adlsc <= 2.66 AND dzgroup_MOSF w/Malig == 0 AND race_asian == 0 AND ca_yes == 0 AND bun <= 143 AND totcst <= 1.07e+05 AND income_was_missing == 0,0.8245962767564593
1,1,0.8219271067593519,0.9615384615384616,52,50,17,17,dzgroup_Cirrhosis == 0 AND dzclass_Coma == 0 AND race_hispanic == 0 AND dnr_dnr after sadm == 1 AND dnr_no dnr == 0 AND totcst <= 1.97e+05 AND dzgroup_Coma == 0 AND dementia == 0 AND adlp == 0 AND dzclass_Cancer == 0 AND dnr_dnr before sadm == 0 AND 45 <= age <= 81.9 AND 29.1 <= avtisst <= 62.9 AND diabetes == 0 AND alb <= 10.6 AND dnrday <= 75.4 AND glucose_was_missing == 1,0.8219271067593519
0,1,0.8193617931974586,0.9609375,384,369,17,17,meanbp <= 169 AND sod <= 155 AND avtisst <= 24.4 AND crea <= 7.15 AND race_other == 0 AND charges <= 6.04e+05 AND scoma <= 34.5 AND dzgroup_Cirrhosis == 0 AND dzgroup_COPD == 0 AND glucose <= 581 AND adlsc <= 2.66 AND race_asian == 0 AND ca_yes == 0 AND bun <= 143 AND 1.49 <= edu <= 14.5 AND totmcst <= 1.23e+05 AND race_hispanic == 0,0.8193617931974586
0,1,0.818708915307767,0.9607843137254902,51,49,18,18,dzgroup_Cirrhosis == 0 AND dnr_dnr before sadm == 0 AND scoma <= 34.5 AND avtisst <= 42.7 AND dzgroup_COPD == 0 AND dzgroup_Colon Cancer == 0 AND age >= 75.6 AND 7.77 <= edu <= 26.7 AND 35.5 <= meanbp <= 129 AND 8.02 <= hrt <= 172 AND dzgroup_MOSF w/Malig == 0 AND totcst <= 1.88e+05 AND dzgroup_CHF == 1 AND aps <= 46.8 AND dementia == 0 AND 20.3 <= glucose <= 340 AND urine <= 4.84e+03 AND dzclass_Cancer == 0,0.818708915307767
0,1,0.818708915307767,0.9607843137254902,51,49,15,15,dnr_dnr after sadm == 0 AND race_black == 0 AND dzclass_Cancer == 1 AND dzgroup_CHF == 0 AND dzclass_COPD/CHF/Cirrhosis == 0 AND resp <= 42.8 AND dementia == 0 AND dzgroup_Cirrhosis == 0 AND adlp == 0 AND race_hispanic == 0 AND 33.5 <= temp <= 36.5 AND dnr_dnr before sadm == 0 AND sps <= 57.2 AND 690 <= urine <= 4.11e+03 AND dnrday <= 105,0.818708915307767
0,1,0.8153726975999999,0.96,25,24,20,20,dnr_dnr after sadm == 0 AND dzgroup_Coma == 0 AND dnr_no dnr == 1 AND meanbp <= 161 AND dzgroup_Lung Cancer == 0 AND income == 1 AND race_hispanic == 0 AND charges <= 4.09e+05 AND dzgroup_Cirrhosis == 0 AND glucose <= 573 AND dzgroup_MOSF w/Malig == 0 AND age >= 43.4 AND avtisst <= 42.3 AND wblc <= 87.9 AND bili <= 11.3 AND 28.2 <= bun <= 148 AND dzgroup_Colon Cancer == 0 AND dzclass_COPD/CHF/Cirrhosis == 1 AND dzclass_Cancer == 0 AND race_asian == 0,0.8153726975999999
0,1,0.8153726975999999,0.96,25,24,11,11,race_other == 0 AND resp <= 57.5 AND dnr_no dnr == 1 AND race_asian == 0 AND 32.8 <= temp <= 39.7 AND diabetes == 1 AND totmcst <= 1.51e+05 AND 45.4 <= pafi <= 303 AND ca_yes == 0 AND dnr_dnr before sadm == 0 AND dzclass_COPD/CHF/Cirrhosis == 1,0.8153726975999999
0,1,0.8149944397211921,0.9599109131403119,449,431,14,14,glucose <= 581 AND dzclass_Coma == 0 AND dnr_no dnr == 1 AND urine_was_missing == 1 AND dnr_dnr after sadm == 0 AND 7.11 <= ph <= 7.73 AND scoma <= 25 AND sps <= 45.1 AND dementia == 0 AND sex == 0 AND race_other == 0 AND 57 <= meanbp <= 169 AND 104 <= pafi <= 386 AND dzgroup_COPD == 0,0.8149944397211921
0,1,0.8131852050381614,0.9594843462246777,543,521,16,16,31.5 <= meanbp <= 169 AND sod <= 155 AND avtisst <= 24.4 AND crea <= 7.15 AND race_other == 0 AND charges <= 4.16e+05 AND scoma <= 34.5 AND dzgroup_Cirrhosis == 0 AND dzgroup_COPD == 0 AND dementia == 0 AND glucose <= 581 AND adlsc <= 2.66 AND dzgroup_MOSF w/Malig == 0 AND race_asian == 0 AND ca_yes == 0 AND bun <= 143,0.8131852050381614
0,1,0.8119118677190721,0.9591836734693877,49,47,20,20,race_other == 0 AND aps <= 29.6 AND dzgroup_Cirrhosis == 0 AND race_white == 1 AND charges <= 4.31e+05 AND diabetes == 0 AND glucose <= 348 AND dzgroup_Coma == 0 AND dzgroup_Lung Cancer == 0 AND bili <= 20 AND race_black == 0 AND 7.09 <= ph <= 7.64 AND glucose_was_missing == 0 AND age >= 43.4 AND dnrday <= 97.6 AND urine_was_missing == 0 AND adlp_was_missing == 0 AND dzgroup_MOSF w/Malig == 0 AND 9.6 <= resp <= 40.4 AND dzgroup_Colon Cancer == 0,0.8119118677190721
0,1,0.8119118677190721,0.9591836734693877,49,47,17,17,dzgroup_COPD == 0 AND dnr_dnr before sadm == 0 AND crea <= 5.27 AND dzgroup_Lung Cancer == 0 AND avtisst <= 20.4 AND dnrday <= 74 AND bun_was_missing == 0 AND bun <= 113 AND 345 <= urine <= 3.58e+03 AND adlp == 0 AND dzgroup_Coma == 0 AND dzgroup_MOSF w/Malig == 0 AND diabetes == 0 AND sps <= 55.2 AND dzgroup_Cirrhosis == 0 AND glucose <= 301 AND dzclass_COPD/CHF/Cirrhosis == 1,0.8119118677190721
0,1,0.8107293571891607,0.958904109589041,73,70,17,17,dnr_no dnr == 1 AND totcst <= 1.5e+05 AND resp <= 51.3 AND 7.77 <= edu <= 14.5 AND aps <= 46.8 AND glucose <= 340 AND bun_was_missing == 1 AND urine_was_missing == 1 AND adlp == 0 AND charges <= 5.05e+05 AND avtisst <= 47.2 AND alb <= 11.6 AND crea <= 7.3 AND 115 <= sod <= 151 AND dzclass_Cancer == 0 AND ca_no == 1 AND dnr_dnr after sadm == 0,0.8107293571891607
0,1,0.8104910755786549,0.9588477366255144,243,233,14,14,dnr_dnr after sadm == 0 AND scoma <= 34.5 AND sex == 1 AND avtisst <= 42.3 AND bili <= 13.2 AND race_asian == 0 AND dzgroup_MOSF w/Malig == 0 AND edu <= 22.4 AND dzgroup_Coma == 0 AND charges <= 4.09e+05 AND dzgroup_Colon Cancer == 0 AND adlsc <= 1.58 AND race_hispanic == 0 AND dnrday <= 54.9,0.8104910755786549
0,1,0.8091294444717122,0.9585253456221198,217,208,18,18,31.5 <= meanbp <= 169 AND avtisst <= 24.4 AND race_other == 0 AND scoma <= 34.5 AND dementia == 0 AND glucose <= 581 AND adlsc <= 2.66 AND dzgroup_MOSF w/Malig == 0 AND ca_yes == 0 AND dzclass_Coma == 0 AND race_hispanic == 0 AND 12.6 <= sps <= 43.2 AND 9.45 <= aps <= 78.5 AND pafi <= 449 AND alb <= 11.6 AND bili <= 16.9 AND bun_was_missing == 0 AND race_asian == 0,0.8091294444717122
0,1,0.8083193429703577,0.9583333333333334,24,23,15,15,aps <= 80.6 AND urine_was_missing == 1 AND avtisst <= 47.2 AND alb <= 11.6 AND dnr_dnr after sadm == 0 AND sps <= 46 AND race_other == 0 AND glucose_was_missing == 1 AND bun <= 114 AND scoma <= 34.5 AND dzclass_COPD/CHF/Cirrhosis == 1 AND race_black == 0 AND 300 <= urine <= 3.63e+03 AND wblc <= 40.6 AND ph >= 7.11,0.8083193429703577
0,1,0.8083193429703577,0.9583333333333334,24,23,19,19,dzclass_COPD/CHF/Cirrhosis == 1 AND dzgroup_Cirrhosis == 0 AND dzclass_Cancer == 0 AND dzgroup_Colon Cancer == 0 AND race_white == 1 AND alb <= 8.58 AND sex == 1 AND race_hispanic == 0 AND wblc <= 54.7 AND adlp == 0 AND dnr_dnr before sadm == 0 AND age >= 43.4 AND charges <= 4.31e+05 AND crea <= 5.27 AND 7.3 <= ph <= 7.64 AND dzclass_Coma == 0 AND race_asian == 0 AND 3.98 <= hrt <= 116 AND glucose_was_missing == 1,0.8083193429703577
0,1,0.8083193429703577,0.9583333333333334,24,23,24,24,dnr_dnr before sadm == 0 AND scoma <= 34.5 AND avtisst <= 47.2 AND dzgroup_COPD == 0 AND dzgroup_MOSF w/Malig == 0 AND dzclass_Cancer == 0 AND alb <= 11.6 AND totmcst <= 2.97e+05 AND race_black == 0 AND wblc <= 40.6 AND dzgroup_Coma == 0 AND dnr_dnr after sadm == 0 AND age >= 25.8 AND sps <= 61.1 AND aps <= 46.8 AND dementia == 0 AND temp >= 34.9 AND pafi <= 447 AND dzgroup_Lung Cancer == 0 AND race_asian == 0 AND race_hispanic == 0 AND race_other == 0 AND dzclass_COPD/CHF/Cirrhosis == 1 AND ca_yes == 0,0.8083193429703577
0,1,0.8083193429703577,0.9583333333333334,24,23,14,14,charges <= 4.05e+05 AND dzgroup_Coma == 0 AND race_other == 0 AND dzgroup_MOSF w/Malig == 0 AND dnr_dnr before sadm == 0 AND avtisst <= 41.2 AND dzgroup_Colon Cancer == 0 AND totcst <= 1.8e+05 AND wblc <= 71.5 AND bun <= 104 AND adlsc >= 5.66 AND race_asian == 0 AND dnr_dnr after sadm == 0 AND 1.73 <= sps <= 46.3,0.8083193429703577
0,1,0.8083193429703577,0.9583333333333334,24,23,19,19,adlsc <= 1.58 AND race_other == 0 AND avtisst <= 42.3 AND dzgroup_COPD == 0 AND dzgroup_Coma == 0 AND dzgroup_MOSF w/Malig == 0 AND dzgroup_Colon Cancer == 0 AND dnr_dnr before sadm == 0 AND dnr_no dnr == 1 AND dnrday <= 98.2 AND income_was_missing == 0 AND income == 0 AND dzgroup_Cirrhosis == 0 AND dzclass_Coma == 0 AND dnr_dnr after sadm == 0 AND urine_was_missing == 1 AND scoma <= 34.5 AND race_white == 1 AND 64.9 <= age <= 93.4,0.8083193429703577
0,1,0.8083193429703577,0.9583333333333334,24,23,15,15,dnr_dnr after sadm == 0 AND race_other == 0 AND alb <= 9.01 AND glucose_was_missing == 0 AND dnr_dnr before sadm == 0 AND dzgroup_Cirrhosis == 0 AND dzgroup_CHF == 0 AND dzgroup_Coma == 0 AND race_asian == 0 AND bun <= 108 AND dzgroup_MOSF w/Malig == 0 AND dzclass_Cancer == 1 AND edu <= 10.7 AND scoma <= 18 AND charges <= 2.81e+05,0.8083193429703577
0,1,0.8064713342721757,0.9578947368421052,95,91,20,20,dnr_no dnr == 1 AND aps <= 80.6 AND urine_was_missing == 1 AND charges <= 5.05e+05 AND avtisst <= 47.2 AND 1.43 <= alb <= 11.6 AND dzclass_Cancer == 0 AND dnr_dnr after sadm == 0 AND sps <= 46 AND wblc <= 63.8 AND dzgroup_COPD == 0 AND dzgroup_Lung Cancer == 0 AND dzgroup_MOSF w/Malig == 0 AND race_other == 0 AND glucose <= 335 AND glucose_was_missing == 1 AND race_asian == 0 AND crea <= 6.67 AND bun <= 114 AND diabetes == 0,0.8064713342721757
0,1,0.8058474202263433,0.9577464788732394,284,272,19,19,dnr_dnr after sadm == 0 AND dnr_no dnr == 1 AND glucose_was_missing == 0 AND dzgroup_Cirrhosis == 0 AND avtisst <= 36.6 AND pafi <= 588 AND charges <= 5.12e+05 AND bili <= 21.7 AND dzgroup_Colon Cancer == 0 AND dzgroup_MOSF w/Malig == 0 AND alb <= 6.15 AND bun_was_missing == 0 AND dnr_dnr before sadm == 0 AND 7.25 <= ph <= 7.55 AND age >= 44.6 AND wblc <= 87.9 AND adlp == 0 AND dzgroup_Coma == 0 AND diabetes == 0,0.8058474202263433
0,1,0.8007081039652487,0.9565217391304348,23,22,22,22,totcst <= 1.06e+05 AND aps <= 46.8 AND pafi <= 464 AND dnr_dnr before sadm == 0 AND diabetes == 0 AND dnrday <= 81.2 AND 25.8 <= age <= 90 AND crea <= 6.42 AND dzgroup_CHF == 0 AND dzgroup_Lung Cancer == 1 AND dzclass_Cancer == 1 AND alb <= 12.8 AND race_black == 0 AND dnr_no dnr == 1 AND 0.53 <= edu <= 23.5 AND hrt <= 164 AND bili <= 9.86 AND bun_was_missing == 0 AND bun <= 98.2 AND 1.26 <= adlsc <= 5.71 AND dzgroup_COPD == 0 AND race_hispanic == 0,0.8007081039652487
0,1,0.8007081039652487,0.9565217391304348,23,22,17,17,dementia == 0 AND dnrday <= 75.1 AND avtisst <= 24.4 AND alb <= 9.58 AND race_other == 0 AND wblc <= 72.2 AND 7.11 <= ph <= 7.73 AND bun <= 113 AND bili <= 22.6 AND meanbp <= 161 AND 113 <= sod <= 149 AND dzgroup_Cirrhosis == 0 AND ca_yes == 0 AND 37.4 <= hrt <= 217 AND dzgroup_Coma == 0 AND 33.3 <= temp <= 40 AND ca_no == 0,0.8007081039652487
1,1,0.8007081039652487,0.9565217391304348,23,22,16,16,dzgroup_COPD == 0 AND dzgroup_Cirrhosis == 0 AND dzgroup_MOSF w/Malig == 0 AND adlp == 0 AND dnr_no dnr == 0 AND 58.1 <= age <= 98.3 AND scoma <= 37 AND totcst <= 1.97e+05 AND avtisst >= 37 AND wblc <= 64.5 AND race_other == 0 AND ca_yes == 0 AND 34.9 <= aps <= 77.2 AND dementia == 0 AND glucose_was_missing == 1 AND bun <= 128,0.8007081039652487
0,1,0.8007081039652487,0.9565217391304348,23,22,17,17,dnr_dnr after sadm == 0 AND urine <= 4.52e+03 AND sex == 1 AND dementia == 0 AND dzgroup_COPD == 0 AND income == 1 AND race_hispanic == 0 AND ca_yes == 0 AND age >= 25.8 AND scoma <= 29 AND 7.08 <= ph <= 7.76 AND 67.3 <= glucose <= 482 AND urine_was_missing == 1 AND race_white == 1 AND ca_no == 0 AND 3.47 <= edu <= 20.5 AND wblc <= 71.9,0.8007081039652487
0,1,0.8007081039652487,0.9565217391304348,23,22,20,20,dzgroup_Lung Cancer == 0 AND dzgroup_COPD == 0 AND race_black == 0 AND dnr_no dnr == 1 AND alb <= 8.94 AND age >= 25.8 AND bun_was_missing == 0 AND 24.6 <= resp <= 47.4 AND 7.09 <= ph <= 7.52 AND edu <= 18.2 AND charges <= 4.27e+05 AND urine <= 3.27e+03 AND adlsc <= 2.66 AND income == 1 AND urine_was_missing == 0 AND sex == 0 AND race_asian == 0 AND race_white == 1 AND income_was_missing == 1 AND pafi <= 300,0.8007081039652487
0,1,0.7987103302509025,0.9560439560439561,182,174,14,14,dnr_dnr after sadm == 0 AND dzgroup_Coma == 0 AND bili <= 21.7 AND race_hispanic == 0 AND race_white == 1 AND edu <= 26.7 AND glucose_was_missing == 0 AND dzgroup_Colon Cancer == 0 AND income_was_missing == 0 AND aps <= 46.8 AND wblc <= 42.3 AND 36.4 <= hrt <= 141 AND charges <= 4.88e+05 AND income == 1,0.7987103302509025
0,1,0.7980355158840382,0.9558823529411765,68,65,16,16,dnr_dnr before sadm == 0 AND dzgroup_Cirrhosis == 0 AND race_other == 0 AND 8.02 <= hrt <= 226 AND urine_was_missing == 1 AND crea <= 7.3 AND dzclass_COPD/CHF/Cirrhosis == 0 AND race_asian == 0 AND sps <= 32.4 AND charges <= 5e+05 AND alb <= 9.01 AND race_hispanic == 0 AND 52.5 <= pafi <= 395 AND bun <= 99.2 AND dzgroup_Colon Cancer == 1 AND dzgroup_Coma == 0,0.7980355158840382
0,1,0.7966722850513982,0.9555555555555556,225,215,14,14,race_hispanic == 0 AND dnr_dnr after sadm == 0 AND sod <= 149 AND 47 <= meanbp <= 152 AND dzgroup_COPD == 0 AND totcst <= 2.11e+05 AND pafi <= 512 AND dnr_no dnr == 1 AND diabetes == 0 AND adlp == 0 AND 7.29 <= avtisst <= 38.4 AND bili <= 18.5 AND race_asian == 0 AND glucose <= 317,0.7966722850513982
0,1,0.795290613020205,0.9552238805970149,67,64,13,13,totcst <= 1.5e+05 AND glucose <= 340 AND urine_was_missing == 1 AND avtisst <= 47.2 AND alb <= 11.6 AND crea <= 7.3 AND 115 <= sod <= 151 AND dzclass_Cancer == 0 AND dnr_dnr after sadm == 0 AND scoma <= 34.5 AND ph >= 7.11 AND glucose_was_missing == 1 AND dzgroup_Coma == 0,0.795290613020205
0,1,0.794892410237777,0.9551282051282052,156,149,19,19,dzgroup_Cirrhosis == 0 AND dnr_dnr after sadm == 0 AND glucose <= 508 AND bun <= 79.8 AND race_asian == 0 AND dzgroup_MOSF w/Malig == 0 AND diabetes == 0 AND dzgroup_Coma == 0 AND ca_yes == 0 AND 6.26 <= edu <= 22.4 AND bun_was_missing == 1 AND race_black == 0 AND scoma <= 34.5 AND dnrday <= 110 AND 31.5 <= meanbp <= 169 AND hrt <= 140 AND dzgroup_CHF == 0 AND urine_was_missing == 1 AND dnr_dnr before sadm == 0,0.794892410237777
0,1,0.7941717462686521,0.954954954954955,222,212,13,13,dzgroup_Cirrhosis == 0 AND 1.62 <= edu <= 22.4 AND scoma <= 34.5 AND 7.9 <= meanbp <= 136 AND race_other == 0 AND dnr_dnr after sadm == 0 AND totmcst <= 2.62e+05 AND dnr_dnr before sadm == 0 AND charges <= 4.27e+05 AND glucose <= 314 AND bun <= 143 AND dnrday <= 110 AND sex == 0,0.7941717462686521
0,1,0.792470436383506,0.9545454545454546,66,63,11,11,dzgroup_MOSF w/Malig == 0 AND charges <= 4.27e+05 AND dzgroup_Cirrhosis == 0 AND race_asian == 0 AND dnr_no dnr == 1 AND avtisst <= 30.5 AND dzgroup_Lung Cancer == 0 AND dzgroup_Coma == 0 AND 47 <= meanbp <= 161 AND adlp == 0 AND dnr_dnr after sadm == 0,0.792470436383506
1,1,0.792470436383506,0.9545454545454546,22,21,18,18,bun_was_missing == 1 AND dzgroup_Cirrhosis == 0 AND dementia == 0 AND sod <= 156 AND pafi <= 524 AND bili <= 11.6 AND crea <= 7.51 AND 43.6 <= age <= 86.3 AND scoma <= 38 AND race_hispanic == 0 AND 37.8 <= avtisst <= 61.7 AND dnrday <= 55.5 AND wblc <= 36.5 AND glucose_was_missing == 1 AND dzgroup_Coma == 0 AND totmcst <= 1.92e+05 AND meanbp <= 109 AND race_other == 0,0.792470436383506
0,1,0.792470436383506,0.9545454545454546,22,21,14,14,totcst <= 1.5e+05 AND urine_was_missing == 1 AND avtisst <= 47.2 AND alb <= 11.6 AND crea <= 7.3 AND sod <= 165 AND dzclass_Cancer == 0 AND scoma <= 34.5 AND dzgroup_Coma == 0 AND 32.8 <= temp <= 39.7 AND adls == 0 AND race_hispanic == 0 AND dnr_no dnr == 1 AND dzgroup_MOSF w/Malig == 0,0.792470436383506
0,1,0.792470436383506,0.9545454545454546,88,84,15,15,sod <= 155 AND avtisst <= 24.4 AND race_other == 0 AND charges <= 4.16e+05 AND dzgroup_Cirrhosis == 0 AND glucose_was_missing == 0 AND dzgroup_MOSF w/Malig == 0 AND race_asian == 0 AND ca_yes == 0 AND bun <= 143 AND 38.6 <= hrt <= 226 AND dzgroup_Coma == 0 AND race_hispanic == 0 AND ca_no == 0 AND dnr_dnr before sadm == 0,0.792470436383506
0,1,0.792470436383506,0.9545454545454546,22,21,21,21,race_asian == 0 AND dementia == 0 AND bun <= 126 AND sps <= 49.7 AND crea <= 7.4 AND dzgroup_Coma == 0 AND ca_no == 1 AND 1.94 <= edu <= 26.7 AND charges <= 2.52e+05 AND 58.8 <= hrt <= 203 AND 7.11 <= ph <= 7.73 AND ca_yes == 0 AND dnr_no dnr == 1 AND aps <= 76.2 AND 117 <= sod <= 149 AND urine_was_missing == 1 AND scoma <= 34.5 AND totcst <= 2.11e+05 AND adlp_was_missing == 0 AND dzgroup_Cirrhosis == 0 AND dzgroup_MOSF w/Malig == 0,0.792470436383506
0,1,0.792470436383506,0.9545454545454546,22,21,22,22,dzgroup_Cirrhosis == 0 AND 8.02 <= hrt <= 141 AND pafi <= 520 AND race_black == 0 AND resp <= 57.5 AND dnr_no dnr == 1 AND age >= 25.8 AND dzgroup_Lung Cancer == 0 AND dzclass_Coma == 0 AND avtisst <= 47.2 AND adls == 1 AND charges <= 5.05e+05 AND totmcst <= 2.79e+05 AND 32.4 <= meanbp <= 85.6 AND crea <= 7.3 AND ph >= 7.11 AND 20.3 <= glucose <= 340 AND urine_was_missing == 1 AND dzgroup_COPD == 0 AND dzgroup_Colon Cancer == 0 AND dementia == 0 AND adlsc <= 2.51,0.792470436383506
0,1,0.7907409075007379,0.9541284403669725,109,104,12,12,dnr_dnr after sadm == 0 AND edu <= 26.7 AND totcst <= 1.69e+05 AND diabetes == 0 AND wblc <= 46.8 AND income == 0 AND race_white == 0 AND ca_no == 1 AND avtisst <= 37.3 AND 35 <= temp <= 39.8 AND adlp == 0 AND race_hispanic == 0,0.7907409075007379
0,1,0.7880921574007829,0.9534883720930233,43,41,16,16,dnr_no dnr == 1 AND avtisst <= 36.5 AND 31.5 <= meanbp <= 169 AND race_hispanic == 0 AND adlp == 0 AND dzclass_Coma == 0 AND bili <= 16.9 AND 9.45 <= aps <= 78.5 AND dementia == 0 AND alb <= 11.6 AND diabetes == 0 AND crea <= 6.75 AND glucose <= 478 AND 840 <= urine <= 3.09e+03 AND income == 1 AND race_black == 0,0.7880921574007829
0,1,0.7880921574007829,0.9534883720930233,86,82,24,24,race_other == 0 AND aps <= 29.6 AND dzgroup_Cirrhosis == 0 AND alb <= 8.86 AND diabetes == 0 AND ca_yes == 0 AND totcst <= 1.42e+05 AND sps <= 51.9 AND bili <= 14.4 AND avtisst <= 37.3 AND race_asian == 0 AND race_hispanic == 0 AND dnr_dnr before sadm == 0 AND sex == 0 AND scoma <= 34.5 AND dementia == 0 AND 44 <= pafi <= 404 AND glucose_was_missing == 0 AND 1.52e+03 <= urine <= 4.68e+03 AND dnr_dnr after sadm == 0 AND totmcst <= 1.45e+05 AND ph >= 7.22 AND dzgroup_Coma == 0 AND race_black == 0,0.7880921574007829
0,1,0.7880921574007829,0.9534883720930233,43,41,18,18,dnr_dnr before sadm == 0 AND dzclass_COPD/CHF/Cirrhosis == 1 AND diabetes == 0 AND meanbp <= 131 AND totmcst <= 1.05e+05 AND glucose <= 508 AND race_asian == 0 AND avtisst <= 23.3 AND dzgroup_Lung Cancer == 0 AND dzclass_Cancer == 0 AND bun <= 73.8 AND dzgroup_Cirrhosis == 0 AND dzgroup_Colon Cancer == 0 AND dzgroup_Coma == 0 AND scoma <= 45.5 AND wblc <= 51 AND income_was_missing == 1 AND race_hispanic == 0,0.7880921574007829
0,1,0.7865916015580297,0.953125,64,61,15,15,bili <= 13.2 AND scoma <= 25 AND 82.5 <= pafi <= 511 AND adlp == 0 AND edu <= 26.7 AND alb <= 6.15 AND dzgroup_Coma == 0 AND dzgroup_MOSF w/Malig == 0 AND race_hispanic == 0 AND 0.55 <= adlsc <= 4.44 AND dzclass_Cancer == 1 AND aps <= 46.8 AND dzgroup_Lung Cancer == 1 AND dnr_dnr after sadm == 0 AND avtisst <= 46.2,0.7865916015580297
0,1,0.7861589805138552,0.9530201342281879,149,142,15,15,31.5 <= meanbp <= 169 AND avtisst <= 42.3 AND dzgroup_Cirrhosis == 0 AND glucose <= 581 AND ca_yes == 0 AND 45.8 <= age <= 86 AND totcst <= 1.7e+05 AND diabetes == 0 AND 32.7 <= temp <= 39.4 AND dzgroup_CHF == 0 AND dzgroup_Coma == 0 AND race_hispanic == 0 AND dnr_dnr after sadm == 0 AND glucose_was_missing == 1 AND urine_was_missing == 1,0.7861589805138552
0,1,0.7848505849734004,0.9527027027027027,148,141,16,16,meanbp <= 169 AND sod <= 155 AND avtisst <= 24.4 AND crea <= 7.15 AND race_other == 0 AND charges <= 4.16e+05 AND scoma <= 34.5 AND dzgroup_Cirrhosis == 0 AND dzgroup_COPD == 0 AND glucose <= 581 AND glucose_was_missing == 0 AND adlsc <= 2.66 AND race_asian == 0 AND ca_yes == 0 AND bun <= 143 AND dzclass_COPD/CHF/Cirrhosis == 0,0.7848505849734004
0,1,0.7835261664684589,0.9523809523809523,21,20,13,13,avtisst <= 24.4 AND race_other == 0 AND dzgroup_Cirrhosis == 0 AND glucose_was_missing == 0 AND dzgroup_MOSF w/Malig == 0 AND race_asian == 0 AND ca_yes == 0 AND dnr_dnr before sadm == 0 AND sps <= 55.2 AND alb <= 9.01 AND bun_was_missing == 0 AND income_was_missing == 0 AND income == 2,0.7835261664684589
0,1,0.7835261664684589,0.9523809523809523,21,20,22,22,dnr_dnr before sadm == 0 AND dzgroup_Cirrhosis == 0 AND race_other == 0 AND 8.02 <= hrt <= 226 AND urine_was_missing == 1 AND crea <= 7.3 AND race_asian == 0 AND charges <= 6.04e+05 AND alb <= 4.32 AND race_hispanic == 0 AND 52.5 <= pafi <= 395 AND bun <= 143 AND dzgroup_Colon Cancer == 1 AND dzgroup_Coma == 0 AND num_co == 1 AND avtisst <= 24.4 AND meanbp <= 169 AND sod <= 155 AND glucose <= 581 AND dzgroup_COPD == 0 AND ca_yes == 0 AND sex == 0,0.7835261664684589
0,1,0.7835261664684589,0.9523809523809523,21,20,12,12,race_asian == 0 AND adlp_was_missing == 0 AND glucose_was_missing == 1 AND dzgroup_Coma == 0 AND avtisst <= 47.2 AND income_was_missing == 0 AND urine_was_missing == 1 AND scoma <= 34.5 AND wblc <= 40.6 AND dzclass_COPD/CHF/Cirrhosis == 1 AND totcst <= 1.62e+05 AND dzgroup_COPD == 0,0.7835261664684589
0,1,0.7835261664684589,0.9523809523809523,21,20,16,16,race_other == 0 AND dzgroup_COPD == 0 AND dzgroup_Lung Cancer == 0 AND race_asian == 0 AND race_white == 1 AND dnr_dnr before sadm == 0 AND 22.9 <= age <= 86.7 AND dzclass_Cancer == 0 AND resp <= 34.9 AND bili <= 18.5 AND glucose <= 513 AND adlp == 2 AND dementia == 0 AND 122 <= sod <= 146 AND 16.8 <= aps <= 121 AND dzclass_Coma == 0,0.7835261664684589
0,1,0.7835261664684589,0.9523809523809523,126,120,20,20,dnr_no dnr == 1 AND aps <= 80.6 AND urine_was_missing == 1 AND charges <= 5.05e+05 AND avtisst <= 47.2 AND 1.43 <= alb <= 11.6 AND dzclass_Cancer == 0 AND dnr_dnr after sadm == 0 AND sps <= 46 AND wblc <= 63.8 AND urine <= 5.06e+03 AND dzgroup_COPD == 0 AND dzgroup_Lung Cancer == 0 AND dzgroup_MOSF w/Malig == 0 AND race_other == 0 AND glucose <= 335 AND glucose_was_missing == 1 AND race_asian == 0 AND crea <= 6.67 AND bun <= 114,0.7835261664684589
1,1,0.7835261664684589,0.9523809523809523,21,20,17,17,aps <= 118 AND dzgroup_COPD == 0 AND adlp == 0 AND dnrday <= 49.6 AND dementia == 0 AND bun <= 119 AND dnr_no dnr == 0 AND avtisst >= 23.5 AND race_hispanic == 0 AND scoma <= 37 AND dzgroup_Colon Cancer == 0 AND dnr_dnr after sadm == 1 AND income_was_missing == 1 AND race_asian == 0 AND crea <= 3.38 AND adls == 1 AND dnr_dnr before sadm == 0,0.7835261664684589
0,1,0.7811689895782574,0.9518072289156626,83,79,21,21,race_other == 0 AND dementia == 0 AND dzgroup_Cirrhosis == 0 AND race_white == 1 AND charges <= 5e+05 AND diabetes == 0 AND glucose <= 581 AND totcst <= 1.42e+05 AND income_was_missing == 0 AND 840 <= urine <= 5.3e+03 AND dzgroup_Lung Cancer == 0 AND ca_no == 0 AND scoma <= 34.5 AND avtisst <= 42.3 AND 7.17 <= ph <= 7.61 AND dzgroup_Colon Cancer == 1 AND dzclass_Cancer == 1 AND race_black == 0 AND dnr_dnr before sadm == 0 AND totmcst <= 2.22e+05 AND race_asian == 0,0.7811689895782574
0,1,0.7799711534323931,0.9515151515151515,165,157,19,19,bili <= 22.5 AND dzclass_Cancer == 0 AND dzclass_Coma == 0 AND 120 <= sod <= 144 AND charges <= 2.21e+05 AND avtisst <= 37.3 AND 54.8 <= hrt <= 189 AND sex == 0 AND income == 1 AND sps <= 26.1 AND dementia == 0 AND dzgroup_Lung Cancer == 0 AND race_white == 1 AND crea <= 6.88 AND adlsc <= 2.4 AND dzgroup_Colon Cancer == 0 AND dzgroup_MOSF w/Malig == 0 AND bun <= 107 AND dzgroup_Coma == 0,0.7799711534323931
0,1,0.7792461721622364,0.9513381995133819,411,391,16,16,dzgroup_Cirrhosis == 0 AND race_other == 0 AND avtisst <= 42.3 AND meanbp <= 169 AND glucose <= 581 AND dnrday <= 75.1 AND 7.11 <= ph <= 7.73 AND dnr_dnr after sadm == 0 AND wblc <= 63.8 AND race_white == 1 AND ca_yes == 0 AND sod <= 149 AND crea <= 7.15 AND dzgroup_CHF == 0 AND race_hispanic == 0 AND 1.22 <= aps <= 78.8,0.7792461721622364
0,1,0.7787602063699636,0.9512195121951219,41,39,17,17,dnr_dnr after sadm == 0 AND dnr_dnr before sadm == 0 AND dzclass_COPD/CHF/Cirrhosis == 0 AND race_asian == 0 AND hrt <= 208 AND alb <= 5.49 AND adlp_was_missing == 1 AND dzgroup_Cirrhosis == 0 AND sex == 0 AND race_other == 0 AND 0.375 <= edu <= 18 AND ca_no == 1 AND 18.3 <= aps <= 46.8 AND bili <= 18.5 AND dzgroup_Colon Cancer == 0 AND dzclass_Cancer == 0 AND ca_yes == 0,0.7787602063699636
0,1,0.7777818645257646,0.9509803921568627,102,97,17,17,dnr_no dnr == 1 AND avtisst <= 47.2 AND 1.43 <= alb <= 11.6 AND dnr_dnr after sadm == 0 AND urine <= 5.06e+03 AND dzgroup_COPD == 0 AND dzgroup_MOSF w/Malig == 0 AND glucose_was_missing == 1 AND race_asian == 0 AND crea <= 6.67 AND bun <= 114 AND 7.77 <= edu <= 17.6 AND scoma <= 34.5 AND totcst <= 1.88e+05 AND 35.5 <= meanbp <= 129 AND dzgroup_Cirrhosis == 0 AND dzgroup_Colon Cancer == 0,0.7777818645257646
0,1,0.7777818645257646,0.9509803921568627,102,97,21,21,dnr_no dnr == 1 AND aps <= 80.6 AND urine_was_missing == 1 AND charges <= 5.05e+05 AND avtisst <= 47.2 AND 1.43 <= alb <= 11.6 AND dzclass_Cancer == 0 AND dnr_dnr after sadm == 0 AND sps <= 46 AND wblc <= 63.8 AND dzgroup_COPD == 0 AND dzgroup_Lung Cancer == 0 AND dzgroup_MOSF w/Malig == 0 AND race_other == 0 AND glucose <= 335 AND crea <= 6.67 AND diabetes == 0 AND 0.46 <= edu <= 21.5 AND totmcst <= 2.37e+05 AND 115 <= sod <= 151 AND dzgroup_Colon Cancer == 0,0.7777818645257646
0,1,0.7760211819104651,0.9505494505494505,182,173,15,15,dzgroup_Cirrhosis == 0 AND glucose <= 581 AND diabetes == 0 AND 6.26 <= edu <= 14.5 AND dnrday <= 75.1 AND dzgroup_CHF == 0 AND urine_was_missing == 1 AND dzclass_Coma == 0 AND race_other == 0 AND dnr_no dnr == 1 AND crea <= 7.15 AND sod >= 113 AND sps <= 58.5 AND wblc <= 66.2 AND ca_yes == 0,0.7760211819104651
0,1,0.7747464738628339,0.9502369668246445,422,401,22,22,glucose_was_missing == 1 AND dzgroup_CHF == 0 AND dzclass_COPD/CHF/Cirrhosis == 0 AND bili <= 23.2 AND race_hispanic == 0 AND wblc <= 71.5 AND bun_was_missing == 1 AND dzgroup_MOSF w/Malig == 0 AND dnr_dnr before sadm == 0 AND sps <= 44 AND pafi <= 485 AND alb <= 9.01 AND dnr_dnr after sadm == 0 AND avtisst <= 42.3 AND hrt <= 157 AND dnr_no dnr == 1 AND 42.8 <= meanbp <= 158 AND resp <= 36.7 AND 124 <= sod <= 155 AND totmcst <= 1.69e+05 AND race_white == 1 AND dzgroup_Colon Cancer == 0,0.7747464738628339
0,1,0.7737809374999998,0.95,20,19,16,16,charges <= 4.05e+05 AND dnr_no dnr == 1 AND income_was_missing == 0 AND hrt <= 141 AND bili <= 21.7 AND 134 <= sod <= 155 AND glucose_was_missing == 0 AND adlp_was_missing == 0 AND dzclass_Cancer == 0 AND dzgroup_Cirrhosis == 0 AND wblc <= 87.9 AND pafi <= 341 AND income == 0 AND dzgroup_COPD == 0 AND dzclass_Coma == 0 AND race_white == 0,0.7737809374999998
0,1,0.7737809374999998,0.95,40,38,13,13,dzgroup_Colon Cancer == 0 AND dementia == 0 AND race_black == 0 AND dnr_dnr before sadm == 0 AND glucose_was_missing == 0 AND race_other == 0 AND glucose <= 969 AND urine <= 5.3e+03 AND adlp_was_missing == 0 AND wblc <= 80.4 AND bun_was_missing == 0 AND race_asian == 0 AND race_hispanic == 0,0.7737809374999998
0,1,0.7737809374999998,0.95,20,19,14,14,meanbp <= 161 AND dzgroup_Lung Cancer == 0 AND race_hispanic == 0 AND dzgroup_Cirrhosis == 0 AND dzgroup_MOSF w/Malig == 0 AND dzgroup_Colon Cancer == 0 AND dzclass_COPD/CHF/Cirrhosis == 1 AND race_asian == 0 AND dementia == 0 AND alb <= 8.58 AND 7.3 <= ph <= 7.64 AND race_black == 0 AND dnr_dnr before sadm == 0 AND ca_yes == 1,0.7737809374999998
0,1,0.7737809374999998,0.95,40,38,17,17,dnr_no dnr == 1 AND scoma <= 16.5 AND glucose <= 503 AND charges <= 5.05e+05 AND wblc <= 71.5 AND race_asian == 0 AND dnr_dnr after sadm == 0 AND dzgroup_Colon Cancer == 0 AND 0.46 <= edu <= 21.5 AND totcst <= 2.11e+05 AND sps <= 48.1 AND 115 <= sod <= 151 AND bun_was_missing == 1 AND dzgroup_Lung Cancer == 0 AND dzgroup_MOSF w/Malig == 0 AND race_other == 0 AND crea <= 3.57,0.7737809374999998
0,1,0.7737809374999998,0.95,20,19,25,25,aps <= 46.8 AND 7.11 <= ph <= 7.73 AND 24.6 <= resp <= 47.4 AND avtisst <= 42.7 AND dzgroup_COPD == 0 AND dzgroup_Colon Cancer == 0 AND bun_was_missing == 1 AND urine_was_missing == 1 AND adlp_was_missing == 1 AND adlsc <= 2.84 AND dzgroup_MOSF w/Malig == 0 AND totcst <= 2.04e+05 AND dnrday <= 74 AND age >= 46.8 AND glucose <= 324 AND dzgroup_Cirrhosis == 0 AND sps <= 48 AND 36.4 <= hrt <= 141 AND alb <= 9.58 AND crea <= 6.11 AND dzgroup_Coma == 0 AND dzgroup_Lung Cancer == 0 AND dzclass_Cancer == 0 AND race_hispanic == 0 AND dnr_no dnr == 1,0.7737809374999998
0,1,0.7737809374999998,0.95,20,19,19,19,charges <= 4.05e+05 AND dnr_no dnr == 1 AND bili <= 21.7 AND adlp_was_missing == 0 AND dzgroup_Cirrhosis == 0 AND dzclass_Coma == 0 AND 345 <= urine <= 7.03e+03 AND race_other == 0 AND bun_was_missing == 0 AND aps <= 46.8 AND race_asian == 0 AND dzgroup_CHF == 0 AND sps <= 35.5 AND dementia == 0 AND 31.9 <= temp <= 39.2 AND crea <= 5.27 AND 7.3 <= ph <= 7.6 AND income_was_missing == 0 AND dnr_dnr before sadm == 0,0.7737809374999998
0,1,0.7703357918738192,0.9491525423728814,59,56,10,10,dzgroup_Lung Cancer == 0 AND race_hispanic == 0 AND charges <= 5.43e+05 AND dzclass_Cancer == 0 AND sps <= 48.1 AND 1.43 <= alb <= 11.6 AND dzgroup_COPD == 0 AND dzgroup_MOSF w/Malig == 0 AND dnr_no dnr == 1 AND crea <= 7.5,0.7703357918738192
0,2,0.38470588034229997,0.8260869565217391,23,19,17,17,dnr_dnr before sadm == 0 AND dzgroup_Cirrhosis == 0 AND charges <= 3.46e+05 AND dzgroup_CHF == 0 AND race_asian == 0 AND dementia == 0 AND dzclass_Cancer == 1 AND 38.6 <= hrt <= 226 AND bun <= 143 AND ca_no == 0 AND sps <= 67.6 AND totmcst <= 1.71e+05 AND 11.1 <= aps <= 65.5 AND diabetes == 0 AND pafi <= 438 AND bili <= 16.9 AND urine_was_missing == 0,0.7694117606845999
0,1,0.7685738168758914,0.9487179487179487,39,37,19,19,dzgroup_Coma == 0 AND race_other == 0 AND urine_was_missing == 0 AND 1.94 <= edu <= 13.9 AND bili <= 16.9 AND glucose <= 573 AND dnr_dnr after sadm == 0 AND dzgroup_Cirrhosis == 0 AND dnr_dnr before sadm == 0 AND charges <= 4.09e+05 AND num_co == 1 AND income == 1 AND dzgroup_Lung Cancer == 0 AND dzgroup_MOSF w/Malig == 0 AND race_hispanic == 0 AND dnr_no dnr == 1 AND totmcst <= 2.91e+05 AND dementia == 0 AND dzclass_Coma == 0,0.7685738168758914
0,1,0.7655767303056724,0.9479768786127167,173,164,13,13,scoma <= 24 AND glucose <= 969 AND race_other == 0 AND 7.77 <= edu <= 28.2 AND avtisst <= 36.5 AND pafi <= 533 AND glucose_was_missing == 0 AND adlp == 1 AND dementia == 0 AND urine <= 5.3e+03 AND adlp_was_missing == 0 AND bili <= 12.9 AND race_black == 0,0.7655767303056724
0,1,0.7631229607539922,0.9473684210526315,38,36,21,21,dzgroup_Cirrhosis == 0 AND race_other == 0 AND avtisst <= 42.3 AND meanbp <= 169 AND glucose <= 581 AND dnrday <= 75.1 AND dnr_dnr after sadm == 0 AND wblc <= 63.8 AND race_white == 1 AND ca_yes == 0 AND sod <= 149 AND crea <= 7.15 AND dzgroup_CHF == 0 AND race_hispanic == 0 AND 1.22 <= aps <= 78.8 AND income_was_missing == 1 AND dzgroup_Lung Cancer == 0 AND dzgroup_MOSF w/Malig == 0 AND dzclass_Cancer == 0 AND ca_no == 1 AND income == 1,0.7631229607539922
0,1,0.7631229607539922,0.9473684210526315,19,18,21,21,dnr_dnr before sadm == 0 AND dzgroup_COPD == 0 AND 1.49 <= edu <= 26.7 AND dzgroup_MOSF w/Malig == 0 AND dzclass_Cancer == 0 AND totmcst <= 2.97e+05 AND resp <= 51.3 AND adlp == 0 AND income_was_missing == 0 AND dzgroup_Coma == 0 AND dnr_dnr after sadm == 0 AND income == 0 AND 20.3 <= glucose <= 503 AND urine <= 5.06e+03 AND dzgroup_CHF == 1 AND dzgroup_Cirrhosis == 0 AND dzgroup_Colon Cancer == 0 AND dzclass_Coma == 0 AND ca_yes == 0 AND scoma <= 36 AND crea <= 6.24,0.7631229607539922
0,1,0.7631229607539922,0.9473684210526315,19,18,19,19,dementia == 0 AND 1.87 <= sps <= 49.7 AND glucose <= 340 AND dzgroup_Coma == 0 AND sod >= 117 AND 36.4 <= hrt <= 181 AND 69.3 <= meanbp <= 157 AND bili <= 22.9 AND dzclass_COPD/CHF/Cirrhosis == 1 AND 113 <= pafi <= 335 AND alb <= 13.1 AND race_asian == 0 AND dnr_dnr after sadm == 0 AND dzgroup_Colon Cancer == 0 AND adlp_was_missing == 0 AND dzgroup_MOSF w/Malig == 0 AND race_black == 1 AND adlp == 0 AND dnr_dnr before sadm == 0,0.7631229607539922
0,1,0.7631229607539922,0.9473684210526315,19,18,14,14,race_other == 0 AND dzgroup_COPD == 0 AND dzgroup_Lung Cancer == 0 AND race_asian == 0 AND race_white == 1 AND dnr_dnr before sadm == 0 AND 22.9 <= age <= 86.7 AND dzclass_Cancer == 0 AND resp <= 34.9 AND bili <= 18.5 AND glucose <= 513 AND adlp == 2 AND 34.8 <= temp <= 37.5 AND adlp_was_missing == 0,0.7631229607539922
0,1,0.7631229607539922,0.9473684210526315,19,18,25,25,race_other == 0 AND bili <= 24 AND race_asian == 0 AND sex == 0 AND totmcst <= 2.37e+05 AND dzgroup_MOSF w/Malig == 0 AND dzclass_COPD/CHF/Cirrhosis == 1 AND dzclass_Cancer == 0 AND dzclass_Coma == 0 AND race_white == 0 AND dnr_no dnr == 1 AND sps <= 63.6 AND diabetes == 0 AND dementia == 0 AND resp <= 47.4 AND crea <= 6.86 AND bun_was_missing == 1 AND adlp_was_missing == 0 AND adlsc <= 2.51 AND dzgroup_Colon Cancer == 0 AND dnr_dnr after sadm == 0 AND scoma <= 36.5 AND avtisst <= 49.2 AND 22.3 <= meanbp <= 112 AND bun <= 116,0.7631229607539922
0,1,0.7631229607539922,0.9473684210526315,76,72,19,19,dzgroup_Cirrhosis == 0 AND crea <= 6.88 AND totcst <= 1.5e+05 AND avtisst <= 36.5 AND 37.4 <= hrt <= 217 AND 256 <= pafi <= 496 AND dementia == 0 AND resp <= 40.2 AND dzgroup_Colon Cancer == 0 AND dzgroup_MOSF w/Malig == 0 AND dnrday <= 75.1 AND wblc <= 72.2 AND alb <= 9.58 AND bili <= 22.6 AND bun <= 113 AND race_other == 0 AND sps <= 49.9 AND income == 0 AND dnr_dnr after sadm == 0,0.7631229607539922
0,1,0.7631229607539922,0.9473684210526315,38,36,16,16,dnr_dnr after sadm == 0 AND totmcst <= 2.62e+05 AND scoma <= 36.5 AND glucose_was_missing == 0 AND alb <= 9.58 AND avtisst <= 42.8 AND race_asian == 0 AND dnr_dnr before sadm == 0 AND 7.11 <= ph <= 7.73 AND glucose <= 508 AND dzgroup_COPD == 0 AND race_black == 1 AND race_white == 0 AND dnr_no dnr == 1 AND dzgroup_Colon Cancer == 0 AND dzclass_Cancer == 0,0.7631229607539922
0,1,0.7631229607539922,0.9473684210526315,19,18,18,18,dzgroup_Cirrhosis == 0 AND bun_was_missing == 0 AND 1.94 <= edu <= 22.2 AND scoma <= 34.5 AND dementia == 0 AND temp >= 33.5 AND avtisst <= 25.3 AND 7.9 <= meanbp <= 136 AND resp <= 42.1 AND dzgroup_Lung Cancer == 0 AND race_black == 0 AND race_other == 0 AND dnr_dnr after sadm == 0 AND totmcst <= 2.62e+05 AND wblc <= 69.8 AND dnr_dnr before sadm == 0 AND urine_was_missing == 0 AND ca_yes == 1,0.7631229607539922
0,1,0.7631229607539922,0.9473684210526315,19,18,15,15,race_other == 0 AND dzgroup_COPD == 0 AND dzgroup_Lung Cancer == 0 AND race_asian == 0 AND race_white == 1 AND dnr_dnr before sadm == 0 AND 22.9 <= age <= 86.7 AND dzclass_Cancer == 0 AND resp <= 34.9 AND bili <= 18.5 AND glucose <= 513 AND adlp == 2 AND 122 <= sod <= 146 AND dzgroup_Cirrhosis == 0 AND dzgroup_Coma == 0,0.7631229607539922
0,1,0.7608705332802382,0.9468085106382979,94,89,15,15,glucose_was_missing == 1 AND race_other == 0 AND dnr_no dnr == 1 AND totcst <= 2.11e+05 AND sps <= 46 AND dzgroup_COPD == 0 AND dzgroup_MOSF w/Malig == 0 AND avtisst <= 47.2 AND 47 <= meanbp <= 161 AND wblc <= 71.5 AND dnr_dnr after sadm == 0 AND dzgroup_Lung Cancer == 0 AND aps <= 80.6 AND glucose <= 335 AND urine_was_missing == 1,0.7608705332802382
0,1,0.7603007635489711,0.9466666666666667,375,355,16,16,dzgroup_Cirrhosis == 0 AND dementia == 0 AND race_other == 0 AND meanbp <= 161 AND glucose <= 508 AND dnr_dnr after sadm == 0 AND race_white == 1 AND dnr_no dnr == 1 AND scoma <= 34.5 AND diabetes == 0 AND 32.7 <= temp <= 39.4 AND bili <= 23.2 AND urine <= 5.3e+03 AND race_asian == 0 AND race_hispanic == 0 AND bun <= 111,0.7603007635489711
0,1,0.7593451317397744,0.9464285714285714,56,53,19,19,race_other == 0 AND 0.375 <= edu <= 26.7 AND race_asian == 0 AND avtisst <= 28.4 AND dementia == 0 AND adlp == 0 AND dzgroup_Cirrhosis == 0 AND dnr_dnr before sadm == 0 AND 133 <= sod <= 169 AND 7.3 <= ph <= 7.64 AND dzgroup_Lung Cancer == 0 AND charges <= 3.97e+05 AND bili <= 22.6 AND 345 <= urine <= 3.58e+03 AND wblc <= 83.6 AND 34.1 <= temp <= 39.6 AND glucose <= 487 AND race_hispanic == 0 AND glucose_was_missing == 1,0.7593451317397744
0,1,0.7587038290920695,0.9462686567164179,335,317,18,18,edu >= 1.94 AND charges <= 4.31e+05 AND totcst <= 1.06e+05 AND scoma <= 32 AND sps <= 44 AND 11.1 <= aps <= 58.6 AND dzgroup_Cirrhosis == 0 AND bun_was_missing == 0 AND dzgroup_CHF == 0 AND 131 <= sod <= 151 AND 7.07 <= ph <= 7.75 AND wblc <= 72.2 AND urine_was_missing == 0 AND dzgroup_Lung Cancer == 0 AND race_white == 1 AND dnr_dnr after sadm == 0 AND glucose_was_missing == 0 AND urine <= 3.42e+03,0.7587038290920695
0,1,0.7578002825331077,0.9460431654676259,278,263,13,13,dnr_dnr after sadm == 0 AND 24.3 <= bun <= 84 AND dzgroup_CHF == 0 AND dnr_dnr before sadm == 0 AND alb <= 7.08 AND 7.07 <= ph <= 7.73 AND dzclass_Coma == 0 AND scoma <= 34.5 AND charges <= 4.16e+05 AND meanbp <= 169 AND glucose <= 581 AND dzgroup_COPD == 0 AND race_other == 0,0.7578002825331077
0,1,0.7574109882422775,0.9459459459459459,37,35,15,15,diabetes == 0 AND aps <= 71.4 AND bun_was_missing == 0 AND urine_was_missing == 0 AND 1.94 <= edu <= 21.6 AND bili <= 16.9 AND race_asian == 0 AND dnr_dnr after sadm == 0 AND alb <= 12.5 AND 4.56 <= avtisst <= 29.9 AND adlp == 0 AND dnr_dnr before sadm == 0 AND charges <= 2.05e+05 AND num_co == 1 AND dzgroup_MOSF w/Malig == 0,0.7574109882422775
1,1,0.7574109882422775,0.9459459459459459,37,35,20,20,dzgroup_Cirrhosis == 0 AND dzclass_Coma == 0 AND race_hispanic == 0 AND dnr_dnr after sadm == 1 AND dnr_no dnr == 0 AND totcst <= 1.97e+05 AND dzgroup_Coma == 0 AND dementia == 0 AND adlp == 0 AND dzclass_Cancer == 0 AND dnr_dnr before sadm == 0 AND 45 <= age <= 81.9 AND 29.1 <= avtisst <= 62.9 AND diabetes == 0 AND alb <= 10.6 AND dnrday <= 75.4 AND 7.5 <= edu <= 16.5 AND 14.8 <= resp <= 41.2 AND dzgroup_MOSF w/Malig == 0 AND ca_yes == 0,0.7574109882422775
0,1,0.7574109882422775,0.9459459459459459,37,35,17,17,dzclass_Coma == 0 AND dnr_dnr before sadm == 0 AND 4.71 <= edu <= 26.7 AND adlp_was_missing == 0 AND dnr_no dnr == 1 AND sps <= 35.5 AND dzgroup_CHF == 0 AND dzgroup_Colon Cancer == 0 AND dzclass_Cancer == 0 AND 44 <= age <= 81.1 AND dementia == 0 AND wblc <= 66.5 AND adls == 0 AND dzgroup_COPD == 0 AND race_asian == 0 AND diabetes == 0 AND glucose_was_missing == 1,0.7574109882422775
0,1,0.755862091034538,0.9455587392550143,349,330,15,15,2.52 <= avtisst <= 29.5 AND 47 <= meanbp <= 161 AND 8.02 <= hrt <= 117 AND 6.16 <= resp <= 37.8 AND 39.7 <= pafi <= 408 AND crea <= 7.72 AND income == 1 AND dzgroup_MOSF w/Malig == 0 AND scoma <= 25 AND 35.1 <= temp <= 37.6 AND sod <= 165 AND dzgroup_COPD == 0 AND dzgroup_Coma == 0 AND dzgroup_Cirrhosis == 0 AND 190 <= urine <= 4.78e+03,0.755862091034538
0,1,0.7552370201356876,0.9454022988505747,348,329,16,16,2.52 <= avtisst <= 29.5 AND 47 <= meanbp <= 161 AND 8.02 <= hrt <= 117 AND 6.16 <= resp <= 37.8 AND 39.7 <= pafi <= 408 AND crea <= 7.72 AND income == 1 AND dzgroup_MOSF w/Malig == 0 AND scoma <= 25 AND 35.1 <= temp <= 37.6 AND sod <= 165 AND dzgroup_COPD == 0 AND dzgroup_Coma == 0 AND dzgroup_Cirrhosis == 0 AND 190 <= urine <= 4.78e+03 AND bun <= 128,0.7552370201356876
0,1,0.7544511990233036,0.9452054794520548,146,138,17,17,dnr_no dnr == 1 AND charges <= 4.27e+05 AND dzgroup_CHF == 0 AND alb <= 11.4 AND 7.18 <= ph <= 7.66 AND 1.52 <= avtisst <= 37.3 AND adlp == 0 AND totmcst <= 2.24e+05 AND meanbp <= 140 AND income_was_missing == 0 AND glucose_was_missing == 1 AND diabetes == 0 AND 20.7 <= hrt <= 125 AND 6.36 <= resp <= 43.4 AND 33.4 <= temp <= 38.7 AND dzgroup_Colon Cancer == 0 AND dzgroup_Lung Cancer == 0,0.7544511990233036
0,1,0.7538506169816218,0.945054945054945,91,86,18,18,race_other == 0 AND alb <= 14.7 AND dnr_dnr before sadm == 0 AND dzgroup_Cirrhosis == 0 AND charges <= 3.46e+05 AND dementia == 0 AND bun_was_missing == 0 AND dzclass_Cancer == 1 AND 7.29 <= ph <= 7.53 AND 18.6 <= age <= 69.7 AND dnrday <= 51.9 AND 33.6 <= temp <= 38.4 AND 74.2 <= pafi <= 640 AND glucose_was_missing == 0 AND bun <= 75.3 AND dzgroup_COPD == 0 AND dzclass_COPD/CHF/Cirrhosis == 0 AND ca_no == 0,0.7538506169816218
0,1,0.7514188428254499,0.9444444444444444,18,17,15,15,race_other == 0 AND wblc <= 87.9 AND diabetes == 1 AND resp <= 57.5 AND bili <= 18.5 AND charges <= 4.31e+05 AND adlp_was_missing == 0 AND race_asian == 0 AND avtisst <= 42.3 AND 32.8 <= temp <= 39.7 AND dnr_dnr before sadm == 0 AND totmcst <= 1.51e+05 AND 45.4 <= pafi <= 303 AND glucose_was_missing == 1 AND ca_yes == 0,0.7514188428254499
1,1,0.7514188428254499,0.9444444444444444,18,17,21,21,dzgroup_Cirrhosis == 0 AND dzclass_Coma == 0 AND race_hispanic == 0 AND dnr_dnr after sadm == 1 AND scoma <= 39.5 AND avtisst >= 23.5 AND urine <= 3.4e+03 AND dementia == 0 AND dzclass_Cancer == 0 AND dnr_dnr before sadm == 0 AND dzgroup_Colon Cancer == 0 AND ca_yes == 0 AND wblc <= 51.5 AND age <= 73.7 AND 7.5 <= edu <= 19.9 AND resp <= 57.1 AND crea <= 6.12 AND sod <= 156 AND adlp == 0 AND dzgroup_MOSF w/Malig == 0 AND race_other == 0,0.7514188428254499
0,1,0.7514188428254499,0.9444444444444444,18,17,18,18,charges <= 4.67e+05 AND dzgroup_Coma == 0 AND race_other == 0 AND dzgroup_MOSF w/Malig == 0 AND 1.87 <= sps <= 35.5 AND dzclass_Coma == 0 AND dnr_dnr before sadm == 0 AND avtisst <= 41.8 AND dzgroup_Colon Cancer == 0 AND race_white == 0 AND bun_was_missing == 0 AND aps <= 50.9 AND bili <= 11.6 AND 126 <= sod <= 152 AND dzgroup_Cirrhosis == 0 AND race_black == 1 AND ca_no == 0 AND dementia == 0,0.7514188428254499
0,1,0.7514188428254499,0.9444444444444444,18,17,20,20,dnr_dnr after sadm == 0 AND dementia == 0 AND race_hispanic == 0 AND avtisst <= 42.3 AND dnrday <= 112 AND bun_was_missing == 1 AND dzgroup_CHF == 0 AND 23.8 <= age <= 86 AND totcst <= 1.7e+05 AND pafi <= 511 AND crea <= 7.3 AND aps <= 92.6 AND dzclass_Cancer == 0 AND num_co == 2 AND wblc <= 50.5 AND bun <= 113 AND dzclass_COPD/CHF/Cirrhosis == 1 AND resp <= 59.2 AND urine_was_missing == 1 AND income == 0,0.7514188428254499
0,1,0.7514188428254499,0.9444444444444444,18,17,11,11,7.09 <= ph <= 7.64 AND dzgroup_Lung Cancer == 0 AND race_hispanic == 0 AND wblc <= 69.8 AND 0.904 <= adlsc <= 3.1 AND dzclass_COPD/CHF/Cirrhosis == 1 AND race_black == 0 AND charges <= 5.43e+05 AND dzgroup_Colon Cancer == 0 AND dzclass_Cancer == 0 AND dnrday <= 71.5,0.7514188428254499
0,1,0.7514188428254499,0.9444444444444444,18,17,21,21,dzclass_Coma == 0 AND dnr_dnr after sadm == 0 AND wblc <= 42.3 AND 0.134 <= bili <= 16.9 AND aps <= 46.8 AND edu <= 26.7 AND dementia == 0 AND glucose_was_missing == 0 AND dzgroup_Coma == 0 AND race_hispanic == 0 AND urine <= 3.68e+03 AND totcst <= 2.17e+05 AND dnr_dnr before sadm == 1 AND totmcst <= 2.72e+05 AND 20.3 <= glucose <= 340 AND dzgroup_Colon Cancer == 0 AND dzgroup_MOSF w/Malig == 0 AND dzclass_Cancer == 0 AND race_white == 1 AND ca_yes == 0 AND urine_was_missing == 0,0.7514188428254499
0,1,0.7514188428254499,0.9444444444444444,180,170,16,16,dzgroup_Cirrhosis == 0 AND dementia == 0 AND race_other == 0 AND meanbp <= 161 AND glucose <= 314 AND 7.11 <= ph <= 7.73 AND dnr_dnr after sadm == 0 AND wblc <= 63.8 AND race_white == 1 AND sod <= 149 AND 12.6 <= sps <= 43.2 AND urine <= 4.52e+03 AND adlsc <= 1.58 AND dzclass_COPD/CHF/Cirrhosis == 0 AND totcst <= 1.54e+05 AND dzclass_Coma == 0,0.7514188428254499
0,1,0.7472581728660572,0.9433962264150944,53,50,17,17,dnr_dnr before sadm == 0 AND dzclass_Cancer == 0 AND bili <= 18.5 AND race_other == 0 AND dnr_dnr after sadm == 0 AND dzgroup_Cirrhosis == 0 AND dzgroup_MOSF w/Malig == 0 AND 18.3 <= aps <= 46.8 AND income == 1 AND 5.96 <= edu <= 18 AND wblc <= 53.4 AND glucose <= 392 AND dzgroup_CHF == 0 AND dzgroup_COPD == 0 AND dzgroup_Colon Cancer == 0 AND alb <= 5.49 AND adlp_was_missing == 1,0.7472581728660572
0,1,0.7472581728660572,0.9433962264150944,53,50,16,16,dementia == 0 AND 7.2 <= ph <= 7.64 AND race_other == 0 AND scoma <= 24 AND glucose <= 969 AND urine <= 5.3e+03 AND adlp_was_missing == 0 AND crea <= 7.5 AND aps <= 46.8 AND dzgroup_Cirrhosis == 0 AND dzgroup_Lung Cancer == 0 AND race_hispanic == 0 AND 28.1 <= age <= 74.1 AND alb <= 8.95 AND wblc <= 48.3 AND 121 <= sod <= 157,0.7472581728660572
0,1,0.7451255881477955,0.9428571428571428,70,66,19,19,dzclass_COPD/CHF/Cirrhosis == 1 AND dzgroup_Cirrhosis == 0 AND dzclass_Cancer == 0 AND dzgroup_Colon Cancer == 0 AND dzgroup_Coma == 0 AND race_white == 1 AND alb <= 8.58 AND sex == 1 AND race_hispanic == 0 AND wblc <= 54.7 AND adlp == 0 AND dnr_dnr before sadm == 0 AND age >= 43.4 AND charges <= 4.31e+05 AND crea <= 5.27 AND 7.3 <= ph <= 7.64 AND dzclass_Coma == 0 AND race_asian == 0 AND 3.98 <= hrt <= 116,0.7451255881477955
0,1,0.744406771311363,0.9426751592356688,157,148,15,15,dnr_dnr after sadm == 0 AND dzgroup_Coma == 0 AND dementia == 0 AND dnr_no dnr == 1 AND alb <= 6.15 AND adlsc <= 1.13 AND diabetes == 0 AND bili <= 23.2 AND race_hispanic == 0 AND pafi <= 511 AND sex == 1 AND dzgroup_Cirrhosis == 0 AND bun_was_missing == 0 AND dzgroup_MOSF w/Malig == 0 AND race_black == 0,0.744406771311363
0,1,0.7438288157714563,0.9425287356321839,87,82,23,23,dnr_no dnr == 1 AND aps <= 80.6 AND bun_was_missing == 1 AND urine_was_missing == 1 AND charges <= 5.05e+05 AND avtisst <= 47.2 AND 1.43 <= alb <= 11.6 AND 115 <= sod <= 151 AND dzclass_Cancer == 0 AND dnr_dnr after sadm == 0 AND totmcst <= 2.37e+05 AND sps <= 46 AND wblc <= 63.8 AND 36.1 <= temp <= 41.6 AND urine <= 5.06e+03 AND dzgroup_COPD == 0 AND dzgroup_Cirrhosis == 0 AND dzgroup_Colon Cancer == 0 AND dzgroup_Lung Cancer == 0 AND dzgroup_MOSF w/Malig == 0 AND race_other == 0 AND 0.46 <= edu <= 21.5 AND glucose <= 335,0.7438288157714563
0,1,0.7435025750678066,0.9424460431654677,139,131,14,14,race_other == 0 AND dzgroup_Cirrhosis == 0 AND race_hispanic == 0 AND bun_was_missing == 0 AND aps <= 46.8 AND dementia == 0 AND crea <= 6.75 AND glucose <= 513 AND dzgroup_COPD == 0 AND dzgroup_Coma == 0 AND dzgroup_Lung Cancer == 0 AND race_asian == 0 AND wblc <= 80.4 AND adlp_was_missing == 0,0.7435025750678066
0,1,0.7429570052534319,0.9423076923076923,52,49,17,17,scoma <= 34.5 AND dementia == 0 AND dnr_dnr after sadm == 0 AND dzgroup_Cirrhosis == 0 AND race_hispanic == 0 AND dnr_dnr before sadm == 0 AND dzgroup_CHF == 0 AND glucose_was_missing == 0 AND crea <= 6.74 AND sex == 1 AND edu <= 22.4 AND 33.5 <= temp <= 41.2 AND bun_was_missing == 0 AND adlp == 0 AND race_asian == 0 AND num_co == 2 AND race_black == 0,0.7429570052534319
0,1,0.7429570052534319,0.9423076923076923,52,49,17,17,dnr_no dnr == 1 AND resp <= 51.3 AND glucose <= 340 AND bun_was_missing == 1 AND urine_was_missing == 1 AND adlp == 0 AND charges <= 5.05e+05 AND alb <= 11.6 AND 115 <= sod <= 151 AND dzclass_Cancer == 0 AND ca_no == 1 AND dnr_dnr after sadm == 0 AND diabetes == 0 AND bun <= 114 AND dzgroup_COPD == 0 AND dzgroup_Lung Cancer == 0 AND dzgroup_MOSF w/Malig == 0,0.7429570052534319
0,1,0.7429570052534319,0.9423076923076923,104,98,15,15,scoma <= 24 AND glucose <= 969 AND race_other == 0 AND 7.77 <= edu <= 28.2 AND avtisst <= 36.5 AND pafi <= 533 AND glucose_was_missing == 0 AND adlp == 1 AND dementia == 0 AND urine <= 5.3e+03 AND adlp_was_missing == 0 AND bili <= 12.9 AND race_black == 0 AND 61.7 <= age <= 90.2 AND totmcst <= 1.44e+05,0.7429570052534319
0,1,0.7411956096375363,0.9418604651162791,516,486,20,20,dnr_dnr after sadm == 0 AND crea <= 5.92 AND bun <= 70.8 AND dzgroup_Lung Cancer == 0 AND dzgroup_CHF == 0 AND dzclass_Cancer == 0 AND race_other == 0 AND 7.9 <= meanbp <= 169 AND bili <= 16.9 AND 7.11 <= ph <= 7.71 AND income_was_missing == 0 AND dzgroup_MOSF w/Malig == 0 AND wblc <= 69.8 AND dzgroup_Cirrhosis == 0 AND dnr_dnr before sadm == 0 AND scoma <= 24 AND adlsc <= 1.2 AND dzgroup_Colon Cancer == 0 AND dzgroup_Coma == 0 AND aps <= 82.1,0.7411956096375363
0,1,0.7407515140183966,0.941747572815534,103,97,20,20,dnr_dnr after sadm == 0 AND income_was_missing == 0 AND dzgroup_Coma == 0 AND dzgroup_Colon Cancer == 0 AND dzclass_COPD/CHF/Cirrhosis == 0 AND adlsc <= 4.58 AND race_other == 0 AND charges <= 4.09e+05 AND avtisst <= 41.8 AND 34.9 <= temp <= 38.2 AND totmcst <= 2.97e+05 AND 42.8 <= meanbp <= 135 AND 17.3 <= resp <= 53.2 AND crea <= 7.64 AND sod <= 155 AND dzgroup_Lung Cancer == 0 AND ca_no == 1 AND dnrday <= 80.2 AND dzgroup_Cirrhosis == 0 AND race_asian == 0,0.7407515140183966
0,1,0.7385081737104511,0.9411764705882353,17,16,25,25,race_asian == 0 AND adlp_was_missing == 0 AND dnr_no dnr == 1 AND totcst <= 2.11e+05 AND sps <= 48.1 AND dzgroup_COPD == 0 AND dzgroup_MOSF w/Malig == 0 AND race_hispanic == 0 AND ca_yes == 0 AND scoma <= 34.5 AND dzgroup_Coma == 0 AND dzclass_COPD/CHF/Cirrhosis == 1 AND ph >= 7.15 AND adlsc <= 1.8 AND age >= 44.6 AND totmcst <= 2.55e+05 AND wblc <= 71.5 AND 36.4 <= hrt <= 211 AND 3.96 <= resp <= 51.3 AND pafi <= 512 AND glucose <= 502 AND dzclass_Cancer == 0 AND race_white == 1 AND avtisst <= 43.2 AND race_black == 0,0.7385081737104511
1,1,0.7385081737104511,0.9411764705882353,17,16,18,18,dzgroup_MOSF w/Malig == 0 AND dzgroup_Cirrhosis == 0 AND avtisst >= 31 AND totmcst <= 2.74e+05 AND adlp == 0 AND adlp_was_missing == 1 AND dzclass_Cancer == 0 AND 21.6 <= hrt <= 208 AND dnr_no dnr == 0 AND dnrday <= 71.1 AND totcst <= 2.31e+05 AND 118 <= sod <= 156 AND 4.09 <= edu <= 19.9 AND race_black == 0 AND scoma >= 52.5 AND urine <= 4.58e+03 AND race_hispanic == 0 AND dnr_dnr after sadm == 1,0.7385081737104511
1,1,0.7385081737104511,0.9411764705882353,17,16,21,21,crea <= 6.12 AND bun <= 103 AND dzgroup_Colon Cancer == 0 AND dzclass_Cancer == 0 AND dementia == 0 AND dzgroup_MOSF w/Malig == 0 AND dnr_dnr before sadm == 0 AND dnr_no dnr == 0 AND wblc <= 51.5 AND sod <= 156 AND age <= 73.7 AND avtisst >= 31 AND dzgroup_CHF == 0 AND dzclass_Coma == 0 AND ca_yes == 0 AND adlp == 0 AND dzgroup_Cirrhosis == 0 AND urine <= 3.4e+03 AND scoma <= 39.5 AND resp <= 57.1 AND race_other == 0,0.7385081737104511
1,1,0.7385081737104511,0.9411764705882353,17,16,16,16,avtisst >= 23.5 AND dnr_dnr after sadm == 1 AND aps <= 101 AND adlp == 0 AND dzgroup_COPD == 0 AND totcst <= 1.58e+05 AND glucose_was_missing == 1 AND dzgroup_Colon Cancer == 0 AND bun <= 113 AND charges <= 4.58e+05 AND 42.8 <= pafi <= 557 AND dzclass_Cancer == 0 AND ca_yes == 0 AND hrt <= 140 AND 63 <= age <= 97.3 AND dzgroup_Cirrhosis == 0,0.7385081737104511
0,1,0.7385081737104511,0.9411764705882353,17,16,21,21,57.9 <= hrt <= 140 AND dnr_dnr before sadm == 0 AND scoma <= 34.5 AND totmcst <= 2.62e+05 AND dzgroup_Lung Cancer == 0 AND dzclass_Coma == 0 AND glucose_was_missing == 0 AND income_was_missing == 1 AND dzgroup_Cirrhosis == 0 AND dzclass_Cancer == 0 AND race_hispanic == 0 AND income == 1 AND 25.8 <= age <= 81.1 AND totcst <= 1.7e+05 AND avtisst <= 42.7 AND 134 <= sod <= 154 AND 7.11 <= ph <= 7.73 AND glucose <= 513 AND bun_was_missing == 0 AND dzgroup_CHF == 0 AND dzclass_COPD/CHF/Cirrhosis == 1,0.7385081737104511
0,1,0.7385081737104511,0.9411764705882353,17,16,12,12,race_asian == 0 AND adlp_was_missing == 0 AND glucose_was_missing == 1 AND dzgroup_Coma == 0 AND avtisst <= 47.2 AND income_was_missing == 0 AND urine_was_missing == 1 AND wblc <= 40.6 AND dzclass_COPD/CHF/Cirrhosis == 1 AND totcst <= 1.62e+05 AND dzgroup_COPD == 0 AND dnr_dnr before sadm == 0,0.7385081737104511
0,1,0.7385081737104511,0.9411764705882353,17,16,21,21,1 <= sps <= 60.4 AND 61.1 <= meanbp <= 177 AND 7.08 <= ph <= 7.75 AND glucose_was_missing == 0 AND bun <= 105 AND income_was_missing == 0 AND dzgroup_Cirrhosis == 0 AND dzgroup_Colon Cancer == 0 AND dzgroup_Lung Cancer == 0 AND dzclass_Cancer == 0 AND ca_yes == 0 AND dnr_dnr after sadm == 0 AND dnr_no dnr == 1 AND bun_was_missing == 0 AND dzclass_Coma == 0 AND race_other == 0 AND charges <= 4.27e+05 AND bili <= 28.5 AND ca_no == 1 AND 33.5 <= age <= 64.5 AND race_asian == 0,0.7385081737104511
1,1,0.7385081737104511,0.9411764705882353,17,16,19,19,dzgroup_COPD == 0 AND dnrday <= 49.6 AND dementia == 0 AND bun <= 119 AND avtisst >= 23.5 AND race_hispanic == 0 AND scoma <= 37 AND dzgroup_Colon Cancer == 0 AND dnr_dnr after sadm == 1 AND income_was_missing == 1 AND race_asian == 0 AND crea <= 3.38 AND totmcst <= 1.29e+05 AND 9.95 <= sps <= 60.4 AND wblc <= 43.8 AND hrt <= 197 AND 7 <= ph <= 7.62 AND race_black == 0 AND adlp_was_missing == 1,0.7385081737104511
0,1,0.7385081737104511,0.9411764705882353,51,48,11,11,dzgroup_Lung Cancer == 0 AND race_hispanic == 0 AND charges <= 5.43e+05 AND dzclass_Cancer == 0 AND sps <= 48.1 AND 1.43 <= alb <= 11.6 AND dzgroup_COPD == 0 AND dzgroup_MOSF w/Malig == 0 AND dnr_no dnr == 1 AND crea <= 7.5 AND pafi <= 464,0.7385081737104511
0,1,0.7365544494785037,0.940677966101695,118,111,11,11,totcst <= 8.4e+04 AND dnr_no dnr == 1 AND avtisst <= 36.5 AND race_black == 0 AND 7.9 <= meanbp <= 169 AND race_hispanic == 0 AND glucose <= 624 AND adlp == 0 AND adlsc <= 2.66 AND dzclass_Coma == 0 AND bili <= 18.2,0.7365544494785037
0,1,0.7343716558895946,0.9401197604790419,167,157,22,22,race_other == 0 AND totmcst <= 2.62e+05 AND dzgroup_Cirrhosis == 0 AND bun_was_missing == 0 AND 29.8 <= meanbp <= 169 AND race_black == 0 AND adlp == 0 AND dzgroup_COPD == 0 AND sps <= 45.1 AND dementia == 0 AND bili <= 23.2 AND race_white == 1 AND crea <= 6.75 AND charges <= 4.27e+05 AND wblc <= 71.5 AND 33.4 <= hrt <= 152 AND 24.5 <= glucose <= 497 AND dzclass_Cancer == 0 AND dzclass_Coma == 0 AND ca_yes == 0 AND dnr_no dnr == 1 AND 5.04 <= resp <= 35,0.7343716558895946
0,1,0.734300427285641,0.9401015228426396,985,926,16,16,dnr_dnr after sadm == 0 AND race_other == 0 AND dzgroup_Colon Cancer == 0 AND dzgroup_Cirrhosis == 0 AND aps <= 46.8 AND wblc <= 53.4 AND dzgroup_Lung Cancer == 0 AND glucose <= 392 AND bun <= 129 AND dzgroup_COPD == 0 AND totmcst <= 2.62e+05 AND dzgroup_MOSF w/Malig == 0 AND 5.96 <= edu <= 18 AND dzgroup_CHF == 0 AND 36.4 <= temp <= 41.1 AND dzclass_Cancer == 0,0.734300427285641
0,1,0.7326655751251594,0.9396825396825397,315,296,13,13,race_other == 0 AND totmcst <= 2.62e+05 AND scoma <= 21.2 AND dzgroup_Cirrhosis == 0 AND race_hispanic == 0 AND bun_was_missing == 0 AND aps <= 46.8 AND dementia == 0 AND crea <= 6.75 AND totcst <= 1.5e+05 AND avtisst <= 36.5 AND resp <= 40.2 AND dzgroup_Colon Cancer == 0,0.7326655751251594
0,1,0.7324320934268893,0.939622641509434,265,249,14,14,dnr_dnr before sadm == 0 AND avtisst <= 42.7 AND glucose_was_missing == 0 AND totcst <= 1.06e+05 AND 35.5 <= meanbp <= 129 AND adlp_was_missing == 0 AND income == 1 AND 7.11 <= ph <= 7.73 AND bun_was_missing == 0 AND dementia == 0 AND 10.4 <= resp <= 45.6 AND dzgroup_Cirrhosis == 0 AND dzgroup_Lung Cancer == 0 AND dzclass_Coma == 0,0.7324320934268893
0,1,0.731541165307833,0.9393939393939394,33,31,23,23,36.4 <= hrt <= 211 AND dnr_dnr before sadm == 0 AND wblc <= 66.8 AND race_white == 1 AND ca_yes == 0 AND crea <= 11.9 AND sod <= 155 AND 4.64 <= edu <= 17.4 AND meanbp <= 131 AND adlp_was_missing == 0 AND sps <= 49.7 AND income_was_missing == 0 AND dnrday <= 114 AND totcst <= 2.11e+05 AND adlsc <= 1.34 AND dzgroup_COPD == 0 AND dzgroup_MOSF w/Malig == 0 AND race_black == 0 AND race_hispanic == 0 AND 38.3 <= age <= 96.9 AND resp <= 39.7 AND bun <= 115 AND adls == 1,0.731541165307833
0,1,0.731541165307833,0.9393939393939394,33,31,17,17,dnr_dnr after sadm == 0 AND race_hispanic == 0 AND scoma <= 34.5 AND race_other == 0 AND dnr_dnr before sadm == 0 AND dzgroup_MOSF w/Malig == 0 AND sex == 1 AND avtisst <= 42.3 AND dementia == 0 AND dnr_no dnr == 1 AND charges <= 5.19e+05 AND crea <= 7.4 AND dzgroup_COPD == 0 AND dzclass_Cancer == 0 AND ca_no == 0 AND bun_was_missing == 1 AND dzclass_COPD/CHF/Cirrhosis == 0,0.731541165307833
0,1,0.731541165307833,0.9393939393939394,66,62,19,19,dzgroup_Cirrhosis == 0 AND bun_was_missing == 0 AND 1.94 <= edu <= 24.5 AND dementia == 0 AND 7.9 <= meanbp <= 118 AND dzclass_Cancer == 0 AND race_other == 0 AND dnr_dnr after sadm == 0 AND dnrday <= 114 AND wblc <= 71.5 AND dnr_dnr before sadm == 0 AND 19.9 <= age <= 61.8 AND income_was_missing == 0 AND dzgroup_COPD == 0 AND dzclass_Coma == 0 AND aps <= 65.4 AND bun <= 73.8 AND dzgroup_Lung Cancer == 0 AND dnr_no dnr == 1,0.731541165307833
0,1,0.7305157363055388,0.9391304347826087,115,108,15,15,race_other == 0 AND dzgroup_MOSF w/Malig == 0 AND glucose_was_missing == 0 AND 4.46 <= sps <= 55.9 AND 38.6 <= hrt <= 226 AND glucose <= 272 AND dzgroup_Coma == 0 AND dnr_dnr before sadm == 0 AND scoma <= 34.5 AND dementia == 0 AND dnrday <= 114 AND wblc <= 72.2 AND dzgroup_Cirrhosis == 0 AND dzgroup_Lung Cancer == 0 AND dzclass_COPD/CHF/Cirrhosis == 1,0.7305157363055388
0,1,0.7303440764378167,0.9390862944162437,197,185,18,18,resp <= 57.5 AND urine <= 5.3e+03 AND race_black == 0 AND dnr_no dnr == 1 AND 32.8 <= temp <= 39.7 AND adlp == 0 AND dzgroup_Cirrhosis == 0 AND dzgroup_Coma == 0 AND dzgroup_Lung Cancer == 0 AND edu <= 13.9 AND aps <= 74.9 AND sod <= 155 AND 7.11 <= ph <= 7.73 AND sex == 0 AND dzgroup_COPD == 0 AND dnr_dnr before sadm == 0 AND glucose <= 398 AND dzgroup_Colon Cancer == 0,0.7303440764378167
0,1,0.7241964340209961,0.9375,464,435,18,18,wblc <= 71.5 AND adlsc <= 4.58 AND dnr_no dnr == 1 AND dnr_dnr before sadm == 0 AND diabetes == 0 AND dzgroup_Colon Cancer == 0 AND 33.4 <= hrt <= 152 AND dzgroup_Lung Cancer == 0 AND 2.39 <= edu <= 21.6 AND dzgroup_Cirrhosis == 0 AND ca_yes == 0 AND totmcst <= 1.69e+05 AND charges <= 4.27e+05 AND totcst <= 1.7e+05 AND 47 <= meanbp <= 161 AND dzgroup_COPD == 0 AND race_other == 0 AND dnr_dnr after sadm == 0,0.7241964340209961
1,1,0.7241964340209961,0.9375,16,15,15,15,aps <= 77.2 AND dzgroup_COPD == 0 AND adlp == 0 AND dnrday <= 49.6 AND hrt >= 72.9 AND dementia == 0 AND pafi <= 524 AND bun <= 119 AND avtisst >= 23.5 AND race_hispanic == 0 AND dzgroup_Colon Cancer == 0 AND dnr_dnr after sadm == 1 AND income_was_missing == 1 AND adls == 1 AND race_asian == 0,0.7241964340209961
0,1,0.7241964340209961,0.9375,16,15,20,20,dnr_dnr after sadm == 0 AND dnr_no dnr == 1 AND alb <= 9.25 AND wblc <= 88.1 AND race_other == 0 AND dzclass_COPD/CHF/Cirrhosis == 0 AND 4.71 <= edu <= 22.4 AND urine_was_missing == 1 AND charges <= 4.27e+05 AND 31.5 <= meanbp <= 161 AND scoma <= 34.5 AND aps <= 46.8 AND diabetes == 0 AND dementia == 0 AND bun_was_missing == 1 AND income == 1 AND ca_yes == 0 AND 37.2 <= temp <= 40.1 AND sex == 1 AND race_black == 0,0.7241964340209961
0,1,0.7241964340209961,0.9375,16,15,16,16,race_white == 1 AND avtisst <= 36.5 AND dzgroup_Coma == 0 AND glucose_was_missing == 0 AND crea <= 6.42 AND dzclass_Cancer == 1 AND race_hispanic == 0 AND race_other == 0 AND dnr_dnr before sadm == 0 AND num_co == 1 AND ca_no == 0 AND dzgroup_MOSF w/Malig == 0 AND ca_yes == 0 AND 18.5 <= pafi <= 267 AND alb <= 6.73 AND dzgroup_Colon Cancer == 1,0.7241964340209961
0,1,0.7229334478723094,0.93717277486911,191,179,14,14,race_other == 0 AND dementia == 0 AND dzgroup_Cirrhosis == 0 AND dnr_dnr before sadm == 0 AND wblc <= 72.2 AND glucose <= 314 AND 37.4 <= hrt <= 217 AND dnrday <= 75.1 AND meanbp <= 161 AND alb <= 9.58 AND 113 <= sod <= 149 AND bun <= 113 AND dzgroup_Coma == 0 AND dzclass_COPD/CHF/Cirrhosis == 1,0.7229334478723094
0,1,0.721292683015726,0.9367469879518072,332,311,14,13,dnr_dnr after sadm == 0 AND dnr_no dnr == 1 AND dnrday <= 80.5 AND dzgroup_COPD == 0 AND dzgroup_Coma == 0 AND race_other == 0 AND dzgroup_Cirrhosis == 0 AND dzgroup_Colon Cancer == 0 AND sod <= 155 AND scoma <= 51.7 AND glucose <= 581 AND race_asian == 0 AND ca_yes == 0,0.721292683015726
0,1,0.7211459057822749,0.9367088607594937,79,74,17,17,dzgroup_Coma == 0 AND diabetes == 0 AND bun_was_missing == 0 AND 1.94 <= edu <= 26.7 AND bili <= 23.2 AND race_asian == 0 AND race_white == 1 AND dnr_dnr after sadm == 0 AND race_black == 0 AND dementia == 0 AND adlp == 0 AND dzgroup_Cirrhosis == 0 AND 30.7 <= age <= 68.4 AND 115 <= sod <= 147 AND race_hispanic == 0 AND dnr_dnr before sadm == 0 AND 35.1 <= temp <= 38.2,0.7211459057822749
0,1,0.7198179920025335,0.9363636363636364,110,103,14,14,dnr_dnr after sadm == 0 AND race_hispanic == 0 AND sex == 1 AND avtisst <= 42.3 AND bili <= 13.2 AND race_asian == 0 AND dzgroup_MOSF w/Malig == 0 AND dzgroup_Coma == 0 AND dementia == 0 AND dzgroup_Colon Cancer == 0 AND race_other == 0 AND glucose <= 285 AND bun_was_missing == 0 AND dzclass_COPD/CHF/Cirrhosis == 0,0.7198179920025335
0,1,0.719074839069856,0.9361702127659575,47,44,20,20,dzclass_COPD/CHF/Cirrhosis == 1 AND wblc <= 66.5 AND dzclass_Coma == 0 AND dnr_dnr before sadm == 0 AND diabetes == 0 AND 72.2 <= hrt <= 152 AND dzgroup_Lung Cancer == 0 AND dzclass_Cancer == 0 AND race_hispanic == 0 AND aps <= 71.4 AND bili <= 23.2 AND bun_was_missing == 0 AND meanbp <= 127 AND charges <= 5e+05 AND 7.11 <= ph <= 7.73 AND dzgroup_Cirrhosis == 0 AND race_other == 0 AND ca_no == 1 AND 1.24e+03 <= urine <= 4.48e+03 AND dzgroup_Coma == 0,0.719074839069856
1,1,0.719074839069856,0.9361702127659575,47,44,17,17,race_hispanic == 0 AND dnr_dnr after sadm == 1 AND dnr_no dnr == 0 AND dzgroup_Coma == 0 AND dementia == 0 AND dzclass_Cancer == 0 AND dnr_dnr before sadm == 0 AND avtisst >= 23.5 AND diabetes == 0 AND alb <= 10.6 AND dnrday <= 75.4 AND 14.8 <= resp <= 41.2 AND dzgroup_MOSF w/Malig == 0 AND crea <= 5.3 AND dzgroup_Colon Cancer == 0 AND race_asian == 0 AND ca_no == 1,0.719074839069856
0,1,0.717576767009167,0.9357798165137615,109,102,16,16,dnr_dnr after sadm == 0 AND race_hispanic == 0 AND sex == 1 AND avtisst <= 42.3 AND bili <= 13.2 AND race_asian == 0 AND dzgroup_MOSF w/Malig == 0 AND dzgroup_Coma == 0 AND dementia == 0 AND dzgroup_Colon Cancer == 0 AND race_other == 0 AND glucose <= 285 AND bun_was_missing == 0 AND dzclass_COPD/CHF/Cirrhosis == 0 AND alb <= 11.6 AND dzgroup_COPD == 0,0.717576767009167
1,1,0.7164427963651452,0.9354838709677419,31,29,22,21,dzclass_Cancer == 0 AND dnr_dnr before sadm == 0 AND dnr_dnr after sadm == 1 AND dnr_no dnr == 0 AND adlp == 0 AND 9.18 <= edu <= 22.8 AND crea <= 7.51 AND dzclass_COPD/CHF/Cirrhosis == 0 AND totmcst <= 2.58e+05 AND 52.8 <= aps <= 118 AND adlp_was_missing == 1 AND dnrday <= 62 AND pafi <= 498 AND alb <= 11.3 AND 7.22 <= ph <= 7.7 AND urine_was_missing == 0 AND dzgroup_CHF == 0 AND dzgroup_Colon Cancer == 0 AND race_black == 0 AND race_hispanic == 0 AND race_white == 1,0.7164427963651452
0,1,0.7164427963651452,0.9354838709677419,62,58,16,16,race_other == 0 AND ca_yes == 0 AND race_hispanic == 0 AND dnr_dnr before sadm == 0 AND dementia == 0 AND 31.5 <= meanbp <= 169 AND adlsc <= 2.16 AND crea <= 7.15 AND age >= 25.8 AND dnrday <= 75.1 AND 113 <= sod <= 155 AND 7.11 <= ph <= 7.73 AND adlp_was_missing == 0 AND income_was_missing == 0 AND resp <= 55.9 AND dzclass_Coma == 0,0.7164427963651452
0,1,0.712926367214023,0.9345637583892618,596,557,10,10,dnr_dnr after sadm == 0 AND dzgroup_Cirrhosis == 0 AND dnr_dnr before sadm == 0 AND charges <= 4.27e+05 AND wblc <= 71.5 AND diabetes == 0 AND dnrday <= 95.5 AND dzgroup_Colon Cancer == 0 AND 7.47 <= edu <= 24.5 AND income_was_missing == 0,0.712926367214023
1,1,0.708245596707819,0.9333333333333333,30,28,15,15,dnr_dnr before sadm == 0 AND dnr_no dnr == 0 AND 121 <= sod <= 156 AND meanbp <= 127 AND dzgroup_COPD == 0 AND dzgroup_CHF == 0 AND 7.26 <= ph <= 7.54 AND race_asian == 0 AND avtisst >= 23.5 AND diabetes == 0 AND dzgroup_Colon Cancer == 0 AND dzgroup_MOSF w/Malig == 0 AND dzclass_Cancer == 0 AND dnr_dnr after sadm == 1 AND totcst <= 1.96e+05,0.708245596707819
0,1,0.708245596707819,0.9333333333333333,15,14,16,16,dnr_dnr after sadm == 0 AND race_other == 0 AND alb <= 9.01 AND glucose_was_missing == 0 AND dnr_dnr before sadm == 0 AND dzgroup_Cirrhosis == 0 AND dzgroup_CHF == 0 AND dzgroup_Coma == 0 AND race_asian == 0 AND bun <= 108 AND dzgroup_MOSF w/Malig == 0 AND dzclass_Cancer == 1 AND edu <= 10.7 AND scoma <= 18 AND charges <= 2.81e+05 AND dzclass_Coma == 0,0.708245596707819
0,1,0.708245596707819,0.9333333333333333,90,84,17,16,bili <= 22.5 AND dnr_dnr before sadm == 0 AND dzclass_COPD/CHF/Cirrhosis == 1 AND dzgroup_Colon Cancer == 0 AND dzclass_Cancer == 0 AND dzclass_Coma == 0 AND wblc <= 42.9 AND sod <= 144 AND charges <= 2.21e+05 AND avtisst <= 36.5 AND 54.8 <= hrt <= 189 AND 24.6 <= resp <= 47.4 AND pafi <= 533 AND sex == 0 AND alb <= 7 AND adls == 1,0.708245596707819
0,1,0.708245596707819,0.9333333333333333,15,14,17,17,dzgroup_Cirrhosis == 0 AND dnr_dnr before sadm == 0 AND dementia == 0 AND ca_no == 1 AND adlp == 0 AND adlp_was_missing == 1 AND dzclass_Cancer == 0 AND 21.6 <= hrt <= 208 AND ca_yes == 0 AND dzgroup_Lung Cancer == 0 AND adls == 0 AND charges <= 3.97e+05 AND avtisst <= 28.4 AND bili <= 22.6 AND 133 <= sod <= 169 AND totmcst <= 1.37e+05 AND 8.8 <= resp <= 57.2,0.708245596707819
0,1,0.7063599598746297,0.9328358208955224,268,250,16,16,dzgroup_Coma == 0 AND race_black == 0 AND race_other == 0 AND race_white == 1 AND dnr_dnr before sadm == 0 AND wblc <= 63.8 AND dnr_dnr after sadm == 0 AND totmcst <= 2.62e+05 AND glucose_was_missing == 0 AND glucose <= 476 AND adls == 1 AND income_was_missing == 0 AND dzgroup_COPD == 0 AND dzgroup_Cirrhosis == 0 AND bun_was_missing == 0 AND bun <= 76.8,0.7063599598746297
0,1,0.7051474142489249,0.9325153374233128,163,152,16,16,dnr_no dnr == 1 AND aps <= 80.6 AND avtisst <= 47.2 AND dnr_dnr after sadm == 0 AND sps <= 46 AND dzgroup_COPD == 0 AND dzgroup_Lung Cancer == 0 AND dzgroup_MOSF w/Malig == 0 AND race_other == 0 AND glucose <= 335 AND race_asian == 0 AND crea <= 6.67 AND bun <= 114 AND dzgroup_Cirrhosis == 0 AND bili <= 20.4 AND adlp == 0,0.7051474142489249
0,1,0.7048340154031014,0.9324324324324325,222,207,15,15,race_other == 0 AND dzgroup_Cirrhosis == 0 AND race_hispanic == 0 AND dementia == 0 AND glucose <= 513 AND dzgroup_COPD == 0 AND race_asian == 0 AND adlp_was_missing == 0 AND scoma <= 36.5 AND totmcst <= 2.62e+05 AND avtisst <= 42.8 AND hrt <= 161 AND 4.56 <= resp <= 27.4 AND dnr_dnr before sadm == 0 AND 33.8 <= temp <= 38.2,0.7048340154031014
0,1,0.7033476514967727,0.9320388349514563,103,96,18,18,31.5 <= meanbp <= 169 AND sod <= 155 AND avtisst <= 24.4 AND crea <= 7.15 AND race_other == 0 AND charges <= 4.16e+05 AND scoma <= 34.5 AND dzgroup_Cirrhosis == 0 AND dzgroup_COPD == 0 AND dementia == 0 AND glucose <= 904 AND glucose_was_missing == 0 AND adlsc <= 2.66 AND race_asian == 0 AND ca_yes == 0 AND bun <= 143 AND totcst <= 1.07e+05 AND income_was_missing == 0,0.7033476514967727
1,1,0.702515484468041,0.9318181818181818,44,41,24,24,dzgroup_COPD == 0 AND dzgroup_Cirrhosis == 0 AND dzgroup_Lung Cancer == 0 AND dzclass_COPD/CHF/Cirrhosis == 0 AND dnr_dnr after sadm == 1 AND dzclass_Cancer == 0 AND race_black == 0 AND race_hispanic == 0 AND 118 <= sod <= 156 AND dzgroup_MOSF w/Malig == 0 AND adlp == 0 AND dzgroup_CHF == 0 AND totcst <= 1.77e+05 AND dnrday <= 101 AND bun <= 103 AND urine_was_missing == 1 AND glucose_was_missing == 1 AND race_asian == 0 AND diabetes == 0 AND glucose <= 498 AND avtisst <= 50.8 AND race_other == 0 AND scoma >= 52.5 AND ca_yes == 0,0.702515484468041
0,1,0.7017835450812643,0.9316239316239316,117,109,17,17,meanbp <= 169 AND sod <= 155 AND avtisst <= 24.4 AND crea <= 7.15 AND race_other == 0 AND charges <= 6.04e+05 AND scoma <= 34.5 AND dzgroup_Cirrhosis == 0 AND dzgroup_COPD == 0 AND glucose <= 581 AND adlsc <= 2.66 AND race_asian == 0 AND ca_yes == 0 AND bun <= 143 AND num_co == 1 AND edu <= 17 AND urine_was_missing == 1,0.7017835450812643
0,1,0.6995662212779985,0.9310344827586207,87,81,13,13,race_other == 0 AND dzgroup_Cirrhosis == 0 AND dnr_dnr before sadm == 0 AND dzgroup_Lung Cancer == 0 AND wblc <= 107 AND dzclass_COPD/CHF/Cirrhosis == 1 AND race_black == 0 AND charges <= 5e+05 AND 37.4 <= hrt <= 217 AND race_hispanic == 0 AND 113 <= sod <= 149 AND glucose <= 314 AND sex == 0,0.6995662212779985
0,1,0.6995662212779985,0.9310344827586207,29,27,17,17,dnr_no dnr == 1 AND 47 <= meanbp <= 161 AND dnr_dnr after sadm == 0 AND totmcst <= 2.37e+05 AND dzgroup_Cirrhosis == 0 AND diabetes == 0 AND 1.43 <= alb <= 11.6 AND ca_yes == 0 AND charges <= 5.05e+05 AND totcst <= 2.11e+05 AND crea <= 3.57 AND 115 <= sod <= 151 AND glucose <= 503 AND bun_was_missing == 1 AND dzgroup_MOSF w/Malig == 0 AND adlp == 0 AND dzclass_Coma == 0,0.6995662212779985
0,1,0.6995662212779985,0.9310344827586207,290,270,15,15,dnr_dnr before sadm == 0 AND urine <= 4.58e+03 AND wblc <= 72.2 AND dnr_dnr after sadm == 0 AND scoma <= 34.5 AND sex == 1 AND 6.75 <= aps <= 77.2 AND pafi <= 335 AND diabetes == 0 AND glucose <= 508 AND dzgroup_CHF == 0 AND dzgroup_Cirrhosis == 0 AND race_asian == 0 AND dnr_no dnr == 1 AND crea <= 8.52,0.6995662212779985
0,1,0.6989694236491548,0.9308755760368663,217,202,18,18,41.4 <= hrt <= 208 AND dzclass_COPD/CHF/Cirrhosis == 1 AND dzclass_Cancer == 0 AND dzgroup_Cirrhosis == 0 AND urine_was_missing == 0 AND race_asian == 0 AND dnr_dnr before sadm == 0 AND glucose_was_missing == 0 AND dzgroup_Colon Cancer == 0 AND dzgroup_Coma == 0 AND race_other == 0 AND dzgroup_MOSF w/Malig == 0 AND meanbp <= 163 AND scoma <= 33 AND 81.3 <= pafi <= 604 AND 65.6 <= glucose <= 412 AND race_black == 0 AND ca_yes == 0,0.6989694236491548
0,1,0.6977687756168012,0.9305555555555556,72,67,14,14,dzgroup_Lung Cancer == 0 AND dnr_dnr before sadm == 0 AND race_black == 0 AND dzgroup_Coma == 0 AND urine_was_missing == 1 AND urine <= 5.3e+03 AND dzgroup_MOSF w/Malig == 0 AND dnr_dnr after sadm == 0 AND totcst <= 1.21e+05 AND income == 0 AND wblc <= 97.7 AND sex == 1 AND race_other == 0 AND 83.6 <= pafi <= 324,0.6977687756168012
0,1,0.6954501688060009,0.9299363057324841,314,292,12,12,dzgroup_Cirrhosis == 0 AND race_other == 0 AND dnrday <= 75.1 AND dnr_no dnr == 1 AND sod >= 113 AND 1.49 <= edu <= 14.5 AND totcst <= 1.5e+05 AND totmcst <= 1.23e+05 AND resp <= 40.2 AND crea <= 7.15 AND dzgroup_Colon Cancer == 0 AND urine_was_missing == 1,0.6954501688060009
0,1,0.6903615309097401,0.9285714285714286,14,13,12,12,meanbp <= 161 AND dzgroup_Colon Cancer == 0 AND dzclass_COPD/CHF/Cirrhosis == 1 AND dementia == 0 AND 7.3 <= ph <= 7.64 AND race_black == 0 AND dnr_dnr before sadm == 0 AND totcst <= 1.7e+05 AND avtisst <= 23.3 AND glucose_was_missing == 0 AND race_other == 0 AND ca_no == 0,0.6903615309097401
0,1,0.6903615309097401,0.9285714285714286,14,13,22,22,dzgroup_Cirrhosis == 0 AND pafi <= 520 AND avtisst <= 28.4 AND charges <= 4.27e+05 AND totmcst <= 1.55e+05 AND crea <= 6.76 AND dzgroup_COPD == 0 AND dzgroup_Colon Cancer == 0 AND dementia == 0 AND sex == 0 AND 7.21 <= ph <= 7.61 AND 2.39 <= edu <= 21.6 AND sps <= 45 AND bili <= 13 AND bun_was_missing == 0 AND bun <= 126 AND urine_was_missing == 0 AND income_was_missing == 0 AND dzgroup_MOSF w/Malig == 0 AND race_asian == 0 AND ca_no == 0 AND dnr_dnr before sadm == 0,0.6903615309097401
0,1,0.6903615309097401,0.9285714285714286,42,39,17,17,dnr_dnr after sadm == 0 AND aps <= 46.8 AND 7.11 <= ph <= 7.73 AND race_other == 0 AND dzgroup_COPD == 0 AND hrt <= 208 AND dzgroup_Cirrhosis == 0 AND dzgroup_MOSF w/Malig == 0 AND dementia == 0 AND 6.2 <= meanbp <= 128 AND bun_was_missing == 0 AND wblc <= 87.9 AND alb <= 13 AND num_co == 0 AND 25 <= scoma <= 63 AND glucose <= 482 AND race_hispanic == 0,0.6903615309097401
0,1,0.6903615309097401,0.9285714285714286,14,13,27,27,adlp == 0 AND dzgroup_Cirrhosis == 0 AND aps <= 46.8 AND dementia == 0 AND bili <= 16.9 AND dnrday <= 95.5 AND bun_was_missing == 0 AND race_other == 0 AND 35.1 <= temp <= 37.6 AND alb <= 10.4 AND totcst <= 1.31e+05 AND dnr_dnr after sadm == 0 AND charges <= 2.16e+05 AND totmcst <= 2.62e+05 AND wblc <= 87.9 AND hrt <= 208 AND resp <= 34.9 AND 7.11 <= ph <= 7.73 AND bun <= 93.3 AND urine <= 4.58e+03 AND dzclass_Coma == 0 AND race_black == 0 AND race_white == 1 AND avtisst <= 26.6 AND sex == 1 AND dzgroup_Lung Cancer == 1 AND diabetes == 0,0.6903615309097401
0,1,0.6903615309097401,0.9285714285714286,28,26,17,17,dnr_no dnr == 1 AND totcst <= 1.5e+05 AND resp <= 51.3 AND 7.77 <= edu <= 14.5 AND aps <= 46.8 AND glucose <= 340 AND bun_was_missing == 1 AND urine_was_missing == 1 AND adlp == 0 AND charges <= 5.05e+05 AND avtisst <= 47.2 AND alb <= 11.6 AND crea <= 7.3 AND 115 <= sod <= 151 AND dzclass_Cancer == 0 AND dnr_dnr after sadm == 0 AND 1.76 <= adlsc <= 4.38,0.6903615309097401
1,1,0.6903615309097401,0.9285714285714286,14,13,19,19,dzgroup_COPD == 0 AND dzgroup_Cirrhosis == 0 AND dzgroup_MOSF w/Malig == 0 AND dzclass_Coma == 0 AND dnr_dnr after sadm == 1 AND dnr_no dnr == 0 AND diabetes == 1 AND scoma <= 39.5 AND totcst <= 1.97e+05 AND dzgroup_Lung Cancer == 0 AND wblc <= 64.5 AND bun <= 110 AND 22.9 <= avtisst <= 67.5 AND dzclass_COPD/CHF/Cirrhosis == 0 AND dnr_dnr before sadm == 0 AND urine_was_missing == 1 AND race_asian == 0 AND 34.4 <= temp <= 37.3 AND crea <= 6.74,0.6903615309097401
0,1,0.6903615309097401,0.9285714285714286,14,13,17,17,race_asian == 0 AND adlp_was_missing == 0 AND dnr_no dnr == 1 AND sps <= 48.1 AND dzgroup_COPD == 0 AND dzgroup_MOSF w/Malig == 0 AND ca_yes == 0 AND scoma <= 34.5 AND dzgroup_Coma == 0 AND dzclass_COPD/CHF/Cirrhosis == 1 AND ph >= 7.11 AND totmcst <= 2.55e+05 AND glucose <= 503 AND avtisst <= 43.2 AND race_black == 0 AND 1.49 <= edu <= 26.7 AND dzgroup_Cirrhosis == 0,0.6903615309097401
0,1,0.6903615309097401,0.9285714285714286,28,26,15,15,dzgroup_MOSF w/Malig == 0 AND charges <= 4.27e+05 AND dzgroup_Cirrhosis == 0 AND race_asian == 0 AND dnr_no dnr == 1 AND avtisst <= 30.5 AND dzgroup_Lung Cancer == 0 AND dzgroup_Coma == 0 AND 47 <= meanbp <= 161 AND dzgroup_COPD == 0 AND race_other == 0 AND 11.4 <= sps <= 43 AND 129 <= sod <= 147 AND adlp_was_missing == 1 AND dnr_dnr after sadm == 0,0.6903615309097401
1,1,0.6903615309097401,0.9285714285714286,14,13,15,15,dzgroup_COPD == 0 AND adlp == 0 AND bun <= 119 AND dnr_no dnr == 0 AND avtisst >= 23.5 AND race_hispanic == 0 AND dnr_dnr after sadm == 1 AND crea <= 3.38 AND adls == 1 AND dnr_dnr before sadm == 0 AND glucose_was_missing == 1 AND glucose <= 477 AND 525 <= urine <= 3.4e+03 AND dzgroup_Lung Cancer == 0 AND totmcst <= 2.12e+05,0.6903615309097401
0,1,0.6903615309097401,0.9285714285714286,196,182,16,16,dzgroup_Cirrhosis == 0 AND dnr_dnr after sadm == 0 AND glucose <= 581 AND diabetes == 0 AND dzgroup_Coma == 0 AND ca_yes == 0 AND 6.26 <= edu <= 26.7 AND dnrday <= 110 AND 31.5 <= meanbp <= 169 AND dzgroup_CHF == 0 AND urine_was_missing == 1 AND bili <= 18.3 AND dzclass_COPD/CHF/Cirrhosis == 0 AND dzclass_Coma == 0 AND race_other == 0 AND dnr_no dnr == 1,0.6903615309097401
0,1,0.6903615309097401,0.9285714285714286,14,13,19,19,dzgroup_Cirrhosis == 0 AND dementia == 0 AND dnr_no dnr == 1 AND 42.8 <= meanbp <= 129 AND glucose <= 462 AND dzgroup_MOSF w/Malig == 0 AND dnr_dnr before sadm == 0 AND 2.39 <= edu <= 21.6 AND race_black == 0 AND 6.13 <= sps <= 52.8 AND hrt <= 145 AND 7.02 <= avtisst <= 42.3 AND wblc <= 92.5 AND 7.11 <= ph <= 7.73 AND urine_was_missing == 1 AND income == 1 AND dnr_dnr after sadm == 0 AND alb <= 8.74 AND dzclass_COPD/CHF/Cirrhosis == 0,0.6903615309097401
0,1,0.6903615309097401,0.9285714285714286,28,26,18,18,bili <= 22.5 AND dzclass_Cancer == 0 AND dzclass_Coma == 0 AND 120 <= sod <= 144 AND charges <= 2.21e+05 AND avtisst <= 33.7 AND 54.8 <= hrt <= 189 AND sex == 0 AND income == 1 AND dementia == 0 AND race_white == 1 AND crea <= 6.88 AND dzgroup_Colon Cancer == 0 AND dzgroup_MOSF w/Malig == 0 AND bun <= 107 AND dzgroup_Coma == 0 AND income_was_missing == 1 AND race_asian == 0,0.6903615309097401
0,1,0.6903615309097401,0.9285714285714286,14,13,21,21,dementia == 0 AND sps <= 49.7 AND crea <= 7.4 AND ca_no == 1 AND ph >= 7.11 AND ca_yes == 0 AND dnr_no dnr == 1 AND aps <= 76.2 AND urine_was_missing == 1 AND scoma <= 34.5 AND totcst <= 2.11e+05 AND dzgroup_Cirrhosis == 0 AND dzgroup_MOSF w/Malig == 0 AND totmcst <= 2.79e+05 AND avtisst <= 47.2 AND 32.4 <= meanbp <= 85.6 AND resp <= 57.5 AND 20.3 <= glucose <= 340 AND dzgroup_Lung Cancer == 0 AND race_black == 0 AND dnr_dnr after sadm == 0,0.6903615309097401
0,1,0.6903615309097401,0.9285714285714286,14,13,23,23,dnr_dnr before sadm == 0 AND urine <= 5.06e+03 AND wblc <= 72.2 AND crea <= 7.3 AND dnr_dnr after sadm == 0 AND scoma <= 34.5 AND totmcst <= 1.55e+05 AND 3.02 <= hrt <= 146 AND alb <= 11.6 AND glucose_was_missing == 1 AND urine_was_missing == 1 AND avtisst <= 47.2 AND dnrday <= 98.2 AND ph >= 7.11 AND adlp_was_missing == 1 AND adlsc <= 2.48 AND dzgroup_COPD == 0 AND dzgroup_Colon Cancer == 0 AND dzgroup_Lung Cancer == 0 AND dzclass_Cancer == 0 AND dzgroup_Cirrhosis == 0 AND race_white == 0 AND ca_yes == 0,0.6903615309097401
0,1,0.6903615309097401,0.9285714285714286,14,13,17,17,7.09 <= ph <= 7.64 AND race_other == 0 AND scoma <= 34.5 AND crea <= 7.5 AND aps <= 46.8 AND dzgroup_Cirrhosis == 0 AND dzgroup_Lung Cancer == 0 AND race_hispanic == 0 AND 28.1 <= age <= 74.1 AND dnrday <= 65.1 AND wblc <= 69.8 AND resp <= 42.1 AND 0.904 <= adlsc <= 3.1 AND dzclass_COPD/CHF/Cirrhosis == 1 AND race_black == 0 AND charges <= 5.43e+05 AND dzclass_Coma == 0,0.6903615309097401
0,1,0.6903615309097401,0.9285714285714286,14,13,22,22,dzclass_COPD/CHF/Cirrhosis == 1 AND bun <= 129 AND glucose_was_missing == 0 AND dzgroup_CHF == 0 AND dzclass_Coma == 0 AND 2.82 <= sps <= 45.4 AND 7.11 <= ph <= 7.64 AND urine_was_missing == 0 AND race_asian == 0 AND race_other == 0 AND scoma <= 34.5 AND totcst <= 1.7e+05 AND 129 <= sod <= 154 AND dzgroup_Cirrhosis == 0 AND dzgroup_Lung Cancer == 0 AND 1.11 <= adlsc <= 5.64 AND dzgroup_MOSF w/Malig == 0 AND 0.095 <= edu <= 15.9 AND glucose <= 348 AND adlp_was_missing == 0 AND dzgroup_Colon Cancer == 0 AND income_was_missing == 0,0.6903615309097401
0,1,0.6903615309097401,0.9285714285714286,14,13,22,22,ca_yes == 0 AND dzclass_COPD/CHF/Cirrhosis == 1 AND 85.4 <= meanbp <= 131 AND glucose <= 508 AND race_asian == 0 AND dzgroup_MOSF w/Malig == 0 AND 7.25 <= ph <= 7.59 AND dzgroup_COPD == 1 AND race_other == 0 AND dnr_dnr after sadm == 0 AND 35.9 <= age <= 96.2 AND totmcst <= 1.55e+05 AND dementia == 0 AND dzgroup_Cirrhosis == 0 AND dnr_no dnr == 1 AND charges <= 5.27e+05 AND wblc <= 68.9 AND glucose_was_missing == 1 AND urine <= 4.12e+03 AND dzgroup_Colon Cancer == 0 AND resp <= 52.8 AND income == 1,0.6903615309097401
0,1,0.6869785178351845,0.9276595744680851,470,436,14,14,dzgroup_Cirrhosis == 0 AND dementia == 0 AND temp >= 33.5 AND 7.9 <= meanbp <= 136 AND dzgroup_Lung Cancer == 0 AND dzclass_Cancer == 0 AND race_black == 0 AND race_other == 0 AND dnr_dnr after sadm == 0 AND totmcst <= 2.62e+05 AND dnr_dnr before sadm == 0 AND charges <= 4.45e+05 AND 37.8 <= hrt <= 202 AND race_asian == 0,0.6869785178351845
0,1,0.6843206026329672,0.9269406392694064,219,203,21,21,race_hispanic == 0 AND scoma <= 34.5 AND dnr_dnr before sadm == 0 AND sex == 1 AND avtisst <= 42.3 AND totcst <= 1.7e+05 AND charges <= 6.16e+05 AND sps <= 49.3 AND aps <= 46.8 AND meanbp <= 142 AND bun <= 195 AND dzgroup_Colon Cancer == 0 AND dzgroup_Cirrhosis == 0 AND 64.1 <= hrt <= 189 AND dnrday <= 74 AND 44 <= age <= 81.1 AND 34.7 <= temp <= 41.3 AND alb <= 9.58 AND adlsc <= 2.66 AND dzgroup_MOSF w/Malig == 0 AND race_black == 0,0.6843206026329672
1,1,0.6805831970337531,0.9259259259259259,54,50,14,14,wblc <= 82.5 AND dzgroup_COPD == 0 AND dzgroup_MOSF w/Malig == 0 AND adlp_was_missing == 1 AND dnr_dnr before sadm == 0 AND dzclass_Cancer == 0 AND avtisst >= 37.9 AND 30.8 <= aps <= 101 AND resp <= 25 AND glucose <= 373 AND dzgroup_Cirrhosis == 0 AND dzclass_Coma == 0 AND race_asian == 0 AND dnr_no dnr == 0,0.6805831970337531
0,1,0.6771870800781251,0.925,80,74,20,20,dnr_dnr after sadm == 0 AND bun <= 87.3 AND dzgroup_CHF == 0 AND dnr_dnr before sadm == 0 AND alb <= 7.08 AND 7.11 <= ph <= 7.73 AND dzclass_Coma == 0 AND scoma <= 34.5 AND charges <= 4.16e+05 AND meanbp <= 169 AND dzgroup_COPD == 0 AND race_other == 0 AND avtisst <= 42.7 AND dementia == 0 AND wblc <= 42.3 AND 24.6 <= resp <= 47.4 AND bili <= 22.5 AND 114 <= sod <= 154 AND dzclass_Cancer == 0 AND adls == 1,0.6771870800781251
0,1,0.6771870800781251,0.925,120,111,22,22,dnr_dnr after sadm == 0 AND dzgroup_Cirrhosis == 0 AND dnr_dnr before sadm == 0 AND wblc <= 71.5 AND dzgroup_Colon Cancer == 0 AND income_was_missing == 0 AND 7.25 <= ph <= 7.59 AND glucose_was_missing == 0 AND dzclass_Cancer == 0 AND dzclass_Coma == 0 AND crea <= 9.31 AND dzgroup_COPD == 0 AND scoma <= 27.5 AND dnrday <= 114 AND resp <= 42.1 AND glucose <= 508 AND edu <= 22.6 AND totmcst <= 1.68e+05 AND 129 <= sod <= 173 AND race_asian == 0 AND race_black == 0 AND dnr_no dnr == 1,0.6771870800781251
1,1,0.6762036543364128,0.9247311827956989,93,86,15,15,dzgroup_COPD == 0 AND ca_yes == 0 AND ca_no == 1 AND dzgroup_MOSF w/Malig == 0 AND race_asian == 0 AND race_other == 0 AND dnr_no dnr == 0 AND 30.8 <= aps <= 86.2 AND adlp_was_missing == 1 AND 25.4 <= age <= 63.9 AND bun <= 110 AND crea <= 5.3 AND diabetes == 0 AND pafi <= 379 AND 32 <= meanbp <= 108,0.6762036543364128
0,1,0.6754622030323986,0.9245283018867925,53,49,17,17,dnr_dnr before sadm == 0 AND dnrday <= 112 AND dnr_dnr after sadm == 0 AND glucose_was_missing == 1 AND diabetes == 0 AND dnr_no dnr == 1 AND resp <= 40.2 AND 51.5 <= meanbp <= 107 AND race_other == 0 AND totmcst <= 1.23e+05 AND crea <= 7.15 AND sod >= 132 AND adlsc <= 2.66 AND dzgroup_Colon Cancer == 0 AND 0.555 <= aps <= 41.4 AND wblc <= 84.2 AND dzclass_COPD/CHF/Cirrhosis == 0,0.6754622030323986
0,1,0.6732176474098432,0.9239130434782609,92,85,20,20,race_other == 0 AND dzgroup_Cirrhosis == 0 AND race_white == 1 AND alb <= 8.86 AND ca_yes == 0 AND totcst <= 1.42e+05 AND 2.52 <= avtisst <= 37.3 AND dzgroup_MOSF w/Malig == 0 AND race_asian == 0 AND race_black == 0 AND race_hispanic == 0 AND dnr_dnr before sadm == 0 AND 36.3 <= age <= 94.9 AND sex == 0 AND urine_was_missing == 1 AND adlp_was_missing == 1 AND dnr_dnr after sadm == 0 AND wblc <= 38 AND adlp == 0 AND 1.48 <= adlsc <= 5.02,0.6732176474098432
0,1,0.670176922268936,0.9230769230769231,13,12,26,26,dementia == 0 AND dzgroup_Cirrhosis == 0 AND dzclass_Cancer == 1 AND dnr_dnr after sadm == 0 AND dnr_dnr before sadm == 0 AND dzgroup_CHF == 0 AND scoma <= 34.5 AND charges <= 3.45e+05 AND sps <= 45.1 AND aps <= 46.8 AND race_black == 0 AND bili <= 23.2 AND race_asian == 0 AND dnr_no dnr == 1 AND 5.48 <= resp <= 34.5 AND pafi <= 438 AND 32.8 <= temp <= 39.4 AND wblc <= 63.8 AND glucose <= 272 AND dzgroup_Colon Cancer == 1 AND dzgroup_Coma == 0 AND dzclass_COPD/CHF/Cirrhosis == 0 AND ca_no == 0 AND ca_yes == 0 AND diabetes == 0 AND dzgroup_COPD == 0,0.670176922268936
1,1,0.670176922268936,0.9230769230769231,26,24,28,28,crea <= 6.12 AND bun <= 103 AND dzgroup_Colon Cancer == 0 AND dzclass_Cancer == 0 AND dementia == 0 AND dzgroup_COPD == 0 AND dzgroup_MOSF w/Malig == 0 AND dnr_dnr before sadm == 0 AND dnr_no dnr == 0 AND wblc <= 35.8 AND 34.7 <= temp <= 41.5 AND 7.5 <= edu <= 19.9 AND 118 <= sod <= 156 AND adlp_was_missing == 1 AND totmcst <= 2.74e+05 AND totcst <= 2.67e+05 AND race_asian == 0 AND 25.1 <= age <= 73.7 AND avtisst >= 31 AND dnrday <= 71.1 AND alb <= 11.2 AND dzgroup_CHF == 0 AND dzclass_Coma == 0 AND ca_yes == 0 AND adlp == 0 AND dzgroup_Cirrhosis == 0 AND charges <= 4.02e+05 AND urine <= 4.94e+03,0.670176922268936
0,1,0.670176922268936,0.9230769230769231,26,24,18,18,race_white == 1 AND avtisst <= 36.5 AND dzgroup_Coma == 0 AND race_black == 0 AND glucose_was_missing == 0 AND crea <= 6.42 AND dzclass_Cancer == 1 AND 0.84 <= edu <= 23.2 AND aps <= 46.8 AND diabetes == 0 AND glucose <= 551 AND dzgroup_COPD == 0 AND race_hispanic == 0 AND race_other == 0 AND dnr_dnr before sadm == 0 AND num_co == 1 AND dzgroup_Lung Cancer == 0 AND ca_no == 0,0.670176922268936
0,1,0.670176922268936,0.9230769230769231,39,36,21,21,dnr_no dnr == 1 AND aps <= 80.6 AND urine_was_missing == 1 AND charges <= 5.05e+05 AND avtisst <= 47.2 AND 1.43 <= alb <= 11.6 AND dzclass_Cancer == 0 AND dnr_dnr after sadm == 0 AND sps <= 46 AND wblc <= 63.8 AND dzgroup_COPD == 0 AND dzgroup_Lung Cancer == 0 AND dzgroup_MOSF w/Malig == 0 AND race_other == 0 AND glucose <= 335 AND glucose_was_missing == 1 AND race_asian == 0 AND crea <= 6.67 AND bun <= 114 AND diabetes == 0 AND income == 1,0.670176922268936
0,1,0.670176922268936,0.9230769230769231,13,12,25,25,dzgroup_Cirrhosis == 0 AND race_hispanic == 0 AND dnr_dnr after sadm == 0 AND hrt <= 208 AND glucose_was_missing == 0 AND urine <= 4.52e+03 AND dzgroup_Coma == 0 AND sod <= 146 AND alb <= 13 AND dzgroup_COPD == 0 AND totmcst <= 2.94e+05 AND wblc <= 63.8 AND bili <= 22.5 AND dnr_dnr before sadm == 0 AND dzgroup_CHF == 0 AND dzgroup_Lung Cancer == 0 AND avtisst <= 37.3 AND 24.9 <= aps <= 101 AND 39 <= dnrday <= 109 AND 34 <= temp <= 41.2 AND 7.11 <= ph <= 7.52 AND dzclass_Cancer == 0 AND dnr_no dnr == 1 AND income == 1 AND diabetes == 0,0.670176922268936
1,1,0.670176922268936,0.9230769230769231,13,12,21,21,dnr_dnr before sadm == 0 AND dzclass_Coma == 0 AND dzgroup_Lung Cancer == 0 AND adlp == 0 AND dzgroup_Cirrhosis == 0 AND dnr_no dnr == 0 AND 45 <= age <= 81.9 AND dementia == 0 AND glucose <= 377 AND 51.7 <= meanbp <= 192 AND 30.5 <= aps <= 109 AND diabetes == 0 AND alb <= 10.6 AND 121 <= sod <= 159 AND 165 <= urine <= 3.76e+03 AND race_asian == 0 AND race_hispanic == 0 AND ca_yes == 1 AND glucose_was_missing == 1 AND adlp_was_missing == 1 AND 2.11 <= adlsc <= 6.78,0.670176922268936
1,1,0.670176922268936,0.9230769230769231,13,12,17,17,dzgroup_COPD == 0 AND totcst <= 1.42e+05 AND hrt <= 146 AND pafi <= 492 AND bili <= 9.19 AND 7.47 <= edu <= 17.8 AND adlp_was_missing == 1 AND race_asian == 0 AND ca_no == 0 AND dnrday <= 62 AND charges <= 4.58e+05 AND avtisst >= 23.5 AND adlp == 0 AND dnr_dnr after sadm == 1 AND meanbp >= 74.3 AND wblc <= 81 AND ca_yes == 0,0.670176922268936
0,1,0.670176922268936,0.9230769230769231,13,12,19,19,scoma <= 63.5 AND 14.3 <= avtisst <= 41.2 AND dementia == 0 AND wblc <= 71.5 AND bili <= 19.8 AND crea <= 7.15 AND 125 <= sod <= 153 AND glucose_was_missing == 0 AND bun <= 104 AND adls == 7 AND adlsc >= 5.66 AND dzgroup_CHF == 0 AND dzgroup_Colon Cancer == 0 AND race_asian == 0 AND race_hispanic == 0 AND dnr_dnr after sadm == 0 AND dnr_dnr before sadm == 0 AND temp >= 33.5 AND dzgroup_Coma == 0,0.670176922268936
0,1,0.670176922268936,0.9230769230769231,13,12,23,23,avtisst <= 24.4 AND dzgroup_Coma == 0 AND race_black == 0 AND glucose_was_missing == 0 AND crea <= 7.15 AND glucose <= 272 AND race_other == 0 AND num_co == 1 AND sod <= 155 AND dzgroup_Cirrhosis == 0 AND ca_yes == 0 AND 54.3 <= age <= 93.7 AND dzclass_Coma == 0 AND dementia == 0 AND 38.6 <= hrt <= 226 AND bili <= 16.9 AND adlsc <= 2.66 AND dzgroup_MOSF w/Malig == 0 AND race_hispanic == 0 AND dnr_dnr before sadm == 0 AND 3.79 <= edu <= 20.2 AND race_asian == 0 AND race_white == 1,0.670176922268936
0,1,0.670176922268936,0.9230769230769231,78,72,17,17,4.49 <= edu <= 26.7 AND avtisst <= 20.4 AND wblc <= 72.2 AND 7.12 <= ph <= 7.64 AND dzgroup_Lung Cancer == 0 AND dnr_dnr before sadm == 0 AND dnrday <= 74 AND alb <= 9.58 AND bun <= 113 AND 345 <= urine <= 3.58e+03 AND adlp == 0 AND totmcst <= 2.97e+05 AND bun_was_missing == 0 AND dzgroup_Cirrhosis == 0 AND totcst <= 2.97e+05 AND bili <= 23.5 AND dzgroup_COPD == 0,0.670176922268936
0,1,0.670176922268936,0.9230769230769231,13,12,16,16,7.09 <= ph <= 7.64 AND dzgroup_Lung Cancer == 0 AND dzclass_COPD/CHF/Cirrhosis == 1 AND dzgroup_Colon Cancer == 0 AND dzclass_Cancer == 0 AND scoma <= 34.5 AND totmcst <= 1.05e+05 AND diabetes == 0 AND meanbp <= 131 AND bun <= 158 AND race_asian == 0 AND dnr_dnr before sadm == 0 AND 59.8 <= pafi <= 291 AND sex == 0 AND dzgroup_Coma == 0 AND ca_yes == 0,0.670176922268936
0,1,0.670176922268936,0.9230769230769231,13,12,20,20,race_asian == 0 AND dzclass_Cancer == 0 AND avtisst <= 42.7 AND race_white == 1 AND adlp_was_missing == 0 AND crea <= 5.27 AND dzclass_Coma == 0 AND totcst <= 2.04e+05 AND glucose_was_missing == 1 AND diabetes == 1 AND resp <= 57.5 AND 32.8 <= temp <= 39.7 AND urine <= 5.3e+03 AND scoma <= 34.5 AND race_black == 0 AND dnr_no dnr == 1 AND 16.2 <= aps <= 108 AND urine_was_missing == 1 AND dzgroup_COPD == 0 AND ca_yes == 0,0.670176922268936
0,1,0.670176922268936,0.9230769230769231,13,12,18,18,dnr_dnr before sadm == 0 AND dzgroup_Cirrhosis == 0 AND race_other == 0 AND 8.02 <= hrt <= 226 AND urine_was_missing == 1 AND crea <= 7.3 AND dzclass_COPD/CHF/Cirrhosis == 0 AND race_asian == 0 AND sps <= 32.4 AND charges <= 5e+05 AND alb <= 9.01 AND 52.5 <= pafi <= 395 AND bun <= 99.2 AND dzgroup_Colon Cancer == 1 AND dzgroup_Coma == 0 AND glucose <= 382 AND 0.162 <= adlsc <= 5.25 AND ca_no == 0,0.670176922268936
0,1,0.661610127645019,0.920704845814978,227,209,19,19,crea <= 6.88 AND race_other == 0 AND wblc <= 63.8 AND aps <= 29.6 AND dementia == 0 AND pafi <= 464 AND dzgroup_Cirrhosis == 0 AND race_white == 1 AND alb <= 8.86 AND charges <= 5e+05 AND diabetes == 0 AND meanbp >= 42.8 AND glucose <= 581 AND ca_yes == 0 AND totcst <= 1.42e+05 AND income_was_missing == 0 AND num_co == 1 AND sps <= 51.9 AND bili <= 14.4,0.661610127645019
1,1,0.6613589278120725,0.9206349206349206,63,58,19,19,wblc <= 72.3 AND pafi <= 250 AND dnr_dnr before sadm == 0 AND dnr_no dnr == 0 AND 7.47 <= edu <= 26.4 AND income_was_missing == 0 AND totmcst <= 2.23e+05 AND adlp_was_missing == 1 AND dzclass_Cancer == 0 AND dzclass_Coma == 0 AND race_hispanic == 0 AND avtisst >= 37.9 AND 30.8 <= aps <= 101 AND 21.6 <= hrt <= 208 AND resp <= 25 AND dzgroup_CHF == 0 AND dzgroup_Cirrhosis == 0 AND race_asian == 0 AND dnrday <= 104,0.6613589278120725
0,1,0.6604515646958481,0.9203821656050956,314,289,19,19,dnr_dnr after sadm == 0 AND bili <= 16.9 AND dzgroup_Cirrhosis == 0 AND charges <= 9.04e+05 AND glucose_was_missing == 0 AND dzgroup_Lung Cancer == 0 AND 2.39 <= edu <= 18.2 AND hrt <= 208 AND ca_yes == 0 AND wblc <= 82 AND dzgroup_Coma == 0 AND totmcst <= 2.94e+05 AND alb <= 13 AND dzgroup_CHF == 0 AND race_black == 0 AND race_hispanic == 0 AND urine_was_missing == 0 AND dzclass_Cancer == 0 AND dzclass_Coma == 0,0.6604515646958481
1,1,0.6590815232000001,0.92,25,23,21,21,race_hispanic == 0 AND dnr_dnr after sadm == 1 AND dementia == 0 AND adlp == 0 AND dzclass_Coma == 0 AND dnr_dnr before sadm == 0 AND dnr_no dnr == 0 AND dzclass_Cancer == 0 AND urine_was_missing == 0 AND totmcst <= 2.58e+05 AND dnrday <= 96.1 AND 52.8 <= aps <= 118 AND pafi <= 498 AND alb <= 11.3 AND crea <= 7.51 AND adlp_was_missing == 1 AND race_black == 0 AND race_white == 1 AND totcst <= 2.27e+05 AND 19.2 <= sps <= 47 AND dzclass_COPD/CHF/Cirrhosis == 0,0.6590815232000001
0,1,0.6590815232000001,0.92,25,23,21,21,dzgroup_Cirrhosis == 0 AND dzgroup_COPD == 0 AND 20.3 <= glucose <= 502 AND dzclass_Cancer == 0 AND ph >= 7.11 AND urine_was_missing == 1 AND totmcst <= 2.79e+05 AND 32.4 <= meanbp <= 103 AND race_black == 0 AND dnr_no dnr == 1 AND totcst <= 2.11e+05 AND avtisst <= 36.5 AND sps <= 48.1 AND aps <= 78.5 AND dementia == 0 AND 15.6 <= hrt <= 192 AND pafi <= 512 AND race_asian == 0 AND race_hispanic == 0 AND dnr_dnr after sadm == 0 AND 32.1 <= temp <= 39.5,0.6590815232000001
0,1,0.6584059579398782,0.9198113207547169,636,585,18,18,dnr_dnr after sadm == 0 AND race_hispanic == 0 AND race_other == 0 AND dnr_dnr before sadm == 0 AND dzgroup_MOSF w/Malig == 0 AND dementia == 0 AND crea <= 7.4 AND dzgroup_COPD == 0 AND bun_was_missing == 1 AND dnrday <= 112 AND pafi <= 511 AND alb <= 6.15 AND glucose_was_missing == 1 AND urine_was_missing == 1 AND dzgroup_CHF == 0 AND dzgroup_Cirrhosis == 0 AND 13 <= resp <= 43 AND glucose <= 435,0.6584059579398782
1,2,0.3276800000000001,0.8,5,4,22,22,dnr_dnr before sadm == 0 AND temp >= 34.1 AND glucose <= 477 AND dzgroup_Lung Cancer == 0 AND 51.6 <= meanbp <= 152 AND dzgroup_CHF == 0 AND dzgroup_Cirrhosis == 0 AND 23.5 <= avtisst <= 62.9 AND pafi <= 524 AND dnr_no dnr == 0 AND bun <= 113 AND dnr_dnr after sadm == 1 AND num_co == 2 AND adlsc <= 2.41 AND totcst <= 1.97e+05 AND diabetes == 0 AND dementia == 0 AND alb <= 10.6 AND bun_was_missing == 0 AND dzclass_Cancer == 0 AND 7.13 <= ph <= 7.71 AND glucose_was_missing == 0,0.6553600000000002
0,1,0.6552182189430005,0.918918918918919,37,34,20,20,urine <= 5.3e+03 AND dzgroup_Coma == 0 AND race_other == 0 AND dnr_no dnr == 1 AND sps <= 35.5 AND dzclass_Coma == 0 AND dnr_dnr before sadm == 0 AND race_white == 0 AND totcst <= 1.8e+05 AND 25.8 <= age <= 86 AND edu <= 22.4 AND totmcst <= 2.62e+05 AND 23.8 <= meanbp <= 131 AND dzgroup_Lung Cancer == 0 AND race_asian == 0 AND race_black == 1 AND 54.9 <= pafi <= 535 AND glucose_was_missing == 0 AND dementia == 0 AND dzgroup_CHF == 0,0.6552182189430005
0,1,0.6552182189430005,0.918918918918919,74,68,22,22,dnr_no dnr == 1 AND aps <= 80.6 AND bun_was_missing == 1 AND urine_was_missing == 1 AND charges <= 5.05e+05 AND 1.43 <= alb <= 11.6 AND dzclass_Cancer == 0 AND dnr_dnr after sadm == 0 AND sps <= 46 AND wblc <= 63.8 AND 36.1 <= temp <= 41.6 AND urine <= 5.06e+03 AND dzgroup_COPD == 0 AND dzgroup_Cirrhosis == 0 AND dzgroup_Lung Cancer == 0 AND dzgroup_MOSF w/Malig == 0 AND race_other == 0 AND glucose <= 335 AND bun <= 114 AND race_asian == 0 AND dzgroup_Colon Cancer == 0 AND dzclass_Coma == 0,0.6552182189430005
0,1,0.6520651053620943,0.9180327868852459,61,56,16,16,dnr_no dnr == 1 AND 1.43 <= alb <= 11.6 AND dzgroup_COPD == 0 AND dzgroup_MOSF w/Malig == 0 AND glucose_was_missing == 1 AND race_asian == 0 AND crea <= 6.67 AND bun <= 114 AND 7.77 <= edu <= 17.6 AND 35.5 <= meanbp <= 129 AND dzgroup_Colon Cancer == 0 AND sps <= 46 AND wblc <= 63.8 AND dzclass_Cancer == 0 AND diabetes == 0 AND 570 <= urine <= 3.36e+03,0.6520651053620943
0,1,0.6513356535945317,0.9178272980501393,718,659,15,15,dementia == 0 AND dnrday <= 95.5 AND resp <= 34.9 AND glucose <= 513 AND race_asian == 0 AND avtisst <= 42.7 AND sps <= 55 AND alb <= 9.01 AND race_other == 0 AND 7.3 <= ph <= 7.64 AND dzgroup_Colon Cancer == 0 AND dzgroup_Lung Cancer == 0 AND dzclass_COPD/CHF/Cirrhosis == 1 AND dzclass_Cancer == 0 AND dnr_dnr before sadm == 0,0.6513356535945317
0,1,0.6499313862983457,0.9174311926605505,109,100,15,15,dnr_no dnr == 1 AND dnr_dnr after sadm == 0 AND sps <= 48.1 AND wblc <= 63.8 AND dzgroup_Lung Cancer == 0 AND race_other == 0 AND race_asian == 0 AND bun <= 114 AND 1.49 <= edu <= 14.5 AND scoma <= 16.5 AND totmcst <= 1.8e+05 AND glucose <= 503 AND adlp == 0 AND dzgroup_Coma == 0 AND dnr_dnr before sadm == 0,0.6499313862983457
0,1,0.6472278485082303,0.9166666666666666,144,132,14,14,glucose <= 581 AND avtisst <= 36.5 AND dementia == 0 AND urine <= 5.3e+03 AND bili <= 16.9 AND race_black == 0 AND 9.45 <= aps <= 78.5 AND 31.5 <= meanbp <= 169 AND alb <= 11.6 AND adlsc <= 2.66 AND dzclass_Coma == 0 AND race_hispanic == 0 AND ca_yes == 0 AND totcst <= 1.09e+05,0.6472278485082303
0,1,0.6472278485082303,0.9166666666666666,12,11,24,24,totcst <= 2.2e+05 AND totmcst <= 1.23e+05 AND sps <= 42.7 AND wblc <= 60.9 AND 34 <= temp <= 37.6 AND 151 <= pafi <= 417 AND alb <= 10.3 AND bili <= 20.8 AND glucose_was_missing == 1 AND bun_was_missing == 1 AND urine_was_missing == 1 AND urine <= 5.02e+03 AND adls == 1 AND 0.27 <= adlsc <= 4.23 AND sex == 0 AND dzgroup_COPD == 1 AND dzgroup_Coma == 0 AND dzclass_COPD/CHF/Cirrhosis == 1 AND dzclass_Coma == 0 AND race_asian == 0 AND race_black == 1 AND ca_no == 1 AND ca_yes == 0 AND dnr_dnr after sadm == 0,0.6472278485082303
0,1,0.6472278485082303,0.9166666666666666,12,11,19,19,dnr_dnr after sadm == 0 AND dzgroup_Coma == 0 AND race_other == 0 AND diabetes == 0 AND dementia == 0 AND 1.64 <= edu <= 22.4 AND dzclass_Cancer == 0 AND dzclass_COPD/CHF/Cirrhosis == 0 AND 130 <= sod <= 155 AND glucose_was_missing == 0 AND urine <= 4.64e+03 AND race_black == 1 AND 9.41 <= aps <= 92.6 AND 51.5 <= hrt <= 178 AND bun <= 113 AND race_hispanic == 0 AND race_white == 0 AND ca_no == 1 AND dnr_no dnr == 1,0.6472278485082303
0,1,0.6472278485082303,0.9166666666666666,12,11,19,19,dnr_no dnr == 1 AND bili <= 21.7 AND adlp_was_missing == 0 AND dzgroup_Cirrhosis == 0 AND wblc <= 87.9 AND dzclass_Coma == 0 AND race_white == 0 AND race_other == 0 AND dzclass_COPD/CHF/Cirrhosis == 0 AND race_asian == 0 AND race_hispanic == 0 AND dzgroup_MOSF w/Malig == 0 AND dzclass_Cancer == 0 AND dnr_dnr after sadm == 0 AND dnr_dnr before sadm == 0 AND dementia == 0 AND 20 <= glucose <= 640 AND dzgroup_COPD == 0 AND dzgroup_Coma == 0,0.6472278485082303
1,1,0.6472278485082303,0.9166666666666666,12,11,21,21,dnr_dnr before sadm == 0 AND temp >= 34.1 AND glucose <= 477 AND dzgroup_Lung Cancer == 0 AND 51.6 <= meanbp <= 152 AND dzgroup_CHF == 0 AND dzgroup_Cirrhosis == 0 AND 23.5 <= avtisst <= 62.9 AND pafi <= 524 AND dnr_no dnr == 0 AND bun <= 113 AND 121 <= sod <= 169 AND dnr_dnr after sadm == 1 AND num_co == 2 AND adlsc <= 2.41 AND totcst <= 1.97e+05 AND diabetes == 0 AND dementia == 0 AND alb <= 10.6 AND bun_was_missing == 0 AND dzclass_Cancer == 0,0.6472278485082303
0,1,0.6472278485082303,0.9166666666666666,12,11,18,18,race_asian == 0 AND dnr_dnr before sadm == 0 AND dzgroup_Colon Cancer == 0 AND meanbp >= 31.5 AND 122 <= sod <= 147 AND adlp_was_missing == 0 AND dzgroup_Cirrhosis == 0 AND dzclass_Coma == 0 AND scoma <= 21.2 AND alb <= 7.49 AND crea <= 7.15 AND bun_was_missing == 0 AND dzgroup_CHF == 0 AND totmcst <= 2.62e+05 AND bili <= 18.5 AND adlp == 2 AND dzclass_Cancer == 0 AND race_other == 0,0.6472278485082303
0,1,0.6472278485082303,0.9166666666666666,12,11,16,15,dnr_dnr after sadm == 0 AND dzgroup_Colon Cancer == 0 AND dnr_no dnr == 1 AND race_other == 0 AND totmcst <= 2.72e+05 AND resp <= 51.3 AND age >= 25.8 AND dementia == 0 AND ca_no == 0 AND glucose_was_missing == 0 AND totcst <= 2.27e+05 AND meanbp <= 161 AND glucose <= 272 AND dzgroup_CHF == 0 AND dzclass_Coma == 0,0.6472278485082303
0,1,0.6472278485082303,0.9166666666666666,12,11,18,18,race_asian == 0 AND dnr_no dnr == 1 AND wblc <= 66.5 AND race_hispanic == 0 AND dzgroup_Coma == 0 AND 1.33 <= sps <= 48.1 AND dementia == 0 AND race_other == 0 AND ca_yes == 0 AND bili <= 16.9 AND dnrday <= 75.1 AND glucose <= 272 AND sex == 1 AND income == 0 AND dzgroup_Colon Cancer == 0 AND dzclass_COPD/CHF/Cirrhosis == 1 AND dnr_dnr after sadm == 0 AND aps <= 80.9,0.6472278485082303
0,1,0.6472278485082303,0.9166666666666666,12,11,19,19,race_other == 0 AND 4.56 <= avtisst <= 34.7 AND dementia == 0 AND urine_was_missing == 1 AND scoma <= 34.5 AND income_was_missing == 0 AND dzgroup_Cirrhosis == 0 AND race_white == 1 AND dnr_dnr before sadm == 0 AND race_black == 0 AND totmcst <= 2.48e+05 AND 31.5 <= meanbp <= 122 AND 104 <= pafi <= 438 AND dzgroup_CHF == 0 AND dzclass_Cancer == 1 AND charges <= 5.31e+05 AND totcst <= 2.02e+05 AND dnrday <= 75.4 AND adlp == 0,0.6472278485082303
0,1,0.6472278485082303,0.9166666666666666,12,11,23,23,dnr_dnr after sadm == 0 AND diabetes == 0 AND dnrday <= 80.5 AND dzgroup_COPD == 0 AND adlp_was_missing == 0 AND totmcst <= 1.69e+05 AND dzgroup_Coma == 0 AND race_other == 0 AND bun_was_missing == 0 AND glucose_was_missing == 0 AND urine <= 5.3e+03 AND adlsc <= 2.66 AND charges <= 4.05e+05 AND avtisst <= 41.8 AND 1.87 <= sps <= 35.5 AND 36.4 <= hrt <= 141 AND 117 <= sod <= 155 AND dzgroup_MOSF w/Malig == 0 AND dzclass_Coma == 0 AND dnr_dnr before sadm == 0 AND alb <= 9.98 AND urine_was_missing == 0 AND race_hispanic == 0,0.6472278485082303
1,1,0.6472278485082303,0.9166666666666666,84,77,18,18,bun <= 119 AND dnr_no dnr == 0 AND dementia == 0 AND adlp == 0 AND avtisst >= 23.5 AND dnrday <= 128 AND dzgroup_COPD == 0 AND glucose_was_missing == 1 AND 24.8 <= aps <= 81.2 AND totcst <= 1.58e+05 AND sps <= 62.2 AND wblc <= 55.5 AND 9.96 <= resp <= 46 AND pafi <= 492 AND 0.237 <= crea <= 8.02 AND 7.28 <= ph <= 7.66 AND 525 <= urine <= 3.4e+03 AND dzgroup_Cirrhosis == 0,0.6472278485082303
0,1,0.6472278485082303,0.9166666666666666,12,11,13,13,dnr_dnr before sadm == 0 AND scoma <= 34.5 AND charges <= 4.16e+05 AND avtisst <= 42.7 AND 7.77 <= edu <= 17.6 AND 35.5 <= meanbp <= 129 AND dzgroup_MOSF w/Malig == 0 AND race_asian == 0 AND totcst <= 1.88e+05 AND dzclass_COPD/CHF/Cirrhosis == 1 AND race_other == 0 AND 65.7 <= age <= 89.2 AND 7.71 <= hrt <= 112,0.6472278485082303
0,1,0.6472278485082303,0.9166666666666666,24,22,23,23,charges <= 2.72e+05 AND dzgroup_Coma == 0 AND dnr_no dnr == 1 AND sod <= 151 AND race_white == 0 AND ca_no == 1 AND dnrday <= 80.5 AND dzgroup_COPD == 0 AND crea <= 6.86 AND dzgroup_Lung Cancer == 0 AND totmcst <= 2.37e+05 AND avtisst <= 30.5 AND dzclass_COPD/CHF/Cirrhosis == 1 AND 33.7 <= temp <= 39.5 AND 25.8 <= age <= 81.1 AND edu <= 26.7 AND bun <= 113 AND urine <= 4.58e+03 AND dzclass_Cancer == 0 AND race_black == 0 AND race_other == 0 AND dnr_dnr after sadm == 0 AND adlp_was_missing == 0,0.6472278485082303
1,1,0.6472278485082303,0.9166666666666666,24,22,20,20,adlp == 0 AND dnr_dnr before sadm == 0 AND dzclass_Cancer == 0 AND glucose <= 377 AND dzclass_Coma == 0 AND ca_yes == 1 AND urine_was_missing == 0 AND dzgroup_Cirrhosis == 0 AND 44.8 <= age <= 96.7 AND 7.47 <= edu <= 26.4 AND totcst <= 1.42e+05 AND wblc <= 72.3 AND hrt <= 146 AND 36.8 <= temp <= 40.3 AND pafi <= 492 AND glucose_was_missing == 0 AND income_was_missing == 0 AND dzgroup_COPD == 0 AND dzclass_COPD/CHF/Cirrhosis == 0 AND dnr_no dnr == 0,0.6472278485082303
1,1,0.6456890288328394,0.9162303664921466,191,175,12,12,avtisst >= 23.5 AND dnr_dnr after sadm == 1 AND 30.5 <= aps <= 101 AND dementia == 0 AND adlp == 0 AND dzgroup_COPD == 0 AND dzgroup_Cirrhosis == 0 AND totcst <= 1.58e+05 AND glucose_was_missing == 1 AND dzgroup_Colon Cancer == 0 AND bun <= 91.8 AND charges <= 4.58e+05,0.6456890288328394
1,1,0.6441369857344151,0.9157894736842105,95,87,21,21,dzgroup_Cirrhosis == 0 AND dzclass_Coma == 0 AND race_hispanic == 0 AND dnr_dnr after sadm == 1 AND dnr_no dnr == 0 AND scoma <= 39.5 AND totcst <= 1.97e+05 AND avtisst >= 23.5 AND hrt <= 146 AND bili <= 11.3 AND dzgroup_Coma == 0 AND 1.16e+03 <= urine <= 3.4e+03 AND dzgroup_CHF == 0 AND dementia == 0 AND 7.28 <= ph <= 7.66 AND adlp == 0 AND dzclass_Cancer == 0 AND dnr_dnr before sadm == 0 AND dzgroup_Colon Cancer == 0 AND 42.8 <= pafi <= 557 AND ca_yes == 0,0.6441369857344151
0,1,0.642256844035455,0.9152542372881356,59,54,22,22,dnr_no dnr == 1 AND urine_was_missing == 1 AND charges <= 5.05e+05 AND avtisst <= 47.2 AND 1.43 <= alb <= 11.6 AND dzclass_Cancer == 0 AND dnr_dnr after sadm == 0 AND wblc <= 71.5 AND dzgroup_COPD == 0 AND dzgroup_Lung Cancer == 0 AND race_other == 0 AND glucose_was_missing == 1 AND dnrday <= 80.5 AND 115 <= sod <= 154 AND dzgroup_Cirrhosis == 0 AND dzgroup_Colon Cancer == 0 AND aps <= 80.6 AND 36.1 <= temp <= 41.6 AND glucose <= 335 AND bun_was_missing == 1 AND dzgroup_MOSF w/Malig == 0 AND race_asian == 0,0.642256844035455
0,1,0.6409925593017161,0.9148936170212766,94,86,19,19,dnr_no dnr == 1 AND urine_was_missing == 1 AND charges <= 5.05e+05 AND avtisst <= 47.2 AND 1.43 <= alb <= 11.6 AND dzclass_Cancer == 0 AND dnr_dnr after sadm == 0 AND wblc <= 71.5 AND dzgroup_COPD == 0 AND dzgroup_Lung Cancer == 0 AND race_other == 0 AND glucose_was_missing == 1 AND bun <= 114 AND dnrday <= 80.5 AND 114 <= sod <= 154 AND dzgroup_Cirrhosis == 0 AND dzgroup_Colon Cancer == 0 AND dzgroup_Coma == 0 AND totcst <= 1.74e+05,0.6409925593017161
0,1,0.6395228429548757,0.9144736842105263,152,139,13,13,dnr_dnr after sadm == 0 AND dnrday <= 75.1 AND dzgroup_Coma == 0 AND dnr_no dnr == 1 AND age >= 25.8 AND alb <= 11.5 AND urine_was_missing == 1 AND race_white == 0 AND dzgroup_COPD == 0 AND sod <= 155 AND race_hispanic == 0 AND totcst <= 2.22e+05 AND glucose <= 371,0.6395228429548757
0,1,0.638865843993574,0.9142857142857143,35,32,19,19,dnr_dnr after sadm == 0 AND race_hispanic == 0 AND sex == 1 AND bili <= 13.2 AND race_asian == 0 AND dzgroup_MOSF w/Malig == 0 AND dzgroup_Coma == 0 AND dementia == 0 AND dzgroup_Colon Cancer == 0 AND race_other == 0 AND glucose <= 285 AND bun_was_missing == 0 AND dzclass_COPD/CHF/Cirrhosis == 0 AND alb <= 11.6 AND dzgroup_COPD == 0 AND charges <= 4.76e+05 AND 34 <= temp <= 37 AND 6.99 <= ph <= 7.61 AND dzclass_Cancer == 0,0.638865843993574
0,1,0.6355453426436214,0.9133333333333333,150,137,20,20,4.49 <= edu <= 26.7 AND avtisst <= 42.3 AND wblc <= 72.2 AND 7.11 <= ph <= 7.73 AND dzgroup_Lung Cancer == 0 AND dnr_dnr before sadm == 0 AND dnrday <= 74 AND alb <= 9.58 AND bun <= 113 AND 345 <= urine <= 3.58e+03 AND bun_was_missing == 0 AND dzgroup_Cirrhosis == 0 AND totcst <= 2.97e+05 AND bili <= 23.2 AND scoma <= 34.5 AND charges <= 5e+05 AND aps <= 46.8 AND urine_was_missing == 0 AND dzgroup_MOSF w/Malig == 0 AND race_hispanic == 0,0.6355453426436214
1,1,0.6345375005651499,0.9130434782608695,23,21,18,18,dzgroup_COPD == 0 AND ca_yes == 0 AND dnr_no dnr == 0 AND 30.8 <= aps <= 77.2 AND 25.4 <= age <= 73.7 AND dementia == 0 AND dnrday <= 71.1 AND adlp == 0 AND income_was_missing == 1 AND dzgroup_MOSF w/Malig == 0 AND bun <= 110 AND adlp_was_missing == 1 AND dzgroup_Cirrhosis == 0 AND dzclass_COPD/CHF/Cirrhosis == 0 AND dzclass_Cancer == 0 AND race_hispanic == 0 AND dnr_dnr before sadm == 0 AND ca_no == 1,0.6345375005651499
0,1,0.6345375005651499,0.9130434782608695,23,21,15,15,dzgroup_Cirrhosis == 0 AND crea <= 5.27 AND bun <= 71.4 AND urine_was_missing == 0 AND diabetes == 0 AND pafi <= 438 AND 11.1 <= aps <= 65.5 AND bili <= 16.9 AND dzgroup_Colon Cancer == 1 AND avtisst <= 35.9 AND charges <= 3.45e+05 AND race_asian == 0 AND totmcst <= 1.71e+05 AND dnr_dnr before sadm == 0 AND dzclass_Coma == 0,0.6345375005651499
0,1,0.632651242980957,0.9125,80,73,16,16,bili <= 28.5 AND dzclass_Coma == 0 AND dzgroup_COPD == 0 AND race_other == 0 AND pafi <= 341 AND dnrday <= 100 AND crea <= 7.64 AND dzgroup_Lung Cancer == 0 AND dnr_no dnr == 1 AND income == 0 AND totmcst <= 2.55e+05 AND meanbp <= 128 AND wblc <= 87.9 AND hrt <= 211 AND bun <= 106 AND race_white == 0,0.632651242980957
0,1,0.632651242980957,0.9125,80,73,14,14,scoma <= 63.5 AND wblc <= 71.5 AND crea <= 7.15 AND glucose_was_missing == 0 AND dzgroup_Colon Cancer == 0 AND dnr_dnr after sadm == 0 AND dnr_dnr before sadm == 0 AND temp >= 33.5 AND bun_was_missing == 0 AND urine_was_missing == 0 AND dzgroup_Cirrhosis == 0 AND race_black == 0 AND ca_no == 0 AND bili <= 13.4,0.632651242980957
0,1,0.6312239960601349,0.9120879120879121,91,83,17,17,dementia == 0 AND pafi <= 613 AND dzgroup_Cirrhosis == 0 AND resp <= 46.5 AND bun_was_missing == 0 AND dzgroup_MOSF w/Malig == 0 AND dzclass_Cancer == 1 AND 1.94 <= edu <= 26.7 AND dzgroup_Coma == 0 AND race_hispanic == 0 AND avtisst <= 26.5 AND dzclass_Coma == 0 AND race_asian == 0 AND sps <= 55.2 AND glucose_was_missing == 0 AND adlp == 0 AND race_other == 0,0.6312239960601349
0,1,0.6284689003823956,0.9112903225806451,372,339,13,13,0.375 <= edu <= 26.7 AND race_asian == 0 AND avtisst <= 28.4 AND dementia == 0 AND adlp == 0 AND dnr_dnr before sadm == 0 AND 133 <= sod <= 169 AND 7.3 <= ph <= 7.64 AND dzgroup_Lung Cancer == 0 AND charges <= 3.97e+05 AND bili <= 22.6 AND 345 <= urine <= 3.58e+03 AND wblc <= 83.6,0.6284689003823956
0,1,0.6264850986190417,0.9107142857142857,112,102,15,15,race_black == 0 AND dzgroup_Cirrhosis == 0 AND urine <= 4.44e+03 AND scoma <= 24 AND diabetes == 0 AND bun_was_missing == 0 AND dzclass_Cancer == 1 AND charges <= 3.46e+05 AND totmcst <= 2.78e+05 AND resp <= 46.5 AND glucose <= 482 AND dzgroup_MOSF w/Malig == 0 AND race_other == 0 AND wblc <= 51.5 AND glucose_was_missing == 0,0.6264850986190417
1,1,0.6255689169996302,0.9104477611940298,134,122,17,17,dnr_dnr before sadm == 0 AND dzclass_Coma == 0 AND adlp == 0 AND dzgroup_Cirrhosis == 0 AND 45 <= age <= 81.9 AND totcst <= 1.58e+05 AND dementia == 0 AND glucose <= 387 AND aps >= 30.5 AND diabetes == 0 AND alb <= 10.6 AND 121 <= sod <= 159 AND race_asian == 0 AND dnr_dnr after sadm == 1 AND 29.1 <= avtisst <= 62.9 AND dzgroup_Colon Cancer == 0 AND dzclass_Cancer == 0,0.6255689169996302
0,1,0.622293221160867,0.9094922737306843,453,412,19,19,wblc <= 72.2 AND dzgroup_Cirrhosis == 0 AND dnr_dnr before sadm == 0 AND race_other == 0 AND dzgroup_Coma == 0 AND avtisst <= 36.6 AND dementia == 0 AND adlsc <= 2.66 AND dnrday <= 106 AND resp <= 37.8 AND bili <= 22.5 AND 51.1 <= age <= 74.6 AND 33.9 <= temp <= 39.3 AND charges <= 6.16e+05 AND totcst <= 1.97e+05 AND glucose <= 445 AND dzclass_Coma == 0 AND race_black == 0 AND dzgroup_COPD == 0,0.622293221160867
0,1,0.620921323059155,0.9090909090909091,11,10,33,33,56.6 <= age <= 86.7 AND 0.095 <= edu <= 15.9 AND charges <= 3.19e+05 AND totcst <= 2.42e+05 AND totmcst <= 2.72e+05 AND avtisst <= 38 AND diabetes == 0 AND dnrday <= 97.6 AND wblc <= 59 AND hrt <= 130 AND resp <= 28.3 AND 107 <= pafi <= 605 AND bili <= 20 AND crea <= 9.84 AND 129 <= sod <= 147 AND glucose <= 348 AND urine_was_missing == 0 AND 0.656 <= adlsc <= 3.34 AND income_was_missing == 0 AND income == 0 AND dzgroup_Cirrhosis == 0 AND dzgroup_Colon Cancer == 0 AND dzgroup_Coma == 0 AND dzgroup_Lung Cancer == 0 AND dzgroup_MOSF w/Malig == 0 AND dzclass_COPD/CHF/Cirrhosis == 1 AND dzclass_Coma == 0 AND race_asian == 0 AND race_black == 0 AND race_other == 0 AND race_white == 1 AND dnr_dnr after sadm == 1 AND dnr_no dnr == 0,0.620921323059155
0,1,0.620921323059155,0.9090909090909091,33,30,22,22,dzclass_COPD/CHF/Cirrhosis == 0 AND dnr_dnr before sadm == 0 AND pafi <= 511 AND bili <= 23.2 AND dzgroup_MOSF w/Malig == 0 AND race_hispanic == 0 AND dnrday <= 112 AND 7.29 <= ph <= 7.72 AND urine_was_missing == 1 AND adlp == 0 AND bun_was_missing == 1 AND dnr_dnr after sadm == 0 AND sps <= 60.7 AND avtisst <= 42.3 AND diabetes == 0 AND dementia == 0 AND 51.5 <= hrt <= 178 AND race_white == 0 AND dnr_no dnr == 1 AND bun <= 102 AND adlsc <= 3.23 AND dzgroup_Colon Cancer == 0,0.620921323059155
0,1,0.620921323059155,0.9090909090909091,11,10,18,18,dzgroup_Coma == 0 AND crea <= 7.4 AND sex == 1 AND dzgroup_COPD == 0 AND pafi <= 533 AND dzgroup_Lung Cancer == 0 AND race_asian == 0 AND race_white == 1 AND dnr_dnr before sadm == 0 AND dzgroup_Cirrhosis == 1 AND totcst <= 2.04e+05 AND bili <= 22.9 AND 7.3 <= ph <= 7.64 AND glucose <= 340 AND bun_was_missing == 1 AND dzclass_COPD/CHF/Cirrhosis == 1 AND ca_yes == 0 AND sps <= 46.9,0.620921323059155
0,1,0.620921323059155,0.9090909090909091,11,10,23,23,36.4 <= hrt <= 211 AND dnr_dnr before sadm == 0 AND race_white == 1 AND ca_yes == 0 AND dnr_dnr after sadm == 0 AND crea <= 11.9 AND sod <= 155 AND race_other == 0 AND adlp_was_missing == 0 AND race_asian == 0 AND dzclass_Coma == 0 AND sps <= 49.7 AND bun <= 126 AND urine >= 345 AND income_was_missing == 0 AND dnrday <= 84.1 AND num_co == 1 AND scoma <= 34.5 AND totcst <= 8.4e+04 AND avtisst <= 28.4 AND race_black == 0 AND dnr_no dnr == 1 AND adls == 0,0.620921323059155
1,1,0.620921323059155,0.9090909090909091,11,10,17,17,dzgroup_COPD == 0 AND dzclass_Cancer == 0 AND dnr_dnr before sadm == 0 AND dzgroup_Lung Cancer == 0 AND dzgroup_Cirrhosis == 0 AND dnr_no dnr == 0 AND crea <= 11.8 AND dzclass_COPD/CHF/Cirrhosis == 0 AND 45 <= age <= 65.7 AND totcst <= 1.58e+05 AND dementia == 0 AND aps <= 93.1 AND adlp_was_missing == 1 AND dzgroup_Coma == 0 AND ca_no == 0 AND dnr_dnr after sadm == 1 AND race_black == 1,0.620921323059155
1,1,0.620921323059155,0.9090909090909091,11,10,25,25,dzclass_COPD/CHF/Cirrhosis == 0 AND adlp == 0 AND 9.45 <= hrt <= 146 AND 0.237 <= crea <= 8.02 AND 121 <= sod <= 156 AND dzgroup_Colon Cancer == 0 AND dzgroup_MOSF w/Malig == 0 AND race_hispanic == 0 AND wblc <= 55.5 AND scoma >= 52.5 AND totmcst <= 2.08e+05 AND bun <= 103 AND adlp_was_missing == 1 AND dzgroup_CHF == 0 AND dzgroup_Lung Cancer == 0 AND dzclass_Cancer == 0 AND race_asian == 0 AND ca_yes == 0 AND dnr_dnr after sadm == 1 AND 45.8 <= age <= 95.2 AND 8.95 <= meanbp <= 121 AND dementia == 0 AND 8.57 <= edu <= 19.4 AND urine_was_missing == 1 AND race_white == 1,0.620921323059155
1,1,0.620921323059155,0.9090909090909091,11,10,19,19,dzgroup_COPD == 0 AND dzgroup_Cirrhosis == 0 AND dnr_dnr after sadm == 1 AND dzclass_Cancer == 0 AND race_hispanic == 0 AND 118 <= sod <= 156 AND adlp == 0 AND dzgroup_CHF == 0 AND totcst <= 1.77e+05 AND dnrday <= 101 AND urine_was_missing == 1 AND diabetes == 0 AND glucose <= 612 AND race_other == 0 AND ca_yes == 0 AND urine <= 3.22e+03 AND dnr_dnr before sadm == 0 AND dnr_no dnr == 0 AND dzclass_COPD/CHF/Cirrhosis == 0,0.620921323059155
0,1,0.620921323059155,0.9090909090909091,22,20,23,23,32.4 <= meanbp <= 169 AND avtisst <= 47.2 AND scoma <= 34.5 AND adlsc <= 2.66 AND dzgroup_MOSF w/Malig == 0 AND ca_yes == 0 AND dzclass_Coma == 0 AND pafi <= 449 AND bili <= 16.9 AND bun_was_missing == 0 AND race_asian == 0 AND charges <= 6.04e+05 AND totmcst <= 2.79e+05 AND bun <= 143 AND dzgroup_Cirrhosis == 0 AND alb <= 11.6 AND crea <= 7.3 AND ph >= 7.11 AND 20.3 <= glucose <= 340 AND urine_was_missing == 1 AND dzgroup_Colon Cancer == 0 AND dnr_dnr before sadm == 0 AND 117 <= sod <= 147,0.620921323059155
0,1,0.620921323059155,0.9090909090909091,22,20,14,14,avtisst <= 36.5 AND race_other == 0 AND dzgroup_Cirrhosis == 0 AND glucose_was_missing == 0 AND race_asian == 0 AND ca_yes == 0 AND bun <= 177 AND dzgroup_Coma == 0 AND 31.5 <= meanbp <= 169 AND glucose <= 551 AND dnr_no dnr == 1 AND dzclass_COPD/CHF/Cirrhosis == 0 AND dzclass_Cancer == 1 AND ca_no == 0,0.620921323059155
0,1,0.620921323059155,0.9090909090909091,33,30,19,19,dnr_no dnr == 1 AND urine_was_missing == 1 AND 1.43 <= alb <= 11.6 AND 114 <= sod <= 151 AND dzclass_Cancer == 0 AND dnr_dnr after sadm == 0 AND totmcst <= 2.37e+05 AND sps <= 46 AND urine <= 5.06e+03 AND dzgroup_COPD == 0 AND dzgroup_Cirrhosis == 0 AND dzgroup_Colon Cancer == 0 AND dzgroup_Lung Cancer == 0 AND race_other == 0 AND 0.46 <= edu <= 21.5 AND totcst <= 1.74e+05 AND bun <= 114 AND dzgroup_Coma == 0 AND income == 0,0.620921323059155
1,1,0.620921323059155,0.9090909090909091,22,20,15,15,dnr_dnr after sadm == 1 AND race_other == 0 AND dzgroup_CHF == 0 AND 8.65 <= meanbp <= 147 AND 0.489 <= adlsc <= 4.56 AND sex == 0 AND dzgroup_Lung Cancer == 0 AND dzgroup_COPD == 0 AND dnrday <= 101 AND bun <= 103 AND income == 1 AND 13.5 <= scoma <= 38.5 AND 126 <= sod <= 146 AND dzgroup_Cirrhosis == 0 AND dzclass_Coma == 0,0.620921323059155
0,1,0.620921323059155,0.9090909090909091,66,60,14,14,race_other == 0 AND dnr_dnr before sadm == 0 AND race_black == 0 AND avtisst <= 36.5 AND resp <= 42.1 AND sod <= 155 AND race_hispanic == 0 AND dzclass_Coma == 0 AND scoma <= 24 AND pafi <= 533 AND glucose_was_missing == 0 AND glucose <= 969 AND adlp_was_missing == 0 AND income == 1,0.620921323059155
0,1,0.620921323059155,0.9090909090909091,22,20,11,11,race_other == 0 AND glucose_was_missing == 0 AND dzgroup_Cirrhosis == 0 AND dnr_dnr before sadm == 0 AND avtisst <= 41.2 AND race_asian == 0 AND sex == 1 AND ca_yes == 0 AND 7.77 <= edu <= 28.2 AND dementia == 0 AND bun_was_missing == 0,0.620921323059155
0,1,0.6191492884760874,0.9085714285714286,175,159,19,19,dnr_dnr after sadm == 0 AND 25.8 <= age <= 81.1 AND dementia == 0 AND dnr_no dnr == 1 AND alb <= 6.15 AND diabetes == 0 AND pafi <= 511 AND dzgroup_Cirrhosis == 0 AND hrt <= 208 AND bun_was_missing == 0 AND dzgroup_COPD == 0 AND urine_was_missing == 0 AND 131 <= sod <= 147 AND adlp_was_missing == 1 AND race_hispanic == 0 AND race_white == 1 AND scoma <= 24.5 AND urine <= 4.98e+03 AND dzgroup_Colon Cancer == 0,0.6191492884760874
0,1,0.6178736130295225,0.9081967213114754,305,277,18,18,scoma <= 26 AND totmcst <= 5.49e+05 AND avtisst <= 37.3 AND bili <= 22.9 AND glucose <= 513 AND race_asian == 0 AND dnr_dnr before sadm == 0 AND dzgroup_Colon Cancer == 0 AND dementia == 0 AND alb <= 9.01 AND 4.49 <= edu <= 22.2 AND charges <= 4.45e+05 AND diabetes == 0 AND wblc <= 72.2 AND dzgroup_MOSF w/Malig == 0 AND dzclass_Coma == 0 AND race_other == 0 AND 20.6 <= resp <= 59.4,0.6178736130295225
1,1,0.6173610037633398,0.9080459770114943,87,79,17,17,dzgroup_Cirrhosis == 0 AND dzclass_Coma == 0 AND race_hispanic == 0 AND dnr_dnr after sadm == 1 AND scoma <= 39.5 AND avtisst >= 23.5 AND bili <= 11.3 AND dzgroup_Coma == 0 AND 1.16e+03 <= urine <= 3.4e+03 AND dzgroup_CHF == 0 AND dementia == 0 AND 7.28 <= ph <= 7.66 AND adlp == 0 AND dzclass_Cancer == 0 AND dnr_dnr before sadm == 0 AND dzgroup_Colon Cancer == 0 AND ca_yes == 0,0.6173610037633398
1,1,0.6171213263829849,0.9079754601226994,163,148,13,13,dzclass_Cancer == 0 AND dnr_dnr before sadm == 0 AND dnr_dnr after sadm == 1 AND dnr_no dnr == 0 AND adlp == 0 AND hrt >= 72.9 AND 9.18 <= edu <= 22.8 AND crea <= 7.51 AND dzclass_COPD/CHF/Cirrhosis == 0 AND totmcst <= 2.58e+05 AND 52.8 <= aps <= 118 AND dzgroup_Lung Cancer == 0 AND adlp_was_missing == 1,0.6171213263829849
0,1,0.6112798750400543,0.90625,32,29,18,18,dnr_dnr after sadm == 0 AND urine <= 4.52e+03 AND bun_was_missing == 0 AND dementia == 0 AND race_other == 0 AND income == 1 AND race_hispanic == 0 AND dzgroup_MOSF w/Malig == 0 AND race_asian == 0 AND num_co == 1 AND 1.94 <= edu <= 22.2 AND 7.9 <= meanbp <= 118 AND wblc <= 69.8 AND resp <= 42.1 AND dzgroup_Lung Cancer == 0 AND dzclass_Cancer == 0 AND 6.02 <= hrt <= 138 AND dzgroup_Colon Cancer == 0,0.6112798750400543
0,1,0.6112798750400543,0.90625,32,29,15,15,dzgroup_Cirrhosis == 0 AND dzgroup_COPD == 0 AND avtisst <= 44.7 AND bun_was_missing == 0 AND alb <= 9.01 AND dzgroup_MOSF w/Malig == 0 AND race_black == 0 AND dzclass_Cancer == 1 AND glucose <= 482 AND urine <= 4.44e+03 AND race_asian == 0 AND race_other == 0 AND num_co == 2 AND wblc <= 78.4 AND dzgroup_CHF == 0,0.6112798750400543
0,1,0.6072250682691048,0.9050445103857567,337,305,17,17,dnrday <= 95.5 AND glucose <= 513 AND dzclass_Coma == 0 AND race_asian == 0 AND dzgroup_COPD == 0 AND alb <= 8.86 AND race_other == 0 AND dzgroup_MOSF w/Malig == 0 AND wblc <= 72.2 AND bun <= 113 AND bili <= 22.6 AND 1.33 <= sps <= 26.1 AND resp <= 53.9 AND crea <= 7.72 AND glucose_was_missing == 0 AND dnr_dnr before sadm == 0 AND race_white == 1,0.6072250682691048
1,1,0.604582205516469,0.9042553191489362,94,85,13,13,dzgroup_COPD == 0 AND dzgroup_MOSF w/Malig == 0 AND dnr_dnr before sadm == 0 AND dnr_no dnr == 0 AND avtisst >= 23.5 AND diabetes == 0 AND 18.4 <= age <= 80.2 AND adlp_was_missing == 1 AND dzgroup_CHF == 0 AND race_asian == 0 AND scoma <= 34.5 AND charges <= 4.58e+05 AND dzclass_Cancer == 0,0.604582205516469
1,1,0.6037291595530241,0.904,125,113,16,16,avtisst >= 23.5 AND dnr_dnr after sadm == 1 AND 30.5 <= aps <= 101 AND dementia == 0 AND adlp == 0 AND dzgroup_COPD == 0 AND dzgroup_Cirrhosis == 0 AND totcst <= 1.58e+05 AND glucose_was_missing == 1 AND 5.61 <= sps <= 47.2 AND 7.28 <= ph <= 7.66 AND dzgroup_Lung Cancer == 0 AND dzclass_Coma == 0 AND dnr_dnr before sadm == 0 AND dnr_no dnr == 0 AND 1.46 <= edu <= 22.5,0.6037291595530241
0,1,0.5985347042408201,0.9024390243902439,41,37,16,16,race_other == 0 AND dnr_dnr before sadm == 0 AND dzgroup_Cirrhosis == 0 AND charges <= 3.46e+05 AND dzgroup_CHF == 0 AND race_asian == 0 AND dementia == 0 AND dzclass_Cancer == 1 AND 38.6 <= hrt <= 226 AND sod <= 155 AND bun <= 143 AND dzgroup_Coma == 0 AND race_hispanic == 0 AND ca_no == 0 AND sps <= 67.6 AND bun_was_missing == 0,0.5985347042408201
0,1,0.5969504417518705,0.9019607843137255,153,138,23,23,dnr_dnr before sadm == 0 AND race_other == 0 AND urine_was_missing == 1 AND crea <= 7.3 AND dzclass_COPD/CHF/Cirrhosis == 0 AND race_asian == 0 AND charges <= 5e+05 AND race_hispanic == 0 AND 4.71 <= edu <= 20.9 AND aps <= 46.8 AND dementia == 0 AND wblc <= 71.5 AND 6.36 <= resp <= 33.6 AND 117 <= sod <= 165 AND glucose_was_missing == 1 AND urine <= 4.53e+03 AND dzgroup_CHF == 0 AND dzclass_Cancer == 1 AND ca_no == 0 AND bun_was_missing == 1 AND dzgroup_Coma == 0 AND bun <= 93.3 AND dzgroup_COPD == 0,0.5969504417518705
1,1,0.5945511263631468,0.9012345679012346,81,73,21,21,dzgroup_Cirrhosis == 0 AND dzclass_Coma == 0 AND race_hispanic == 0 AND dnr_dnr after sadm == 1 AND dnr_no dnr == 0 AND scoma <= 39.5 AND totcst <= 1.97e+05 AND avtisst >= 23.5 AND hrt <= 146 AND bili <= 11.3 AND dzgroup_Coma == 0 AND dzgroup_CHF == 0 AND dementia == 0 AND 7.28 <= ph <= 7.66 AND adlp == 0 AND dzclass_Cancer == 0 AND dnr_dnr before sadm == 0 AND dzgroup_Colon Cancer == 0 AND 42.8 <= pafi <= 557 AND 28.2 <= age <= 79.3 AND ca_yes == 0,0.5945511263631468
0,1,0.5904900000000001,0.9,10,9,20,20,dzclass_Coma == 0 AND dnr_dnr after sadm == 0 AND wblc <= 42.3 AND 0.134 <= bili <= 16.9 AND aps <= 46.8 AND edu <= 26.7 AND dementia == 0 AND glucose_was_missing == 0 AND dzgroup_Coma == 0 AND race_hispanic == 0 AND urine <= 3.68e+03 AND totcst <= 2.17e+05 AND dnr_dnr before sadm == 1 AND 20.3 <= glucose <= 340 AND dzgroup_Colon Cancer == 0 AND dzgroup_MOSF w/Malig == 0 AND dzclass_Cancer == 0 AND race_white == 1 AND ca_yes == 0 AND urine_was_missing == 0,0.5904900000000001
0,1,0.5904900000000001,0.9,10,9,18,18,dzgroup_Colon Cancer == 0 AND dementia == 0 AND race_black == 0 AND race_other == 0 AND adlp_was_missing == 0 AND wblc <= 80.4 AND bun_was_missing == 0 AND race_hispanic == 0 AND dnrday <= 75.1 AND crea <= 6.75 AND 113 <= sod <= 149 AND dzgroup_Cirrhosis == 0 AND dzgroup_Coma == 0 AND 7.09 <= ph <= 7.64 AND dzgroup_COPD == 0 AND dzgroup_Lung Cancer == 0 AND dzclass_Coma == 0 AND income_was_missing == 0,0.5904900000000001
1,1,0.5904900000000001,0.9,10,9,19,19,dzgroup_Cirrhosis == 0 AND dzclass_Coma == 0 AND race_hispanic == 0 AND dnr_dnr after sadm == 1 AND scoma <= 39.5 AND avtisst >= 23.5 AND bili <= 11.3 AND dzgroup_Coma == 0 AND 1.16e+03 <= urine <= 3.4e+03 AND dzgroup_CHF == 0 AND dementia == 0 AND 7.28 <= ph <= 7.66 AND dzclass_Cancer == 0 AND dnr_dnr before sadm == 0 AND dzgroup_Colon Cancer == 0 AND ca_yes == 0 AND wblc <= 51.5 AND temp >= 36.8 AND dzclass_COPD/CHF/Cirrhosis == 0,0.5904900000000001
0,1,0.5904900000000001,0.9,20,18,23,23,dzgroup_Cirrhosis == 0 AND race_asian == 0 AND dnr_no dnr == 1 AND wblc <= 66.5 AND race_hispanic == 0 AND dzgroup_Coma == 0 AND totcst <= 2.11e+05 AND sps <= 48.1 AND dementia == 0 AND crea <= 7.4 AND race_other == 0 AND ca_yes == 0 AND bili <= 11.9 AND charges <= 3.46e+05 AND 38.6 <= hrt <= 226 AND bun_was_missing == 0 AND bun <= 143 AND dzgroup_CHF == 0 AND ca_no == 0 AND edu <= 16.7 AND scoma <= 31 AND 89.9 <= pafi <= 441 AND 122 <= sod <= 162,0.5904900000000001
0,1,0.5904900000000001,0.9,10,9,15,15,dnr_dnr before sadm == 0 AND avtisst <= 41.8 AND wblc <= 97.7 AND dzgroup_MOSF w/Malig == 0 AND dzgroup_Coma == 0 AND 3.76 <= resp <= 36.7 AND num_co == 1 AND totcst <= 8.4e+04 AND race_other == 0 AND dnr_no dnr == 1 AND charges <= 4.05e+05 AND 36.4 <= hrt <= 141 AND income == 0 AND race_white == 0 AND crea <= 9.08,0.5904900000000001
0,1,0.5904900000000001,0.9,20,18,14,14,dnr_dnr before sadm == 0 AND dzclass_COPD/CHF/Cirrhosis == 1 AND race_asian == 0 AND race_white == 1 AND crea <= 5.27 AND glucose_was_missing == 1 AND dzgroup_Coma == 0 AND avtisst <= 20.4 AND num_co == 1 AND aps <= 84.1 AND bun <= 113 AND dzclass_Coma == 0 AND race_other == 0 AND totcst <= 1.56e+05,0.5904900000000001
1,1,0.5904900000000001,0.9,20,18,17,17,dzgroup_COPD == 0 AND dnr_dnr before sadm == 0 AND dnr_no dnr == 0 AND dzgroup_CHF == 0 AND race_hispanic == 0 AND pafi <= 492 AND bili <= 9.19 AND dzgroup_MOSF w/Malig == 0 AND sex == 1 AND dzgroup_Cirrhosis == 0 AND charges <= 4.58e+05 AND 1.36 <= adlsc <= 4.76 AND race_black == 1 AND alb <= 6.77 AND 8.25 <= bun <= 158 AND dzclass_Cancer == 0 AND race_other == 0,0.5904900000000001
0,1,0.5904900000000001,0.9,10,9,16,16,dzgroup_CHF == 0 AND dzgroup_Lung Cancer == 0 AND race_other == 0 AND sod <= 157 AND crea <= 6.42 AND dzclass_Cancer == 1 AND dementia == 0 AND wblc <= 72.2 AND bili <= 22.6 AND adlp_was_missing == 0 AND dzgroup_MOSF w/Malig == 0 AND 4.71 <= edu <= 20.9 AND totcst <= 9.77e+04 AND dzgroup_Coma == 0 AND ca_no == 0 AND sps <= 31.2,0.5904900000000001
1,1,0.5904900000000001,0.9,40,36,20,20,dementia == 0 AND adlp == 0 AND dnr_dnr before sadm == 0 AND dzclass_Cancer == 0 AND sex == 0 AND 121 <= sod <= 159 AND glucose <= 387 AND dzclass_Coma == 0 AND dnr_dnr after sadm == 1 AND dzgroup_Cirrhosis == 0 AND aps >= 30.5 AND adlp_was_missing == 1 AND charges <= 3.31e+05 AND ca_yes == 1 AND 45 <= age <= 81.9 AND diabetes == 0 AND alb <= 10.6 AND dzgroup_Colon Cancer == 0 AND race_asian == 0 AND dzgroup_Coma == 0,0.5904900000000001
0,1,0.5838253956189982,0.8979591836734694,49,44,24,24,ca_yes == 0 AND dnr_dnr before sadm == 0 AND dzclass_COPD/CHF/Cirrhosis == 1 AND ca_no == 1 AND scoma <= 34.5 AND diabetes == 0 AND meanbp <= 131 AND crea <= 5.27 AND totmcst <= 1.05e+05 AND glucose <= 508 AND dzgroup_CHF == 0 AND race_asian == 0 AND avtisst <= 23.3 AND dzgroup_Lung Cancer == 0 AND dzclass_Cancer == 0 AND dzclass_Coma == 0 AND 43.2 <= age <= 92.6 AND bun <= 158 AND dzgroup_MOSF w/Malig == 0 AND charges <= 3.96e+05 AND aps <= 49.5 AND pafi <= 421 AND dnr_dnr after sadm == 1 AND dementia == 0,0.5838253956189982
0,1,0.5838253956189982,0.8979591836734694,49,44,20,20,race_other == 0 AND dnr_dnr after sadm == 0 AND totmcst <= 2.62e+05 AND scoma <= 60.1 AND dzgroup_Cirrhosis == 0 AND race_hispanic == 0 AND bun_was_missing == 0 AND 7.9 <= meanbp <= 169 AND dnr_dnr before sadm == 0 AND race_black == 0 AND adlp == 0 AND dzgroup_COPD == 0 AND dementia == 0 AND dzgroup_CHF == 0 AND race_white == 1 AND adlp_was_missing == 1 AND crea <= 6.75 AND avtisst <= 68 AND wblc <= 69.8 AND ca_no == 0,0.5838253956189982
0,1,0.5838253956189982,0.8979591836734694,49,44,13,13,1.62 <= edu <= 26.7 AND alb <= 10.4 AND avtisst <= 42.3 AND dzclass_COPD/CHF/Cirrhosis == 0 AND dementia == 0 AND dnrday <= 104 AND resp <= 56.1 AND adlp == 0 AND dzgroup_CHF == 0 AND dzgroup_Cirrhosis == 0 AND dzclass_Cancer == 1 AND 25.8 <= age <= 90 AND race_other == 0,0.5838253956189982
0,1,0.5792642820741052,0.896551724137931,29,26,15,15,1.62 <= edu <= 26.7 AND alb <= 10.4 AND avtisst <= 42.3 AND dzclass_COPD/CHF/Cirrhosis == 0 AND dementia == 0 AND dnrday <= 104 AND resp <= 56.1 AND adlp == 0 AND dzgroup_CHF == 0 AND dzgroup_Cirrhosis == 0 AND dzclass_Cancer == 1 AND 25.8 <= age <= 90 AND race_other == 0 AND pafi <= 503 AND income_was_missing == 0,0.5792642820741052
0,1,0.5762371266224918,0.8956127080181543,661,592,18,18,dementia == 0 AND dnrday <= 95.5 AND glucose <= 513 AND dzclass_Coma == 0 AND race_asian == 0 AND avtisst <= 37.3 AND dzgroup_COPD == 0 AND alb <= 9.58 AND race_other == 0 AND dzgroup_MOSF w/Malig == 0 AND 4.49 <= edu <= 22.2 AND diabetes == 0 AND wblc <= 72.2 AND bun <= 113 AND 345 <= urine <= 3.58e+03 AND bili <= 22.6 AND charges <= 4.45e+05 AND dnr_dnr before sadm == 0,0.5762371266224918
1,1,0.5734249721032963,0.8947368421052632,19,17,25,25,race_hispanic == 0 AND dnr_dnr before sadm == 0 AND dzgroup_CHF == 0 AND dnr_dnr after sadm == 1 AND dementia == 0 AND bun_was_missing == 0 AND sps <= 57.3 AND dzgroup_Coma == 0 AND dzgroup_Cirrhosis == 0 AND charges <= 3.88e+05 AND bili <= 11.3 AND dzclass_Cancer == 0 AND dzclass_Coma == 0 AND 45 <= age <= 81.9 AND 8.12 <= edu <= 15.9 AND adlp == 0 AND race_asian == 0 AND ph >= 7.3 AND totcst <= 1.97e+05 AND 29.1 <= avtisst <= 62.9 AND diabetes == 0 AND alb <= 10.6 AND dnr_no dnr == 0 AND 34.1 <= temp <= 38.6 AND dzclass_COPD/CHF/Cirrhosis == 0,0.5734249721032963
1,1,0.5734249721032963,0.8947368421052632,38,34,20,20,aps <= 118 AND pafi <= 498 AND dnr_no dnr == 0 AND avtisst >= 23.5 AND race_hispanic == 0 AND scoma <= 37 AND dzgroup_Colon Cancer == 0 AND dnr_dnr after sadm == 1 AND crea <= 5.3 AND adlp_was_missing == 1 AND race_asian == 0 AND ca_no == 1 AND 9.18 <= edu <= 22.8 AND 7.22 <= ph <= 7.7 AND dzgroup_CHF == 0 AND dzclass_Cancer == 0 AND race_black == 0 AND bun <= 86.8 AND dzgroup_Lung Cancer == 0 AND ca_yes == 0,0.5734249721032963
1,1,0.5734249721032963,0.8947368421052632,19,17,19,19,dzclass_Cancer == 0 AND dnr_dnr after sadm == 1 AND dnr_no dnr == 0 AND adlp == 0 AND hrt >= 9.45 AND crea <= 8.02 AND dzclass_COPD/CHF/Cirrhosis == 0 AND wblc <= 55.5 AND pafi <= 492 AND 121 <= sod <= 156 AND glucose_was_missing == 1 AND income_was_missing == 1 AND dzgroup_Cirrhosis == 0 AND dzgroup_Colon Cancer == 0 AND dzgroup_MOSF w/Malig == 0 AND 20.5 <= scoma <= 53.5 AND dementia == 0 AND 5.64 <= resp <= 44.4 AND race_other == 0,0.5734249721032963
0,1,0.5734249721032963,0.8947368421052632,76,68,18,18,dnr_dnr before sadm == 0 AND adlp == 0 AND dzclass_COPD/CHF/Cirrhosis == 0 AND race_asian == 0 AND avtisst <= 24.4 AND sps <= 44 AND 38.6 <= hrt <= 208 AND dzgroup_Cirrhosis == 0 AND race_white == 1 AND sex == 0 AND race_other == 0 AND ca_yes == 0 AND totmcst <= 2.11e+05 AND glucose <= 534 AND charges <= 4.16e+05 AND dzgroup_Coma == 0 AND race_hispanic == 0 AND ca_no == 0,0.5734249721032963
1,1,0.5734249721032963,0.8947368421052632,19,17,24,24,dzgroup_COPD == 0 AND dzgroup_MOSF w/Malig == 0 AND race_asian == 0 AND dzgroup_Cirrhosis == 0 AND dnr_dnr before sadm == 0 AND totmcst <= 1.29e+05 AND dementia == 0 AND dnr_dnr after sadm == 1 AND 30.8 <= aps <= 101 AND adlp == 0 AND adlp_was_missing == 1 AND dzclass_Cancer == 0 AND edu <= 26.4 AND 21.6 <= hrt <= 208 AND crea <= 11.8 AND dzgroup_Colon Cancer == 0 AND scoma >= 41.3 AND wblc <= 72.3 AND alb <= 7.54 AND dzgroup_CHF == 0 AND race_white == 0 AND ca_yes == 0 AND bili <= 19.3 AND dzgroup_Coma == 1,0.5734249721032963
0,1,0.5690977228054341,0.8933823529411765,272,243,15,15,dnr_dnr after sadm == 0 AND dzgroup_Cirrhosis == 0 AND urine <= 3.58e+03 AND race_white == 1 AND dzclass_Coma == 0 AND charges <= 3.61e+05 AND adlp_was_missing == 1 AND race_other == 0 AND race_hispanic == 0 AND 7.11 <= ph <= 7.73 AND sps <= 46.7 AND diabetes == 0 AND wblc <= 97.7 AND 32.7 <= temp <= 39.4 AND adls == 1,0.5690977228054341
0,1,0.5627668127177056,0.8913857677902621,267,238,18,18,dzgroup_Cirrhosis == 0 AND dnr_dnr after sadm == 0 AND glucose <= 508 AND bun <= 79.8 AND adlp == 0 AND charges <= 5.12e+05 AND urine <= 4.52e+03 AND sex == 1 AND dzgroup_MOSF w/Malig == 0 AND sps <= 44 AND wblc <= 87.9 AND bili <= 21.7 AND dementia == 0 AND 127 <= sod <= 167 AND adlp_was_missing == 1 AND race_other == 0 AND 4.51 <= avtisst <= 61.5 AND race_hispanic == 0,0.5627668127177056
0,1,0.5575714713686725,0.8897338403041825,263,234,20,20,dzgroup_MOSF w/Malig == 0 AND dnr_dnr before sadm == 0 AND sod <= 156 AND race_asian == 0 AND 39.4 <= meanbp <= 152 AND dzgroup_Lung Cancer == 0 AND dzclass_Coma == 0 AND edu <= 21.6 AND ca_no == 1 AND avtisst <= 74.2 AND totcst <= 1.06e+05 AND 11.1 <= aps <= 46.8 AND diabetes == 0 AND dnrday <= 81.2 AND pafi <= 464 AND alb <= 8.94 AND glucose_was_missing == 0 AND dzgroup_Coma == 0 AND scoma <= 56 AND race_black == 0,0.5575714713686725
1,1,0.5549289573066435,0.8888888888888888,27,24,18,18,dzgroup_Cirrhosis == 0 AND dzclass_Coma == 0 AND race_hispanic == 0 AND dnr_dnr after sadm == 1 AND scoma <= 39.5 AND avtisst >= 23.5 AND bili <= 11.3 AND dzgroup_Coma == 0 AND 1.16e+03 <= urine <= 3.4e+03 AND dzgroup_CHF == 0 AND dementia == 0 AND 7.28 <= ph <= 7.66 AND adlp == 0 AND dzclass_Cancer == 0 AND dnr_dnr before sadm == 0 AND dzgroup_Colon Cancer == 0 AND ca_yes == 0 AND race_other == 0,0.5549289573066435
0,1,0.5549289573066435,0.8888888888888888,9,8,20,20,dzgroup_Coma == 0 AND bun_was_missing == 0 AND race_other == 0 AND 1.94 <= edu <= 26.7 AND race_hispanic == 0 AND bili <= 16.9 AND dzclass_Coma == 0 AND dzclass_COPD/CHF/Cirrhosis == 0 AND glucose <= 314 AND adlsc <= 1.58 AND dzgroup_Colon Cancer == 0 AND dnr_dnr after sadm == 0 AND sod <= 155 AND 7.11 <= ph <= 7.73 AND urine <= 4.52e+03 AND 12.6 <= sps <= 43.2 AND dementia == 0 AND 37.5 <= temp <= 40.8 AND alb <= 7.09 AND income == 3,0.5549289573066435
0,1,0.5549289573066435,0.8888888888888888,9,8,19,19,bun_was_missing == 0 AND bun <= 113 AND dzgroup_Cirrhosis == 0 AND scoma <= 34.5 AND 31.5 <= meanbp <= 131 AND dzgroup_Colon Cancer == 0 AND dzclass_COPD/CHF/Cirrhosis == 1 AND diabetes == 0 AND race_hispanic == 0 AND charges <= 4.16e+05 AND dementia == 0 AND sod <= 155 AND glucose <= 314 AND race_other == 0 AND ca_yes == 0 AND dzgroup_Lung Cancer == 0 AND race_black == 0 AND dnr_dnr before sadm == 0 AND age >= 50.1,0.5549289573066435
0,1,0.5549289573066435,0.8888888888888888,9,8,23,23,avtisst <= 42.8 AND race_other == 0 AND dzgroup_Cirrhosis == 0 AND glucose_was_missing == 0 AND race_asian == 0 AND ca_yes == 0 AND bun <= 143 AND dnr_dnr before sadm == 0 AND dementia == 0 AND bili <= 16.9 AND charges <= 4.16e+05 AND race_hispanic == 0 AND scoma <= 36.5 AND hrt <= 161 AND 4.56 <= resp <= 27.4 AND dzgroup_COPD == 0 AND race_white == 0 AND dnr_dnr after sadm == 0 AND 19 <= age <= 80.9 AND glucose <= 528 AND sex == 1 AND dzclass_Coma == 0 AND race_black == 1,0.5549289573066435
0,1,0.5549289573066435,0.8888888888888888,9,8,21,21,dzgroup_COPD == 0 AND dzgroup_Lung Cancer == 0 AND totmcst <= 2.62e+05 AND 7.9 <= meanbp <= 128 AND glucose_was_missing == 0 AND adlp == 0 AND race_other == 0 AND dnr_dnr before sadm == 0 AND avtisst <= 41.2 AND dnr_dnr after sadm == 0 AND dementia == 0 AND bili <= 19.8 AND 125 <= sod <= 153 AND bun <= 104 AND adls == 7 AND adlsc >= 5.66 AND dzgroup_CHF == 0 AND race_asian == 0 AND race_hispanic == 0 AND 5.02 <= edu <= 19 AND crea <= 8.47,0.5549289573066435
0,1,0.5549289573066435,0.8888888888888888,99,88,22,22,race_other == 0 AND aps <= 29.6 AND dementia == 0 AND pafi <= 464 AND dzgroup_Cirrhosis == 0 AND charges <= 3.46e+05 AND diabetes == 0 AND glucose <= 482 AND glucose_was_missing == 0 AND resp <= 46.5 AND race_asian == 0 AND dzgroup_COPD == 0 AND 49.9 <= age <= 71.6 AND totmcst <= 2.78e+05 AND 1.33 <= sps <= 26.1 AND crea <= 7.72 AND bun_was_missing == 0 AND urine <= 4.44e+03 AND adlp == 0 AND dzgroup_Colon Cancer == 0 AND dzgroup_MOSF w/Malig == 0 AND totcst <= 2.03e+05,0.5549289573066435
0,1,0.5549289573066435,0.8888888888888888,27,24,20,20,dzgroup_COPD == 0 AND dnr_dnr before sadm == 0 AND avtisst <= 42.7 AND bun_was_missing == 0 AND urine <= 4.84e+03 AND dzgroup_MOSF w/Malig == 0 AND diabetes == 0 AND dzgroup_Cirrhosis == 0 AND charges <= 5e+05 AND 42.8 <= meanbp <= 129 AND 7.09 <= ph <= 7.72 AND ca_yes == 0 AND 7.77 <= edu <= 20.4 AND race_black == 0 AND totcst <= 1.88e+05 AND aps <= 46.8 AND dementia == 0 AND 20.3 <= glucose <= 340 AND dzgroup_CHF == 1 AND dzgroup_Colon Cancer == 0,0.5549289573066435
1,1,0.5549289573066435,0.8888888888888888,9,8,20,20,165 <= urine <= 4.58e+03 AND avtisst >= 23.5 AND 30.5 <= aps <= 101 AND dementia == 0 AND adlp == 0 AND dzgroup_COPD == 0 AND dzgroup_Cirrhosis == 0 AND dzclass_Cancer == 0 AND race_asian == 0 AND income_was_missing == 1 AND dzgroup_Lung Cancer == 0 AND dzgroup_CHF == 0 AND race_hispanic == 0 AND race_other == 0 AND dnrday <= 55.5 AND 21.6 <= hrt <= 185 AND glucose <= 326 AND bun_was_missing == 1 AND dzgroup_Coma == 0 AND ca_no == 1,0.5549289573066435
0,1,0.5549289573066435,0.8888888888888888,9,8,20,20,dnr_dnr before sadm == 0 AND dzclass_Cancer == 0 AND dzclass_COPD/CHF/Cirrhosis == 1 AND dzgroup_Lung Cancer == 0 AND adlp == 0 AND dnr_no dnr == 0 AND scoma <= 34.5 AND wblc <= 88.1 AND dzclass_Coma == 0 AND race_white == 1 AND 54.8 <= hrt <= 140 AND resp <= 53 AND sex == 1 AND dzgroup_Coma == 0 AND charges <= 6.16e+05 AND dnr_dnr after sadm == 1 AND totcst <= 1.7e+05 AND adlp_was_missing == 0 AND totmcst <= 1.24e+05 AND aps <= 42.4,0.5549289573066435
0,1,0.5549289573066435,0.8888888888888888,18,16,16,16,avtisst <= 36.5 AND race_other == 0 AND dzgroup_Cirrhosis == 0 AND glucose_was_missing == 0 AND race_asian == 0 AND ca_yes == 0 AND bun <= 177 AND 31.5 <= meanbp <= 169 AND glucose <= 551 AND dnr_no dnr == 1 AND dzclass_COPD/CHF/Cirrhosis == 0 AND dzclass_Cancer == 1 AND ca_no == 0 AND diabetes == 0 AND wblc <= 43.1 AND dnr_dnr after sadm == 0,0.5549289573066435
1,1,0.5549289573066435,0.8888888888888888,9,8,22,22,charges <= 5.2e+05 AND avtisst <= 40.6 AND 26.7 <= sps <= 52.5 AND dnrday <= 104 AND 37.9 <= resp <= 66.1 AND 33.3 <= temp <= 39.2 AND alb <= 9.72 AND glucose_was_missing == 1 AND bun_was_missing == 1 AND urine <= 4.62e+03 AND sex == 1 AND dzgroup_Colon Cancer == 0 AND dzgroup_Coma == 0 AND dzclass_COPD/CHF/Cirrhosis == 0 AND race_black == 0 AND race_other == 0 AND ca_no == 0 AND dnr_dnr after sadm == 1 AND dnr_no dnr == 0 AND totmcst <= 1.77e+05 AND diabetes == 0 AND dementia == 0,0.5549289573066435
0,1,0.5549289573066435,0.8888888888888888,9,8,16,16,dzgroup_Cirrhosis == 0 AND race_other == 0 AND aps <= 50.9 AND dementia == 0 AND glucose_was_missing == 0 AND dzgroup_MOSF w/Malig == 0 AND race_asian == 0 AND bili <= 11.6 AND race_white == 0 AND adlp_was_missing == 0 AND adlsc <= 1.13 AND dzgroup_COPD == 0 AND dzclass_COPD/CHF/Cirrhosis == 0 AND dnr_dnr after sadm == 0 AND dnrday <= 46.1 AND sex == 0,0.5549289573066435
1,1,0.5549289573066435,0.8888888888888888,45,40,19,19,crea <= 6.12 AND bun <= 103 AND dzgroup_Lung Cancer == 0 AND dzgroup_COPD == 0 AND dzgroup_MOSF w/Malig == 0 AND dnr_dnr before sadm == 0 AND dnr_no dnr == 0 AND wblc <= 61.9 AND 7.5 <= edu <= 19.9 AND 21.6 <= hrt <= 208 AND urine_was_missing == 1 AND adlp_was_missing == 1 AND totmcst <= 2.74e+05 AND race_asian == 0 AND 25.4 <= age <= 73.7 AND alb <= 11.2 AND dzgroup_CHF == 0 AND ca_yes == 0 AND pafi <= 379,0.5549289573066435
0,1,0.5549289573066435,0.8888888888888888,9,8,19,19,dzgroup_Cirrhosis == 0 AND avtisst <= 42.3 AND dnr_dnr after sadm == 0 AND wblc <= 82 AND race_white == 1 AND ca_yes == 0 AND sod <= 149 AND crea <= 7.15 AND dzgroup_CHF == 0 AND race_hispanic == 0 AND charges <= 9.04e+05 AND hrt <= 208 AND alb <= 13 AND glucose_was_missing == 0 AND dzgroup_Lung Cancer == 0 AND dzclass_Cancer == 0 AND dzclass_Coma == 0 AND resp <= 51.7 AND race_asian == 0,0.5549289573066435
1,1,0.5513988863454369,0.8877551020408163,98,87,13,13,aps <= 118 AND dzgroup_COPD == 0 AND dnr_dnr after sadm == 1 AND adlp == 0 AND dnr_dnr before sadm == 0 AND dzclass_Cancer == 0 AND avtisst >= 23.5 AND diabetes == 0 AND bun <= 113 AND dzgroup_Colon Cancer == 0 AND dzgroup_MOSF w/Malig == 0 AND age >= 55 AND charges <= 4.67e+05,0.5513988863454369
0,1,0.5513988863454369,0.8877551020408163,98,87,16,16,race_other == 0 AND dzgroup_Cirrhosis == 0 AND dzgroup_CHF == 0 AND dnr_dnr before sadm == 0 AND race_black == 0 AND scoma <= 66.9 AND sps <= 45.1 AND glucose_was_missing == 1 AND ca_no == 0 AND 4.71 <= edu <= 20.9 AND 6.26 <= avtisst <= 24.4 AND bun <= 143 AND dzgroup_Coma == 0 AND race_white == 1 AND totmcst <= 1.19e+05 AND race_hispanic == 0,0.5513988863454369
0,1,0.5487158038749901,0.8868894601542416,389,345,10,10,race_other == 0 AND charges <= 5e+05 AND scoma <= 34.5 AND dzgroup_Cirrhosis == 0 AND adlsc <= 2.66 AND race_asian == 0 AND bun <= 99.2 AND edu <= 17 AND urine_was_missing == 1 AND sps <= 32.4,0.5487158038749901
0,1,0.5459497139583417,0.8859934853420195,307,272,15,15,race_hispanic == 0 AND scoma <= 34.5 AND bili <= 23.2 AND race_asian == 0 AND dzgroup_Cirrhosis == 0 AND glucose <= 392 AND dzgroup_MOSF w/Malig == 0 AND race_other == 0 AND 7.11 <= ph <= 7.73 AND charges <= 5e+05 AND avtisst <= 42.3 AND bun <= 113 AND 18.8 <= meanbp <= 127 AND urine_was_missing == 0 AND ca_yes == 0,0.5459497139583417
0,1,0.5450900410543225,0.8857142857142857,35,31,17,17,dzclass_Coma == 0 AND dnr_dnr after sadm == 0 AND 36.4 <= hrt <= 141 AND dzgroup_Cirrhosis == 0 AND wblc <= 42.3 AND 0.134 <= bili <= 21.7 AND aps <= 46.8 AND edu <= 26.7 AND scoma <= 34.5 AND dementia == 0 AND glucose_was_missing == 0 AND dzgroup_Coma == 0 AND race_hispanic == 0 AND 133 <= sod <= 157 AND urine <= 3.68e+03 AND totcst <= 2.17e+05 AND dnr_dnr before sadm == 1,0.5450900410543225
1,1,0.5417169694823225,0.8846153846153846,26,23,17,17,bun <= 119 AND dnr_no dnr == 0 AND dementia == 0 AND adlp == 0 AND avtisst >= 23.5 AND dzgroup_COPD == 0 AND glucose_was_missing == 1 AND totcst <= 1.58e+05 AND 9.96 <= resp <= 46 AND 0.237 <= crea <= 8.02 AND dzgroup_Cirrhosis == 0 AND 11.4 <= meanbp <= 103 AND hrt >= 72.9 AND glucose <= 477 AND income_was_missing == 0 AND dzclass_Coma == 0 AND 127 <= sod <= 151,0.5417169694823225
1,1,0.5417169694823225,0.8846153846153846,26,23,23,23,dzgroup_Cirrhosis == 0 AND dzclass_Coma == 0 AND race_hispanic == 0 AND dnr_dnr after sadm == 1 AND dnr_no dnr == 0 AND totcst <= 1.97e+05 AND avtisst >= 23.5 AND hrt <= 146 AND bili <= 11.3 AND dzgroup_Coma == 0 AND dzgroup_CHF == 0 AND dementia == 0 AND 7.28 <= ph <= 7.66 AND dnr_dnr before sadm == 0 AND ca_yes == 0 AND 121 <= sod <= 169 AND bun_was_missing == 0 AND dzgroup_COPD == 0 AND dzclass_COPD/CHF/Cirrhosis == 0 AND ca_no == 1 AND 30.8 <= meanbp <= 99.2 AND urine_was_missing == 0 AND diabetes == 0,0.5417169694823225
0,1,0.5417169694823225,0.8846153846153846,26,23,21,21,dnr_dnr before sadm == 0 AND bun_was_missing == 1 AND urine <= 4.58e+03 AND wblc <= 72.2 AND crea <= 7.3 AND dnr_dnr after sadm == 0 AND scoma <= 34.5 AND totmcst <= 1.55e+05 AND sex == 1 AND 3.02 <= hrt <= 208 AND alb <= 11.6 AND glucose_was_missing == 1 AND 6.75 <= aps <= 77.2 AND pafi <= 335 AND urine_was_missing == 1 AND charges <= 4.79e+05 AND age <= 47.4 AND glucose <= 361 AND dzclass_Cancer == 0 AND race_asian == 0 AND dnr_no dnr == 1,0.5417169694823225
0,1,0.53934206314862,0.8838383838383839,198,175,15,15,race_hispanic == 0 AND scoma <= 34.5 AND dzgroup_Cirrhosis == 0 AND glucose <= 272 AND totmcst <= 1.55e+05 AND 115 <= sod <= 147 AND dzgroup_MOSF w/Malig == 0 AND 7.23 <= ph <= 7.61 AND sps <= 51.9 AND aps <= 51.3 AND diabetes == 0 AND dementia == 0 AND 1.52e+03 <= urine <= 4.68e+03 AND dnr_dnr before sadm == 0 AND dzclass_Cancer == 0,0.53934206314862
0,1,0.5371442581559338,0.8831168831168831,77,68,17,17,dementia == 0 AND dnr_dnr before sadm == 0 AND race_other == 0 AND aps <= 46.8 AND race_black == 0 AND 4.56 <= avtisst <= 28.4 AND race_hispanic == 0 AND ca_no == 0 AND 7.9 <= meanbp <= 161 AND 31.4 <= hrt <= 189 AND totcst <= 1.5e+05 AND 7.29 <= ph <= 7.72 AND glucose <= 503 AND urine_was_missing == 1 AND dzgroup_MOSF w/Malig == 0 AND charges <= 5.33e+05 AND resp <= 39.8,0.5371442581559338
1,1,0.534824985896467,0.8823529411764706,51,45,17,17,bili <= 22.5 AND dzgroup_COPD == 0 AND dnr_dnr before sadm == 0 AND race_other == 0 AND totcst <= 1.06e+05 AND temp >= 34.5 AND dnr_dnr after sadm == 1 AND glucose <= 379 AND bun <= 99.7 AND 52.8 <= aps <= 133 AND dzgroup_Lung Cancer == 0 AND 51.6 <= meanbp <= 152 AND adls == 1 AND income == 1 AND dzgroup_CHF == 0 AND dzgroup_Cirrhosis == 0 AND race_black == 0,0.534824985896467
1,1,0.5322950709190192,0.8815165876777251,211,186,18,18,dnr_no dnr == 0 AND 525 <= urine <= 3.34e+03 AND avtisst >= 23.5 AND 121 <= sod <= 149 AND race_hispanic == 0 AND 7.28 <= ph <= 7.66 AND dnr_dnr after sadm == 1 AND 30.5 <= aps <= 101 AND adlp == 0 AND dzgroup_COPD == 0 AND dzgroup_Cirrhosis == 0 AND dzclass_Cancer == 0 AND race_asian == 0 AND dnr_dnr before sadm == 0 AND dzgroup_Lung Cancer == 0 AND income_was_missing == 0 AND 6.11 <= edu <= 17.9 AND dzgroup_CHF == 0,0.5322950709190192
1,1,0.5277319168,0.88,125,110,17,17,dzclass_Cancer == 0 AND dnr_dnr before sadm == 0 AND dnr_dnr after sadm == 1 AND dnr_no dnr == 0 AND adlp == 0 AND 9.18 <= edu <= 22.8 AND crea <= 7.51 AND dzclass_COPD/CHF/Cirrhosis == 0 AND totmcst <= 2.58e+05 AND 52.8 <= aps <= 118 AND dzgroup_Lung Cancer == 0 AND adlp_was_missing == 1 AND wblc <= 57.4 AND dzgroup_CHF == 0 AND dzclass_Coma == 0 AND totcst <= 1.03e+05 AND dzgroup_Coma == 0,0.5277319168
0,1,0.5277319168,0.88,50,44,15,15,race_other == 0 AND totmcst <= 2.62e+05 AND scoma <= 34.5 AND dzgroup_Cirrhosis == 0 AND dnr_dnr before sadm == 0 AND race_black == 0 AND dzgroup_COPD == 0 AND ca_no == 0 AND avtisst <= 35.9 AND totcst <= 8.4e+04 AND dementia == 0 AND alb <= 10.1 AND crea <= 6.42 AND glucose <= 378 AND dzgroup_CHF == 0,0.5277319168
0,1,0.5277319168,0.88,25,22,18,18,race_other == 0 AND dzgroup_Cirrhosis == 0 AND dzgroup_CHF == 0 AND dnr_dnr before sadm == 0 AND race_black == 0 AND scoma <= 80.1 AND sps <= 45.1 AND glucose_was_missing == 1 AND ca_no == 0 AND 4.71 <= edu <= 20.9 AND 6.26 <= avtisst <= 24.4 AND bun <= 143 AND dzgroup_Coma == 0 AND totmcst <= 1.19e+05 AND race_hispanic == 0 AND glucose <= 408 AND income_was_missing == 0 AND income == 1,0.5277319168
1,1,0.5277319168,0.88,25,22,20,20,crea <= 6.12 AND bun <= 103 AND dzgroup_COPD == 0 AND dzgroup_MOSF w/Malig == 0 AND dnr_dnr before sadm == 0 AND dnr_no dnr == 0 AND wblc <= 61.9 AND 7.5 <= edu <= 19.9 AND 21.6 <= hrt <= 208 AND urine_was_missing == 1 AND adlp_was_missing == 1 AND totmcst <= 2.74e+05 AND race_asian == 0 AND 25.4 <= age <= 73.7 AND alb <= 11.2 AND dzgroup_CHF == 0 AND ca_yes == 0 AND pafi <= 379 AND dnrday <= 53.2 AND dzclass_Cancer == 0,0.5277319168
0,1,0.5241073981293608,0.8787878787878788,33,29,24,24,age <= 77 AND totmcst <= 2.31e+05 AND avtisst <= 40 AND 20.7 <= hrt <= 216 AND alb <= 11 AND bili <= 15.3 AND urine_was_missing == 1 AND urine <= 5.07e+03 AND sex == 1 AND dzgroup_Cirrhosis == 0 AND dzgroup_Colon Cancer == 0 AND dzgroup_Lung Cancer == 0 AND dzclass_Cancer == 0 AND race_black == 0 AND ca_no == 0 AND dnr_dnr after sadm == 0 AND dnr_dnr before sadm == 0 AND dnr_no dnr == 1 AND sps <= 55.9 AND crea <= 7.08 AND dzgroup_CHF == 0 AND dzclass_COPD/CHF/Cirrhosis == 0 AND race_asian == 0 AND diabetes == 0,0.5241073981293608
1,1,0.5241073981293608,0.8787878787878788,33,29,19,19,crea <= 6.12 AND bun <= 103 AND dzclass_Cancer == 0 AND dementia == 0 AND dzgroup_COPD == 0 AND dzgroup_MOSF w/Malig == 0 AND dnr_dnr before sadm == 0 AND dnr_no dnr == 0 AND 34.7 <= temp <= 41.5 AND 7.5 <= edu <= 19.9 AND 118 <= sod <= 156 AND adlp_was_missing == 1 AND race_asian == 0 AND avtisst >= 31 AND dnrday <= 71.1 AND dzgroup_CHF == 0 AND ca_yes == 0 AND adlp == 0 AND 30.8 <= aps <= 77.2,0.5241073981293608
1,1,0.5241073981293608,0.8787878787878788,33,29,14,14,dzclass_Coma == 0 AND race_hispanic == 0 AND dnr_no dnr == 0 AND totcst <= 2.03e+05 AND avtisst >= 23.5 AND adlp == 0 AND dnr_dnr before sadm == 0 AND ca_yes == 0 AND 31.3 <= aps <= 94.7 AND sod <= 169 AND dzgroup_CHF == 0 AND 42.8 <= pafi <= 250 AND urine <= 3.4e+03 AND race_other == 0,0.5241073981293608
0,1,0.5228874093707979,0.8783783783783784,148,130,21,21,wblc <= 72.2 AND glucose_was_missing == 1 AND dzgroup_MOSF w/Malig == 0 AND race_other == 0 AND totcst <= 9.77e+04 AND urine <= 4.3e+03 AND adlp == 0 AND race_black == 0 AND ca_no == 1 AND 51.2 <= age <= 93.1 AND dnrday <= 104 AND 35.5 <= meanbp <= 131 AND 21.6 <= hrt <= 208 AND 6.16 <= resp <= 37.8 AND alb <= 7.12 AND 132 <= sod <= 156 AND bun_was_missing == 1 AND bun <= 93.3 AND dzgroup_COPD == 1 AND dzgroup_Cirrhosis == 0 AND dzgroup_Coma == 0,0.5228874093707979
1,2,0.2592629511859093,0.7633928571428571,224,171,11,11,dzgroup_Lung Cancer == 0 AND diabetes == 0 AND dnr_no dnr == 0 AND bili <= 11.6 AND 18.4 <= age <= 80.2 AND race_asian == 0 AND hrt <= 146 AND adlp_was_missing == 1 AND income_was_missing == 0 AND dzgroup_CHF == 0 AND alb <= 12.8,0.5185259023718186
1,1,0.5182405834125324,0.8768115942028986,138,121,21,21,dzclass_Coma == 0 AND race_hispanic == 0 AND dnr_dnr after sadm == 1 AND dnr_no dnr == 0 AND scoma <= 39.5 AND totcst <= 1.97e+05 AND avtisst >= 23.5 AND hrt <= 146 AND bili <= 11.3 AND dzgroup_Coma == 0 AND 1.16e+03 <= urine <= 3.4e+03 AND dzgroup_CHF == 0 AND dementia == 0 AND 7.28 <= ph <= 7.66 AND adlp == 0 AND dzclass_Cancer == 0 AND dnr_dnr before sadm == 0 AND dzgroup_Colon Cancer == 0 AND 42.8 <= pafi <= 557 AND alb <= 6.88 AND bun <= 123,0.5182405834125324
1,1,0.512908935546875,0.875,24,21,12,12,dnr_dnr before sadm == 0 AND dnr_no dnr == 0 AND 121 <= sod <= 156 AND dzgroup_COPD == 0 AND dzgroup_CHF == 0 AND race_asian == 0 AND dementia == 0 AND bun <= 119 AND adlp == 0 AND adls == 1 AND 17.2 <= meanbp <= 64.8 AND dzclass_COPD/CHF/Cirrhosis == 0,0.512908935546875
0,1,0.512908935546875,0.875,8,7,17,17,race_other == 0 AND scoma <= 27.5 AND glucose_was_missing == 0 AND dzgroup_Cirrhosis == 0 AND race_hispanic == 0 AND 7.9 <= meanbp <= 161 AND wblc <= 69.8 AND adlp == 0 AND dzgroup_COPD == 0 AND ca_no == 0 AND avtisst <= 35.9 AND dementia == 0 AND bun <= 52.6 AND dzgroup_Coma == 0 AND dzgroup_MOSF w/Malig == 0 AND race_asian == 0 AND dnr_no dnr == 1,0.512908935546875
1,1,0.512908935546875,0.875,8,7,18,18,dzgroup_Cirrhosis == 0 AND dementia == 0 AND sod <= 156 AND 43.6 <= age <= 86.3 AND race_hispanic == 0 AND avtisst >= 37.8 AND dnrday <= 55.5 AND diabetes == 1 AND 55.7 <= hrt <= 170 AND alb <= 10.6 AND urine_was_missing == 1 AND dzgroup_Colon Cancer == 0 AND dzclass_Coma == 0 AND race_asian == 0 AND race_black == 0 AND race_other == 0 AND 6.86 <= edu <= 25.1 AND 35.7 <= temp <= 40.7,0.512908935546875
1,1,0.512908935546875,0.875,8,7,22,22,totcst <= 9.93e+04 AND 9.2 <= sps <= 47.8 AND alb <= 10.6 AND 7.2 <= ph <= 7.6 AND adlsc <= 2.65 AND dzgroup_Cirrhosis == 0 AND dzgroup_MOSF w/Malig == 1 AND dzclass_Coma == 0 AND race_asian == 0 AND ca_yes == 1 AND dnr_no dnr == 0 AND dementia == 0 AND adlp == 0 AND dzgroup_Lung Cancer == 0 AND race_hispanic == 0 AND dzgroup_Colon Cancer == 0 AND totmcst <= 1.23e+05 AND adls == 0 AND race_black == 0 AND dnr_dnr before sadm == 0 AND sex == 0 AND crea <= 3.99,0.512908935546875
0,1,0.512908935546875,0.875,8,7,19,19,scoma <= 34.5 AND glucose <= 508 AND wblc <= 82 AND 2.39 <= edu <= 22.4 AND sps <= 45.1 AND bili <= 18.3 AND dzclass_Coma == 0 AND race_black == 0 AND race_other == 0 AND race_white == 1 AND hrt <= 130 AND sex == 0 AND bun <= 218 AND dzgroup_Cirrhosis == 0 AND dzgroup_MOSF w/Malig == 0 AND race_asian == 0 AND race_hispanic == 0 AND adlp == 0 AND dzgroup_Colon Cancer == 0,0.512908935546875
0,1,0.512908935546875,0.875,16,14,18,18,dnr_dnr after sadm == 0 AND scoma <= 34.5 AND sps <= 45.1 AND wblc <= 118 AND dzgroup_Cirrhosis == 0 AND race_other == 0 AND dnr_no dnr == 1 AND 2.39 <= edu <= 22.4 AND dementia == 0 AND glucose <= 581 AND dzgroup_Coma == 0 AND race_black == 0 AND race_white == 1 AND charges <= 5.34e+05 AND bili <= 18.3 AND adls == 1 AND dzgroup_COPD == 0 AND dzclass_Coma == 0,0.512908935546875
0,1,0.512908935546875,0.875,72,63,21,21,race_other == 0 AND aps <= 29.6 AND dementia == 0 AND pafi <= 685 AND dzgroup_Cirrhosis == 0 AND diabetes == 0 AND glucose <= 482 AND resp <= 46.5 AND race_asian == 0 AND dzgroup_COPD == 0 AND 49.9 <= age <= 71.6 AND totmcst <= 2.78e+05 AND 1.33 <= sps <= 26.1 AND crea <= 7.72 AND bun_was_missing == 0 AND urine <= 4.44e+03 AND adlp == 0 AND dzgroup_Colon Cancer == 0 AND dzgroup_MOSF w/Malig == 0 AND totcst <= 2.03e+05 AND income_was_missing == 0,0.512908935546875
1,1,0.512908935546875,0.875,40,35,17,17,dzgroup_COPD == 0 AND dnr_dnr before sadm == 0 AND temp >= 34.5 AND glucose <= 477 AND dzgroup_Lung Cancer == 0 AND 51.6 <= meanbp <= 152 AND dzgroup_CHF == 0 AND dzgroup_Cirrhosis == 0 AND 23.5 <= avtisst <= 50.8 AND pafi <= 524 AND dnr_no dnr == 0 AND bun <= 113 AND 121 <= sod <= 169 AND race_other == 0 AND dnr_dnr after sadm == 1 AND num_co == 2 AND adlsc <= 2.41,0.512908935546875
0,1,0.512908935546875,0.875,8,7,22,22,28.5 <= meanbp <= 177 AND dzgroup_Cirrhosis == 0 AND dzgroup_Colon Cancer == 0 AND dzgroup_Lung Cancer == 0 AND ca_yes == 0 AND dnr_dnr after sadm == 0 AND dnr_no dnr == 1 AND bun_was_missing == 0 AND dzclass_Coma == 0 AND race_other == 0 AND charges <= 4.27e+05 AND bili <= 22.5 AND ca_no == 1 AND 46.6 <= age <= 64.5 AND race_asian == 0 AND totmcst <= 2.62e+05 AND wblc <= 55.1 AND 33.5 <= temp <= 41.2 AND adlp_was_missing == 1 AND dzgroup_COPD == 0 AND alb <= 12 AND dnr_dnr before sadm == 0,0.512908935546875
0,1,0.512908935546875,0.875,264,231,15,15,dnr_dnr after sadm == 0 AND ph >= 7.09 AND 12.2 <= pafi <= 447 AND dzgroup_Cirrhosis == 0 AND 0.134 <= bili <= 21.7 AND 119 <= sod <= 156 AND dzclass_Cancer == 0 AND meanbp <= 119 AND income_was_missing == 1 AND dnr_dnr before sadm == 0 AND hrt <= 208 AND alb <= 10.4 AND 305 <= urine <= 2.64e+03 AND bun_was_missing == 1 AND bun <= 110,0.512908935546875
0,1,0.512908935546875,0.875,40,35,18,18,aps <= 78.8 AND race_hispanic == 0 AND dzgroup_Cirrhosis == 0 AND crea <= 7.3 AND race_other == 0 AND bili <= 12.2 AND race_asian == 0 AND dnrday <= 75.1 AND meanbp <= 170 AND dzgroup_Colon Cancer == 0 AND totmcst <= 1.84e+05 AND dzgroup_Lung Cancer == 0 AND 46.6 <= age <= 70 AND diabetes == 1 AND sod <= 149 AND dzgroup_MOSF w/Malig == 0 AND ca_yes == 0 AND dnr_dnr after sadm == 0,0.512908935546875
1,1,0.512908935546875,0.875,24,21,19,19,dzgroup_Coma == 0 AND dzgroup_MOSF w/Malig == 0 AND race_hispanic == 0 AND dnr_dnr after sadm == 1 AND adlp == 0 AND dnr_no dnr == 0 AND 118 <= sod <= 156 AND dzgroup_Lung Cancer == 0 AND dnr_dnr before sadm == 0 AND glucose <= 379 AND adlp_was_missing == 1 AND dzclass_Cancer == 0 AND race_other == 0 AND totmcst <= 2.23e+05 AND sex == 1 AND dzgroup_Colon Cancer == 0 AND dzclass_Coma == 0 AND scoma >= 72.5 AND race_asian == 0,0.512908935546875
1,1,0.512908935546875,0.875,16,14,18,18,dzgroup_COPD == 0 AND dzgroup_MOSF w/Malig == 0 AND race_asian == 0 AND dnr_dnr before sadm == 0 AND dnr_dnr after sadm == 1 AND 30.8 <= aps <= 101 AND adlp_was_missing == 1 AND dzclass_Cancer == 0 AND 21.6 <= hrt <= 208 AND dzgroup_Colon Cancer == 0 AND alb <= 7.54 AND dzgroup_CHF == 0 AND ca_yes == 0 AND bili <= 19.3 AND 121 <= sod <= 156 AND 7.26 <= ph <= 7.54 AND dnr_no dnr == 0 AND crea <= 5.91,0.512908935546875
0,1,0.512908935546875,0.875,8,7,18,18,charges <= 4.05e+05 AND dnr_no dnr == 1 AND bili <= 21.7 AND adlp_was_missing == 0 AND dzgroup_Cirrhosis == 0 AND wblc <= 87.9 AND dzclass_Coma == 0 AND race_white == 0 AND urine <= 4.52e+03 AND race_other == 0 AND bun_was_missing == 0 AND dzclass_COPD/CHF/Cirrhosis == 0 AND aps <= 46.8 AND glucose <= 392 AND race_asian == 0 AND race_hispanic == 0 AND dzgroup_CHF == 0 AND dzgroup_Colon Cancer == 0,0.512908935546875
1,1,0.512908935546875,0.875,24,21,22,22,aps <= 118 AND pafi <= 498 AND dnr_no dnr == 0 AND avtisst >= 23.5 AND race_hispanic == 0 AND scoma <= 37 AND dzgroup_Colon Cancer == 0 AND dnr_dnr after sadm == 1 AND crea <= 5.3 AND adlp_was_missing == 1 AND race_asian == 0 AND ca_no == 1 AND 9.18 <= edu <= 22.8 AND 7.22 <= ph <= 7.7 AND dzgroup_CHF == 0 AND dzclass_Cancer == 0 AND race_black == 0 AND bun <= 86.8 AND dzgroup_Lung Cancer == 0 AND ca_yes == 0 AND 7.75 <= hrt <= 132 AND alb <= 6.73,0.512908935546875
1,1,0.512908935546875,0.875,16,14,20,20,dzgroup_COPD == 0 AND dzgroup_Cirrhosis == 0 AND dnr_dnr after sadm == 1 AND sps <= 62.2 AND dzgroup_Lung Cancer == 0 AND 47.7 <= age <= 98.3 AND ca_yes == 0 AND glucose <= 540 AND adlp == 0 AND dzclass_COPD/CHF/Cirrhosis == 0 AND dzclass_Cancer == 0 AND num_co == 3 AND totmcst <= 2.62e+05 AND sex == 0 AND 9.21 <= avtisst <= 50.8 AND 65.9 <= meanbp <= 140 AND alb <= 12.1 AND bili <= 9.19 AND race_hispanic == 0 AND totcst <= 1.63e+05,0.512908935546875
0,1,0.512908935546875,0.875,72,63,18,18,avtisst <= 41.2 AND dementia == 0 AND bili <= 19.8 AND crea <= 7.15 AND glucose_was_missing == 0 AND bun <= 104 AND race_asian == 0 AND race_hispanic == 0 AND dnr_dnr before sadm == 0 AND temp >= 33.5 AND dzgroup_Coma == 0 AND age >= 44.6 AND 36.4 <= hrt <= 141 AND 3.96 <= resp <= 44.2 AND sex == 1 AND race_other == 0 AND dnrday <= 63.1 AND dzclass_Coma == 0,0.512908935546875
0,1,0.512908935546875,0.875,16,14,17,17,ca_yes == 0 AND race_hispanic == 0 AND dnr_dnr before sadm == 0 AND dementia == 0 AND crea <= 7.15 AND age >= 25.8 AND dnrday <= 187 AND 7.11 <= ph <= 7.73 AND income_was_missing == 0 AND resp <= 55.9 AND dzclass_Coma == 0 AND glucose <= 387 AND dzgroup_Cirrhosis == 0 AND dzgroup_Coma == 0 AND race_asian == 0 AND race_black == 1 AND dzgroup_MOSF w/Malig == 0,0.512908935546875
0,1,0.512908935546875,0.875,8,7,20,20,sod <= 155 AND avtisst <= 42.7 AND race_other == 0 AND dzgroup_Cirrhosis == 0 AND glucose_was_missing == 0 AND dzgroup_MOSF w/Malig == 0 AND race_asian == 0 AND ca_yes == 0 AND bun <= 143 AND hrt <= 226 AND dnr_dnr before sadm == 0 AND aps <= 31.6 AND dementia == 0 AND 14.2 <= pafi <= 546 AND bun_was_missing == 0 AND adlp_was_missing == 1 AND totcst <= 1.61e+05 AND totmcst <= 2.11e+05 AND race_white == 1 AND alb <= 8.85,0.512908935546875
1,1,0.5062822941801043,0.8727272727272727,55,48,17,17,dzclass_Cancer == 0 AND dnr_dnr after sadm == 1 AND dnr_no dnr == 0 AND adlp == 0 AND hrt >= 9.45 AND glucose_was_missing == 1 AND dzgroup_Colon Cancer == 0 AND dzgroup_MOSF w/Malig == 0 AND race_other == 0 AND charges <= 4.58e+05 AND avtisst >= 23.5 AND adlp_was_missing == 1 AND dzgroup_CHF == 0 AND dnr_dnr before sadm == 0 AND bun_was_missing == 1 AND aps <= 48.1 AND wblc <= 70.7,0.5062822941801043
0,1,0.5003995641837429,0.8706896551724138,116,101,14,14,sod <= 155 AND race_other == 0 AND scoma <= 34.5 AND dzgroup_Cirrhosis == 0 AND dzgroup_COPD == 0 AND race_asian == 0 AND ca_yes == 0 AND bun <= 143 AND 1.49 <= edu <= 14.5 AND totmcst <= 1.23e+05 AND avtisst <= 43.2 AND resp <= 24.3 AND dzclass_COPD/CHF/Cirrhosis == 0 AND dnr_dnr before sadm == 0,0.5003995641837429
1,1,0.4994827458809231,0.8703703703703703,54,47,15,15,dnr_dnr after sadm == 1 AND totmcst <= 2.58e+05 AND adlp == 0 AND dzclass_Cancer == 0 AND dzclass_COPD/CHF/Cirrhosis == 0 AND dzclass_Coma == 0 AND dnr_no dnr == 0 AND 56.7 <= age <= 80.2 AND diabetes == 0 AND 39 <= meanbp <= 115 AND dzgroup_Coma == 0 AND dzgroup_Lung Cancer == 0 AND race_asian == 0 AND 16.9 <= hrt <= 99.1 AND dzgroup_Colon Cancer == 0,0.4994827458809231
0,1,0.49717673529828965,0.8695652173913043,69,60,18,18,meanbp <= 169 AND sod <= 155 AND crea <= 7.15 AND race_other == 0 AND charges <= 6.04e+05 AND dzgroup_Cirrhosis == 0 AND dzgroup_COPD == 0 AND glucose <= 581 AND adlsc <= 2.66 AND race_asian == 0 AND ca_yes == 0 AND dzclass_COPD/CHF/Cirrhosis == 0 AND pafi <= 449 AND dzclass_Coma == 0 AND glucose_was_missing == 0 AND 24.7 <= bun <= 123 AND race_hispanic == 0 AND race_white == 1,0.49717673529828965
1,1,0.49514246333408923,0.8688524590163934,61,53,21,21,race_other == 0 AND dnr_dnr before sadm == 0 AND dnr_no dnr == 0 AND 121 <= sod <= 156 AND meanbp <= 127 AND totcst <= 1.97e+05 AND dzgroup_COPD == 0 AND dzclass_Coma == 0 AND 30.8 <= aps <= 109 AND bun <= 120 AND adlp_was_missing == 1 AND dzgroup_CHF == 0 AND dzgroup_Coma == 0 AND ca_no == 1 AND ca_yes == 0 AND 7.47 <= edu <= 26.4 AND dnrday <= 147 AND 7.26 <= ph <= 7.54 AND glucose_was_missing == 0 AND sex == 0 AND race_white == 1,0.49514246333408923
1,1,0.48894551440329226,0.8666666666666667,15,13,18,18,race_hispanic == 0 AND dnr_dnr after sadm == 1 AND dnr_no dnr == 0 AND dzgroup_Coma == 0 AND dementia == 0 AND dnr_dnr before sadm == 0 AND diabetes == 0 AND alb <= 10.6 AND dnrday <= 75.4 AND 14.8 <= resp <= 41.2 AND dzgroup_MOSF w/Malig == 0 AND crea <= 5.3 AND dzgroup_Colon Cancer == 0 AND ca_no == 1 AND 7.5 <= edu <= 16.5 AND adlp == 0 AND num_co == 0 AND bili <= 14,0.48894551440329226
1,1,0.48894551440329226,0.8666666666666667,15,13,21,21,sex == 1 AND charges <= 3e+05 AND dnr_no dnr == 0 AND bili <= 11.6 AND totcst <= 1.97e+05 AND dzclass_COPD/CHF/Cirrhosis == 0 AND urine <= 3.62e+03 AND dzclass_Cancer == 0 AND 7.5 <= edu <= 18.2 AND pafi <= 524 AND ca_yes == 0 AND dnrday <= 92.8 AND 34.7 <= temp <= 41.5 AND crea <= 6.12 AND glucose <= 357 AND bun <= 75.8 AND dzgroup_COPD == 0 AND dnr_dnr before sadm == 0 AND dementia == 0 AND income == 1 AND glucose_was_missing == 1,0.48894551440329226
1,1,0.48894551440329226,0.8666666666666667,15,13,18,18,dnr_dnr after sadm == 1 AND dementia == 0 AND adlp == 0 AND bun <= 113 AND dzgroup_Colon Cancer == 0 AND dzclass_Coma == 0 AND ca_yes == 1 AND urine_was_missing == 0 AND adlp_was_missing == 1 AND dzgroup_Cirrhosis == 0 AND totcst <= 1.06e+05 AND bili <= 35.1 AND income_was_missing == 1 AND dzgroup_COPD == 0 AND dzclass_COPD/CHF/Cirrhosis == 0 AND race_other == 0 AND totmcst <= 1.38e+05 AND ca_no == 0,0.48894551440329226
1,1,0.48894551440329226,0.8666666666666667,15,13,17,17,dzgroup_COPD == 0 AND dnr_no dnr == 0 AND pafi <= 524 AND dementia == 0 AND dnrday <= 49.6 AND adlp == 0 AND hrt >= 72.9 AND bili <= 10.6 AND 121 <= sod <= 144 AND dzgroup_CHF == 0 AND race_black == 0 AND 23.5 <= avtisst <= 68.2 AND 7.26 <= ph <= 7.54 AND dzclass_Cancer == 0 AND dnr_dnr after sadm == 1 AND dnr_dnr before sadm == 0 AND 705 <= urine <= 3.22e+03,0.48894551440329226
0,1,0.48894551440329226,0.8666666666666667,90,78,17,17,dzgroup_Cirrhosis == 0 AND dementia == 0 AND race_other == 0 AND 31.5 <= meanbp <= 169 AND 6.02 <= resp <= 44.2 AND glucose <= 272 AND adlsc <= 2.66 AND dzgroup_MOSF w/Malig == 0 AND race_asian == 0 AND glucose_was_missing == 0 AND 38.6 <= hrt <= 226 AND bili <= 16.9 AND bun <= 143 AND dzgroup_Coma == 0 AND 5.88 <= edu <= 16.1 AND ca_yes == 0 AND dnr_dnr before sadm == 0,0.48894551440329226
1,1,0.48533973727032975,0.8653846153846154,52,45,19,19,dzgroup_COPD == 0 AND dzgroup_Cirrhosis == 0 AND dnr_dnr after sadm == 1 AND totmcst <= 2.62e+05 AND 118 <= sod <= 157 AND dnr_dnr before sadm == 0 AND sex == 1 AND diabetes == 0 AND ca_no == 1 AND 2.88 <= aps <= 93.1 AND dementia == 0 AND wblc <= 49.7 AND alb <= 12.1 AND income_was_missing == 0 AND dzgroup_Lung Cancer == 0 AND ca_yes == 0 AND glucose_was_missing == 1 AND adlp_was_missing == 1 AND urine_was_missing == 1,0.48533973727032975
1,1,0.4838840102534098,0.8648648648648649,37,32,20,20,112 <= sod <= 156 AND dzgroup_COPD == 0 AND dzgroup_Lung Cancer == 0 AND adlp_was_missing == 1 AND urine <= 4.26e+03 AND bili <= 34.3 AND dzgroup_Cirrhosis == 0 AND race_other == 0 AND dnr_no dnr == 0 AND 61.5 <= hrt <= 198 AND dzgroup_Coma == 1 AND dzclass_Cancer == 0 AND dementia == 0 AND pafi <= 524 AND scoma >= 83 AND 7.5 <= edu <= 16.5 AND charges <= 5.97e+05 AND totcst <= 1.97e+05 AND 4.24 <= resp <= 39 AND dzclass_COPD/CHF/Cirrhosis == 0,0.4838840102534098
0,1,0.48083575391465594,0.8637724550898204,668,577,17,17,32.1 <= age <= 77.4 AND scoma <= 26 AND totmcst <= 5.49e+05 AND avtisst <= 46.2 AND bili <= 22.9 AND 7.2 <= ph <= 7.64 AND glucose <= 513 AND dzgroup_Coma == 0 AND race_asian == 0 AND dnr_dnr before sadm == 0 AND 21.6 <= hrt <= 208 AND dzgroup_Colon Cancer == 0 AND sps <= 55 AND dementia == 0 AND alb <= 9.01 AND dzgroup_Lung Cancer == 0 AND dzclass_Cancer == 0,0.48083575391465594
0,1,0.47853474497915677,0.8629441624365483,197,170,16,16,bun_was_missing == 0 AND race_other == 0 AND race_hispanic == 0 AND bili <= 16.9 AND dzclass_Coma == 0 AND adlsc <= 1.58 AND dzgroup_Colon Cancer == 0 AND 7.11 <= ph <= 7.47 AND urine <= 4.52e+03 AND 12.6 <= sps <= 43.2 AND dementia == 0 AND 9.45 <= aps <= 78.5 AND alb <= 11.6 AND dzgroup_MOSF w/Malig == 0 AND pafi <= 449 AND ca_yes == 0,0.47853474497915677
1,1,0.4779830563763579,0.8627450980392157,51,44,15,15,dnr_no dnr == 0 AND adlp == 0 AND 23.5 <= avtisst <= 60 AND dzgroup_COPD == 0 AND dzgroup_Colon Cancer == 0 AND dzgroup_Coma == 0 AND dnr_dnr after sadm == 1 AND diabetes == 1 AND bun <= 110 AND dzclass_COPD/CHF/Cirrhosis == 0 AND race_hispanic == 0 AND dnr_dnr before sadm == 0 AND 27.7 <= age <= 88.8 AND dementia == 0 AND pafi <= 368,0.4779830563763579
1,1,0.47611301541420215,0.8620689655172413,29,25,16,16,bili <= 22.5 AND adlp_was_missing == 1 AND dzgroup_COPD == 0 AND dnr_dnr before sadm == 0 AND race_other == 0 AND totcst <= 1.06e+05 AND temp >= 34.5 AND dnr_dnr after sadm == 1 AND glucose <= 379 AND bun <= 99.7 AND ca_yes == 1 AND 52.8 <= aps <= 133 AND 17.2 <= resp <= 75.6 AND dzgroup_Lung Cancer == 0 AND dzgroup_Colon Cancer == 0 AND adlsc <= 2.09,0.47611301541420215
1,2,0.2373046875,0.75,4,3,19,19,pafi <= 524 AND dzgroup_Coma == 0 AND race_black == 0 AND 37.8 <= avtisst <= 61.7 AND bili <= 11.6 AND adlp == 0 AND dnrday <= 55.5 AND glucose_was_missing == 1 AND crea <= 7.51 AND 122 <= sod <= 156 AND diabetes == 0 AND scoma <= 38 AND totmcst <= 1.92e+05 AND dementia == 0 AND wblc <= 36.5 AND bun_was_missing == 1 AND adlp_was_missing == 1 AND race_other == 0 AND 72.2 <= meanbp <= 158,0.474609375
1,2,0.2373046875,0.75,8,6,21,21,dzgroup_COPD == 0 AND bili <= 9.19 AND race_other == 0 AND adlp == 0 AND 24 <= aps <= 93.1 AND dzclass_COPD/CHF/Cirrhosis == 0 AND 56.8 <= pafi <= 391 AND dzgroup_Colon Cancer == 0 AND dementia == 0 AND resp <= 30.2 AND alb <= 11.3 AND 115 <= sod <= 151 AND glucose_was_missing == 0 AND bun <= 121 AND urine_was_missing == 0 AND 1.86e+03 <= urine <= 4.65e+03 AND income == 0 AND dzgroup_Cirrhosis == 0 AND dzclass_Cancer == 0 AND 38.5 <= avtisst <= 60 AND 90.5 <= meanbp <= 149,0.474609375
0,1,0.47347381451739246,0.8611111111111112,108,93,24,24,dementia == 0 AND 345 <= urine <= 5.3e+03 AND dzgroup_Coma == 0 AND dzclass_Cancer == 0 AND race_asian == 0 AND 1.33 <= sps <= 35.5 AND 36.4 <= hrt <= 141 AND bili <= 21.7 AND dzclass_Coma == 0 AND sod <= 155 AND dzgroup_Colon Cancer == 0 AND diabetes == 0 AND dzgroup_COPD == 0 AND ca_no == 1 AND income == 0 AND race_other == 0 AND ca_yes == 0 AND dnr_dnr before sadm == 0 AND 14.2 <= pafi <= 546 AND 7.11 <= ph <= 7.67 AND glucose_was_missing == 1 AND wblc <= 71.9 AND 33.6 <= temp <= 38.4 AND race_hispanic == 0,0.47347381451739246
0,1,0.4676285304982313,0.8589743589743589,78,67,16,16,race_other == 0 AND dnr_dnr before sadm == 0 AND dzgroup_Cirrhosis == 0 AND charges <= 3.46e+05 AND dzgroup_CHF == 0 AND race_asian == 0 AND sps <= 71.3 AND bun_was_missing == 0 AND 49.9 <= age <= 71.6 AND totcst <= 2.03e+05 AND aps <= 29.6 AND diabetes == 0 AND dzgroup_COPD == 0 AND urine <= 3.67e+03 AND adlp == 0 AND dzgroup_Colon Cancer == 0,0.4676285304982313
1,1,0.46588625028131414,0.8583333333333333,120,103,16,16,dzgroup_COPD == 0 AND dzclass_Cancer == 0 AND dnr_dnr before sadm == 0 AND dnr_dnr after sadm == 1 AND dnr_no dnr == 0 AND adlp == 0 AND 11.4 <= meanbp <= 103 AND hrt >= 72.9 AND glucose <= 477 AND dzgroup_CHF == 0 AND 9.18 <= edu <= 22.8 AND crea <= 7.51 AND dzclass_COPD/CHF/Cirrhosis == 0 AND 39.2 <= age <= 74.4 AND alb <= 12.4 AND 119 <= sod <= 149,0.46588625028131414
0,1,0.46266436603796024,0.8571428571428571,7,6,20,20,dzgroup_Cirrhosis == 0 AND dnr_dnr after sadm == 0 AND glucose <= 581 AND diabetes == 0 AND dzgroup_Coma == 0 AND ca_yes == 0 AND meanbp <= 169 AND dzgroup_CHF == 0 AND dzclass_COPD/CHF/Cirrhosis == 0 AND totcst <= 1.7e+05 AND avtisst <= 42.3 AND crea <= 7.15 AND sod <= 155 AND glucose_was_missing == 1 AND race_asian == 0 AND race_hispanic == 0 AND urine <= 4.4e+03 AND adls == 1 AND sex == 1 AND race_black == 1,0.46266436603796024
0,1,0.46266436603796024,0.8571428571428571,21,18,15,15,dzgroup_Coma == 0 AND crea <= 7.4 AND race_other == 0 AND sex == 1 AND dzgroup_COPD == 0 AND pafi <= 533 AND avtisst <= 36.5 AND dementia == 0 AND income_was_missing == 0 AND dzgroup_CHF == 0 AND dzgroup_Lung Cancer == 0 AND race_asian == 0 AND race_white == 1 AND dnr_dnr before sadm == 0 AND dzgroup_Cirrhosis == 1,0.46266436603796024
0,1,0.46266436603796024,0.8571428571428571,7,6,16,16,dnr_dnr before sadm == 0 AND ca_yes == 0 AND dnr_dnr after sadm == 0 AND avtisst <= 41.2 AND alb <= 11.6 AND dzclass_Coma == 0 AND charges <= 4.05e+05 AND race_asian == 0 AND income == 0 AND 52.1 <= age <= 88.1 AND glucose_was_missing == 0 AND race_hispanic == 0 AND totcst <= 9.77e+04 AND dzgroup_COPD == 0 AND dzgroup_Cirrhosis == 0 AND dzgroup_MOSF w/Malig == 0,0.46266436603796024
0,1,0.46266436603796024,0.8571428571428571,14,12,24,24,dzclass_Cancer == 0 AND pafi <= 341 AND crea <= 7.64 AND dzgroup_Lung Cancer == 0 AND dnr_no dnr == 1 AND totmcst <= 2.79e+05 AND 49.5 <= meanbp <= 161 AND 8.02 <= hrt <= 211 AND urine_was_missing == 0 AND 44.6 <= age <= 87.2 AND num_co == 1 AND charges <= 5.53e+05 AND dzgroup_Colon Cancer == 0 AND totcst <= 2.33e+05 AND diabetes == 0 AND bili <= 11.8 AND glucose <= 314 AND dzgroup_Cirrhosis == 0 AND dzgroup_Coma == 0 AND glucose_was_missing == 0 AND dnr_dnr after sadm == 0 AND alb <= 11.1 AND race_hispanic == 0 AND ca_no == 1,0.46266436603796024
0,1,0.46266436603796024,0.8571428571428571,7,6,20,20,dzgroup_Cirrhosis == 0 AND dementia == 0 AND dnr_no dnr == 1 AND 42.8 <= meanbp <= 129 AND glucose <= 462 AND dzgroup_MOSF w/Malig == 0 AND dnr_dnr before sadm == 0 AND 2.39 <= edu <= 21.6 AND race_black == 0 AND 6.13 <= sps <= 52.8 AND hrt <= 145 AND 7.02 <= avtisst <= 42.3 AND wblc <= 92.5 AND 7.11 <= ph <= 7.73 AND urine_was_missing == 1 AND income == 1 AND dnr_dnr after sadm == 0 AND alb <= 8.74 AND dzclass_COPD/CHF/Cirrhosis == 0 AND 118 <= sod <= 148,0.46266436603796024
0,1,0.46266436603796024,0.8571428571428571,147,126,17,17,dzgroup_Cirrhosis == 0 AND pafi <= 520 AND race_black == 0 AND avtisst <= 42.3 AND charges <= 4.27e+05 AND 32.4 <= meanbp <= 85.6 AND glucose <= 340 AND dzgroup_COPD == 0 AND dzgroup_Colon Cancer == 0 AND aps <= 74.9 AND race_other == 0 AND ph >= 7.04 AND totcst <= 1.26e+05 AND dzgroup_MOSF w/Malig == 0 AND race_asian == 0 AND dnr_dnr before sadm == 0 AND bun <= 105,0.46266436603796024
0,1,0.46266436603796024,0.8571428571428571,7,6,17,17,dnr_dnr after sadm == 0 AND aps <= 71.4 AND 7.09 <= ph <= 7.73 AND race_hispanic == 0 AND resp <= 47.4 AND charges <= 4.27e+05 AND dzgroup_Cirrhosis == 0 AND dzgroup_Coma == 0 AND avtisst <= 36.6 AND alb <= 9.01 AND crea <= 6.74 AND race_other == 0 AND bili <= 12.2 AND race_asian == 0 AND dementia == 1 AND totcst <= 1.26e+05 AND dzclass_COPD/CHF/Cirrhosis == 1,0.46266436603796024
1,1,0.46266436603796024,0.8571428571428571,7,6,17,17,dementia == 0 AND dnr_dnr before sadm == 0 AND dzclass_Cancer == 0 AND 121 <= sod <= 159 AND dzclass_Coma == 0 AND adlp_was_missing == 1 AND ca_yes == 1 AND 45 <= age <= 81.9 AND alb <= 10.6 AND dzgroup_Colon Cancer == 0 AND race_asian == 0 AND dzgroup_MOSF w/Malig == 1 AND avtisst >= 23.5 AND hrt <= 146 AND urine_was_missing == 1 AND dzgroup_COPD == 0 AND dzclass_COPD/CHF/Cirrhosis == 0,0.46266436603796024
0,1,0.46266436603796024,0.8571428571428571,7,6,18,18,dzgroup_Coma == 0 AND 1.94 <= edu <= 28.6 AND dzclass_Coma == 0 AND glucose <= 497 AND dnr_dnr after sadm == 0 AND sex == 1 AND dnrday <= 75.1 AND urine_was_missing == 1 AND dnr_no dnr == 1 AND 33.4 <= hrt <= 203 AND crea <= 5.27 AND adlp == 0 AND dzclass_COPD/CHF/Cirrhosis == 1 AND dzclass_Cancer == 0 AND race_white == 1 AND dnr_dnr before sadm == 0 AND 122 <= sod <= 156 AND bun_was_missing == 1,0.46266436603796024
1,1,0.46266436603796024,0.8571428571428571,35,30,20,20,dzgroup_COPD == 0 AND dzgroup_MOSF w/Malig == 0 AND totcst <= 1.58e+05 AND race_hispanic == 0 AND race_other == 0 AND bun_was_missing == 1 AND dzgroup_CHF == 0 AND pafi <= 492 AND alb <= 6.77 AND dzgroup_Colon Cancer == 0 AND dnr_dnr after sadm == 1 AND charges <= 4.58e+05 AND 30.5 <= aps <= 101 AND dementia == 0 AND glucose_was_missing == 1 AND bun <= 91.8 AND dzgroup_Cirrhosis == 0 AND bili <= 19.1 AND adlp_was_missing == 1 AND dzclass_Coma == 1,0.46266436603796024
0,1,0.46266436603796024,0.8571428571428571,7,6,19,19,resp <= 47.4 AND crea <= 6.86 AND dzgroup_MOSF w/Malig == 0 AND dnr_dnr after sadm == 0 AND bili <= 21.7 AND diabetes == 0 AND dementia == 0 AND 345 <= urine <= 5.3e+03 AND adlsc <= 2.66 AND dzgroup_Colon Cancer == 0 AND race_asian == 0 AND dnr_no dnr == 1 AND bun_was_missing == 1 AND sex == 0 AND race_white == 0 AND 51.5 <= meanbp <= 107 AND dzgroup_Cirrhosis == 0 AND charges <= 5.63e+05 AND bun <= 128,0.46266436603796024
1,1,0.46266436603796024,0.8571428571428571,7,6,17,17,sex == 1 AND dementia == 0 AND charges <= 3e+05 AND dnr_no dnr == 0 AND bili <= 11.6 AND totcst <= 1.97e+05 AND dzclass_COPD/CHF/Cirrhosis == 0 AND race_other == 0 AND urine <= 3.62e+03 AND dzclass_Cancer == 0 AND 7.5 <= edu <= 18.2 AND pafi <= 524 AND dzgroup_Coma == 1 AND 4.24 <= resp <= 51.8 AND alb <= 7.54 AND income_was_missing == 0 AND ca_yes == 0,0.46266436603796024
1,1,0.46266436603796024,0.8571428571428571,21,18,19,19,dzgroup_COPD == 0 AND dzgroup_Cirrhosis == 0 AND dzgroup_Lung Cancer == 0 AND dzclass_COPD/CHF/Cirrhosis == 0 AND dzclass_Cancer == 0 AND race_hispanic == 0 AND dzgroup_MOSF w/Malig == 0 AND dnr_dnr before sadm == 0 AND dzgroup_CHF == 0 AND dnr_dnr after sadm == 1 AND 2.81 <= aps <= 83.2 AND resp <= 25.4 AND glucose_was_missing == 1 AND race_black == 0 AND scoma >= 52.5 AND 9.21 <= avtisst <= 50.8 AND dzclass_Coma == 1 AND race_white == 1 AND race_asian == 0,0.46266436603796024
0,1,0.46266436603796024,0.8571428571428571,7,6,22,22,28.5 <= meanbp <= 177 AND dzgroup_Cirrhosis == 0 AND dzgroup_Colon Cancer == 0 AND dzgroup_Lung Cancer == 0 AND ca_yes == 0 AND dnr_dnr after sadm == 0 AND dnr_no dnr == 1 AND bun_was_missing == 0 AND dzclass_Coma == 0 AND race_other == 0 AND charges <= 4.27e+05 AND ca_no == 1 AND 46.6 <= age <= 64.5 AND race_asian == 0 AND totmcst <= 2.62e+05 AND wblc <= 55.1 AND 33.5 <= temp <= 41.2 AND adlp_was_missing == 1 AND dzgroup_COPD == 0 AND alb <= 12 AND dnr_dnr before sadm == 0 AND glucose <= 428,0.46266436603796024
0,1,0.46266436603796024,0.8571428571428571,14,12,15,15,dzgroup_Colon Cancer == 0 AND dementia == 0 AND 7.2 <= ph <= 7.64 AND race_black == 0 AND dnr_dnr before sadm == 0 AND glucose_was_missing == 0 AND race_other == 0 AND scoma <= 24 AND pafi <= 533 AND glucose <= 969 AND urine <= 5.3e+03 AND adlp_was_missing == 0 AND crea <= 7.5 AND race_white == 1 AND dnr_dnr after sadm == 1,0.46266436603796024
0,1,0.45647910258498414,0.8548387096774194,62,53,20,20,ca_yes == 0 AND dnr_dnr before sadm == 0 AND dzclass_COPD/CHF/Cirrhosis == 1 AND ca_no == 1 AND diabetes == 0 AND meanbp <= 131 AND crea <= 5.27 AND totmcst <= 1.05e+05 AND dzgroup_CHF == 0 AND race_asian == 0 AND avtisst <= 23.3 AND dzgroup_Lung Cancer == 0 AND dzclass_Cancer == 0 AND dzclass_Coma == 0 AND 43.2 <= age <= 92.6 AND bun <= 158 AND charges <= 3.96e+05 AND aps <= 49.5 AND dnr_dnr after sadm == 1 AND dnrday <= 102,0.45647910258498414
1,1,0.4556966565870437,0.8545454545454545,55,47,13,13,dzgroup_COPD == 0 AND dzgroup_MOSF w/Malig == 0 AND race_asian == 0 AND dementia == 0 AND dnr_dnr after sadm == 1 AND adlp == 0 AND dzclass_Cancer == 0 AND edu <= 26.4 AND adls == 1 AND alb <= 7.5 AND dzgroup_Cirrhosis == 0 AND aps <= 118 AND dnr_no dnr == 0,0.4556966565870437
1,1,0.4514351841417832,0.8529411764705882,34,29,16,16,dzgroup_COPD == 0 AND dnr_dnr before sadm == 0 AND glucose <= 477 AND dzgroup_Lung Cancer == 0 AND 51.6 <= meanbp <= 152 AND dzgroup_CHF == 0 AND dzgroup_Cirrhosis == 0 AND 23.5 <= avtisst <= 50.8 AND pafi <= 524 AND dnr_no dnr == 0 AND bun <= 113 AND 121 <= sod <= 169 AND race_other == 0 AND dnr_dnr after sadm == 1 AND num_co == 2 AND adlsc <= 2.41,0.4514351841417832
1,2,0.22481780895283973,0.7419354838709677,62,46,15,15,income_was_missing == 0 AND dzgroup_Lung Cancer == 0 AND dnrday <= 55.5 AND race_asian == 0 AND ca_yes == 0 AND 56.8 <= pafi <= 391 AND bili <= 16.3 AND scoma >= 74.5 AND alb <= 7.54 AND 127 <= sod <= 169 AND urine <= 3.22e+03 AND dzgroup_MOSF w/Malig == 0 AND race_other == 0 AND 5.8 <= edu <= 18.2 AND dnr_dnr before sadm == 0,0.44963561790567946
1,1,0.44855981016533175,0.8518518518518519,27,23,18,18,bili <= 35.1 AND adlp_was_missing == 1 AND dzgroup_COPD == 0 AND dnr_dnr before sadm == 0 AND race_other == 0 AND totcst <= 1.06e+05 AND temp >= 34.5 AND dnr_dnr after sadm == 1 AND glucose <= 379 AND bun <= 99.7 AND ca_yes == 1 AND 52.8 <= aps <= 133 AND 17.2 <= resp <= 75.6 AND dzgroup_Lung Cancer == 0 AND dzgroup_Colon Cancer == 0 AND dementia == 0 AND income_was_missing == 1 AND dzclass_COPD/CHF/Cirrhosis == 0,0.44855981016533175
1,1,0.44855981016533175,0.8518518518518519,54,46,14,14,bun <= 119 AND dnr_no dnr == 0 AND dementia == 0 AND adlp == 0 AND avtisst >= 23.5 AND adlp_was_missing == 1 AND dzclass_Cancer == 0 AND race_asian == 0 AND dnr_dnr before sadm == 0 AND dnrday <= 128 AND dzgroup_COPD == 0 AND hrt <= 146 AND glucose_was_missing == 1 AND ca_yes == 1,0.44855981016533175
1,1,0.44648890045380407,0.851063829787234,47,40,14,14,charges <= 5.18e+05 AND aps <= 86.7 AND dzgroup_COPD == 0 AND dzgroup_Lung Cancer == 0 AND dzgroup_MOSF w/Malig == 0 AND dnr_dnr after sadm == 1 AND totmcst <= 2.58e+05 AND adlp == 0 AND dnr_dnr before sadm == 0 AND dzgroup_CHF == 0 AND dzclass_Cancer == 0 AND diabetes == 0 AND bun <= 127 AND race_black == 1,0.44648890045380407
0,1,0.44565652018498464,0.8507462686567164,201,171,19,19,dnrday <= 80.5 AND dzgroup_COPD == 0 AND dzgroup_Coma == 0 AND race_other == 0 AND dzgroup_MOSF w/Malig == 0 AND dzclass_Cancer == 0 AND scoma <= 34.5 AND dementia == 0 AND 4.56 <= resp <= 27.4 AND glucose <= 340 AND race_hispanic == 0 AND 7.77 <= edu <= 26.7 AND charges <= 5.05e+05 AND avtisst <= 47.2 AND alb <= 11.6 AND crea <= 7.3 AND ph >= 7.11 AND dzgroup_Colon Cancer == 0 AND adlsc <= 2.19,0.44565652018498464
1,1,0.44370531249999995,0.85,20,17,21,21,dnr_dnr before sadm == 0 AND temp >= 34.1 AND glucose <= 477 AND dzgroup_Lung Cancer == 0 AND dzgroup_CHF == 0 AND 23.5 <= avtisst <= 62.9 AND pafi <= 524 AND dnr_no dnr == 0 AND bun <= 113 AND 121 <= sod <= 169 AND dnr_dnr after sadm == 1 AND num_co == 2 AND adlsc <= 2.41 AND totcst <= 1.97e+05 AND dementia == 0 AND alb <= 10.6 AND bun_was_missing == 0 AND dzclass_Cancer == 0 AND glucose_was_missing == 0 AND dzgroup_COPD == 0 AND race_other == 0,0.44370531249999995
1,1,0.44370531249999995,0.85,40,34,17,17,dnr_no dnr == 0 AND adlp == 0 AND 23.5 <= avtisst <= 60 AND dzgroup_COPD == 0 AND dzgroup_Colon Cancer == 0 AND dzgroup_Coma == 0 AND dnr_dnr after sadm == 1 AND diabetes == 1 AND bun <= 110 AND dzclass_COPD/CHF/Cirrhosis == 0 AND race_hispanic == 0 AND dnr_dnr before sadm == 0 AND 27.7 <= age <= 88.8 AND dementia == 0 AND pafi <= 368 AND adlp_was_missing == 1 AND race_black == 0,0.44370531249999995
0,1,0.44370531249999995,0.85,40,34,15,15,dnr_dnr after sadm == 0 AND glucose_was_missing == 1 AND dzgroup_COPD == 0 AND dzgroup_Colon Cancer == 0 AND dzgroup_Lung Cancer == 0 AND dzgroup_Cirrhosis == 0 AND race_white == 0 AND bili <= 28.5 AND race_hispanic == 0 AND dnr_no dnr == 1 AND dzgroup_CHF == 0 AND dnrday <= 112 AND bun <= 90.3 AND ca_yes == 0 AND dnr_dnr before sadm == 0,0.44370531249999995
1,1,0.44370531249999995,0.85,20,17,21,21,dzgroup_COPD == 0 AND ca_yes == 0 AND dnr_no dnr == 0 AND 25.1 <= age <= 73.7 AND dementia == 0 AND adlp == 0 AND dzgroup_MOSF w/Malig == 0 AND adlp_was_missing == 1 AND dzgroup_Cirrhosis == 0 AND dzclass_Cancer == 0 AND race_hispanic == 0 AND dnr_dnr before sadm == 0 AND ca_no == 1 AND totcst <= 2.31e+05 AND avtisst >= 31 AND 21.6 <= hrt <= 208 AND 118 <= sod <= 156 AND dzgroup_CHF == 0 AND 5.33 <= edu <= 18.7 AND glucose_was_missing == 0 AND bun_was_missing == 0,0.44370531249999995
0,1,0.4350731773761317,0.8466666666666667,150,127,15,15,avtisst <= 37.3 AND bili <= 22.6 AND dzgroup_Colon Cancer == 0 AND dementia == 0 AND alb <= 9.58 AND diabetes == 0 AND wblc <= 72.2 AND 20.6 <= resp <= 59.4 AND dnrday <= 75.1 AND meanbp <= 161 AND 37.4 <= hrt <= 217 AND 113 <= sod <= 149 AND 7.11 <= ph <= 7.73 AND dzgroup_Coma == 0 AND ca_yes == 0,0.4350731773761317
0,1,0.43375716751999094,0.8461538461538461,13,11,9,9,urine_was_missing == 1 AND dzgroup_Coma == 0 AND alb <= 11.6 AND dzclass_COPD/CHF/Cirrhosis == 1 AND race_black == 0 AND crea <= 6.67 AND dzgroup_Lung Cancer == 0 AND 127 <= sod <= 151 AND dzgroup_COPD == 1,0.43375716751999094
1,1,0.43375716751999094,0.8461538461538461,26,22,18,18,wblc <= 72.3 AND dzgroup_COPD == 0 AND dnr_dnr before sadm == 0 AND dnr_no dnr == 0 AND adlp == 0 AND dzgroup_CHF == 0 AND race_hispanic == 0 AND pafi <= 492 AND bili <= 9.19 AND 0.237 <= crea <= 5.56 AND dzgroup_MOSF w/Malig == 0 AND sex == 1 AND totcst <= 1.42e+05 AND dzgroup_Coma == 0 AND dzgroup_Cirrhosis == 0 AND charges <= 4.58e+05 AND 1.36 <= adlsc <= 4.76 AND race_black == 1,0.43375716751999094
1,1,0.43375716751999094,0.8461538461538461,13,11,20,20,adlp_was_missing == 1 AND dnr_dnr before sadm == 0 AND temp >= 34.5 AND dnr_dnr after sadm == 1 AND glucose <= 379 AND bun <= 99.7 AND ca_yes == 1 AND 17.2 <= resp <= 75.6 AND dzgroup_Lung Cancer == 0 AND dzgroup_Colon Cancer == 0 AND dementia == 0 AND 45 <= age <= 81.9 AND diabetes == 0 AND 77.1 <= meanbp <= 157 AND bun_was_missing == 0 AND dzclass_Cancer == 0 AND race_hispanic == 0 AND dnr_no dnr == 0 AND charges <= 3.76e+05 AND sex == 1,0.43375716751999094
0,1,0.43375716751999094,0.8461538461538461,26,22,20,20,dnr_dnr after sadm == 0 AND bun_was_missing == 0 AND dnr_dnr before sadm == 0 AND adlp == 0 AND dzclass_COPD/CHF/Cirrhosis == 0 AND race_asian == 0 AND sps <= 44 AND hrt <= 208 AND alb <= 6.45 AND adlp_was_missing == 1 AND dzgroup_Cirrhosis == 0 AND sex == 0 AND dementia == 0 AND 14.2 <= pafi <= 546 AND sod <= 155 AND race_other == 0 AND ca_yes == 0 AND age >= 62.3 AND 0.375 <= edu <= 23.6 AND ca_no == 1,0.43375716751999094
1,1,0.43375716751999094,0.8461538461538461,13,11,22,22,118 <= sod <= 169 AND dzgroup_COPD == 0 AND dzgroup_Lung Cancer == 0 AND glucose_was_missing == 1 AND ca_yes == 0 AND dzclass_Cancer == 0 AND dnr_dnr after sadm == 1 AND crea <= 5.3 AND dzgroup_CHF == 0 AND race_other == 0 AND 21.6 <= hrt <= 96.8 AND glucose <= 329 AND urine_was_missing == 1 AND dzgroup_Colon Cancer == 0 AND dzgroup_Coma == 0 AND dzgroup_MOSF w/Malig == 0 AND ca_no == 1 AND dnr_dnr before sadm == 0 AND age <= 71.2 AND totcst <= 2.01e+05 AND dnrday <= 57.8 AND resp <= 57.1,0.43375716751999094
0,1,0.43230938120396295,0.8455882352941176,136,115,18,18,edu <= 22.4 AND ca_yes == 0 AND race_white == 1 AND diabetes == 0 AND glucose <= 508 AND income_was_missing == 0 AND dzgroup_Colon Cancer == 0 AND dzclass_Cancer == 0 AND urine_was_missing == 1 AND 6.75 <= sps <= 55.3 AND scoma <= 34.5 AND hrt <= 140 AND bun_was_missing == 1 AND bun <= 79.8 AND dzgroup_MOSF w/Malig == 0 AND race_asian == 0 AND race_black == 0 AND dnr_dnr before sadm == 0,0.43230938120396295
0,1,0.4303684562600565,0.8448275862068966,58,49,19,19,sod <= 155 AND race_other == 0 AND charges <= 4.16e+05 AND dzgroup_Cirrhosis == 0 AND glucose_was_missing == 0 AND race_asian == 0 AND bun <= 143 AND 38.6 <= hrt <= 226 AND dzgroup_Coma == 0 AND race_hispanic == 0 AND ca_no == 0 AND dnr_dnr before sadm == 0 AND 0.84 <= edu <= 23.2 AND aps <= 46.8 AND diabetes == 0 AND glucose <= 551 AND dzgroup_COPD == 0 AND dzgroup_Lung Cancer == 0 AND race_black == 0,0.4303684562600565
1,1,0.4293934488306322,0.8444444444444444,45,38,15,15,dnr_dnr before sadm == 0 AND dnr_dnr after sadm == 1 AND race_other == 0 AND 31 <= avtisst <= 61.1 AND dementia == 0 AND race_white == 1 AND dnrday <= 114 AND dzgroup_Lung Cancer == 0 AND diabetes == 0 AND wblc <= 57.4 AND crea <= 7.77 AND 121 <= sod <= 159 AND dzgroup_Coma == 0 AND dzclass_COPD/CHF/Cirrhosis == 0 AND dnr_no dnr == 0,0.4293934488306322
1,1,0.427630752325058,0.84375,32,27,18,18,dzgroup_COPD == 0 AND dnr_dnr before sadm == 0 AND temp >= 34.5 AND glucose <= 477 AND dzgroup_Lung Cancer == 0 AND 51.6 <= meanbp <= 152 AND dzgroup_CHF == 0 AND dzgroup_Cirrhosis == 0 AND 23.5 <= avtisst <= 50.8 AND pafi <= 524 AND dnr_no dnr == 0 AND bun <= 113 AND 121 <= sod <= 169 AND race_other == 0 AND dnr_dnr after sadm == 1 AND num_co == 2 AND adlsc <= 2.41 AND totcst <= 1.16e+05,0.427630752325058
0,1,0.42138260219222906,0.8412698412698413,126,106,12,12,glucose <= 624 AND urine <= 5.3e+03 AND bili <= 18.2 AND 7.9 <= meanbp <= 169 AND adlsc <= 2.66 AND dzclass_Coma == 0 AND race_hispanic == 0 AND ca_yes == 0 AND adlp == 0 AND totcst <= 8.4e+04 AND race_black == 0 AND sod <= 146,0.42138260219222906
0,1,0.4204798977206755,0.8409090909090909,132,111,19,19,edu <= 22.4 AND ca_yes == 0 AND race_white == 1 AND diabetes == 0 AND glucose <= 508 AND income_was_missing == 0 AND dzgroup_Colon Cancer == 0 AND dzclass_Cancer == 0 AND urine_was_missing == 1 AND 6.75 <= sps <= 55.3 AND scoma <= 34.5 AND hrt <= 140 AND bun_was_missing == 1 AND bun <= 79.8 AND dzgroup_MOSF w/Malig == 0 AND race_asian == 0 AND race_black == 0 AND dnr_dnr before sadm == 0 AND alb <= 9.72,0.4204798977206755
0,1,0.41698407494969164,0.8395061728395061,81,68,22,22,race_other == 0 AND totmcst <= 5.03e+05 AND scoma <= 34.5 AND dzgroup_Cirrhosis == 0 AND dnrday <= 114 AND wblc <= 69.8 AND race_asian == 0 AND 45.8 <= age <= 86 AND totcst <= 1.68e+05 AND bili <= 23.2 AND urine <= 5.3e+03 AND sex == 1 AND dzgroup_Coma == 0 AND 3.63 <= edu <= 20.4 AND charges <= 5e+05 AND sps <= 55.2 AND meanbp >= 42.8 AND 7.09 <= ph <= 7.72 AND dzgroup_MOSF w/Malig == 0 AND race_black == 0 AND race_white == 1 AND adlsc <= 1.38,0.41698407494969164
0,1,0.41643685182966456,0.8392857142857143,56,47,15,15,alb <= 12.5 AND totmcst <= 2.97e+05 AND avtisst <= 20.4 AND dnrday <= 74 AND adlp == 0 AND dzgroup_Coma == 0 AND diabetes == 0 AND totcst <= 1.39e+05 AND income_was_missing == 1 AND 6.2 <= meanbp <= 118 AND dzclass_COPD/CHF/Cirrhosis == 0 AND race_black == 0 AND race_hispanic == 0 AND race_white == 1 AND adlp_was_missing == 1,0.41643685182966456
1,1,0.41500972208362036,0.8387096774193549,31,26,16,16,dzgroup_COPD == 0 AND race_hispanic == 0 AND dzgroup_MOSF w/Malig == 0 AND dnr_dnr before sadm == 0 AND bun <= 113 AND dnr_dnr after sadm == 1 AND 121 <= sod <= 169 AND 23.5 <= avtisst <= 50.8 AND diabetes == 0 AND 17.6 <= hrt <= 92.3 AND dzgroup_Cirrhosis == 0 AND dzgroup_Coma == 0 AND ca_yes == 0 AND adlp_was_missing == 1 AND 78.2 <= pafi <= 370 AND ca_no == 1,0.41500972208362036
1,1,0.41500972208362036,0.8387096774193549,31,26,20,20,dzgroup_Cirrhosis == 0 AND sex == 1 AND dementia == 0 AND wblc <= 49.7 AND dzgroup_Lung Cancer == 0 AND charges <= 5.97e+05 AND dnr_no dnr == 0 AND bili <= 11.6 AND totcst <= 1.97e+05 AND dzclass_COPD/CHF/Cirrhosis == 0 AND race_other == 0 AND urine <= 3.62e+03 AND dzclass_Cancer == 0 AND 7.5 <= edu <= 16.5 AND pafi <= 524 AND adlp_was_missing == 1 AND dzgroup_COPD == 0 AND dzgroup_Coma == 1 AND dnr_dnr after sadm == 1 AND 4.24 <= resp <= 51.8,0.41500972208362036
0,1,0.41500972208362036,0.8387096774193549,124,104,18,18,resp <= 58.7 AND dzgroup_COPD == 0 AND dementia == 0 AND race_other == 0 AND dnr_dnr before sadm == 0 AND alb <= 8.86 AND race_asian == 0 AND race_white == 1 AND 42.8 <= meanbp <= 173 AND dzclass_Coma == 0 AND avtisst <= 36.5 AND glucose_was_missing == 0 AND income_was_missing == 0 AND dzgroup_CHF == 0 AND dzgroup_Lung Cancer == 0 AND race_hispanic == 0 AND 113 <= sod <= 149 AND sex == 1,0.41500972208362036
1,1,0.4128571866759781,0.8378378378378378,37,31,23,23,dzgroup_COPD == 0 AND race_hispanic == 0 AND dnr_dnr before sadm == 0 AND dzgroup_CHF == 0 AND dnr_dnr after sadm == 1 AND race_other == 0 AND dementia == 0 AND bun_was_missing == 0 AND sps <= 57.3 AND dzgroup_Coma == 0 AND dzgroup_Cirrhosis == 0 AND charges <= 3.88e+05 AND bili <= 11.3 AND dzclass_Cancer == 0 AND dzclass_Coma == 0 AND 45 <= age <= 81.9 AND 8.12 <= edu <= 15.9 AND 30.5 <= aps <= 101 AND bun <= 113 AND adlp == 0 AND dzgroup_Colon Cancer == 0 AND race_asian == 0 AND 7.3 <= ph <= 7.56,0.4128571866759781
0,1,0.4125652084792662,0.8377192982456141,228,191,14,14,dzgroup_Cirrhosis == 0 AND dementia == 0 AND avtisst <= 42.3 AND 7.9 <= meanbp <= 127 AND dzclass_Cancer == 0 AND race_black == 0 AND race_other == 0 AND totmcst <= 2.62e+05 AND wblc <= 69.8 AND dnr_dnr before sadm == 0 AND scoma <= 34.5 AND charges <= 5e+05 AND urine_was_missing == 0 AND race_asian == 0,0.4125652084792662
1,1,0.4076515803868924,0.8357142857142857,140,117,17,17,dzgroup_Coma == 0 AND bun <= 89.8 AND dnr_no dnr == 0 AND 3.63 <= edu <= 18.1 AND 525 <= urine <= 3.4e+03 AND 23.5 <= avtisst <= 50.8 AND 118 <= sod <= 169 AND urine_was_missing == 1 AND race_hispanic == 0 AND scoma <= 37 AND bili <= 24.7 AND totmcst <= 2.58e+05 AND 7.28 <= ph <= 7.66 AND dzclass_COPD/CHF/Cirrhosis == 0 AND dnr_dnr after sadm == 1 AND adlsc <= 3.4 AND dzgroup_Colon Cancer == 0,0.4076515803868924
0,1,0.401877572016461,0.8333333333333334,12,10,12,12,dzgroup_Cirrhosis == 0 AND crea <= 5.27 AND urine_was_missing == 0 AND dzgroup_Colon Cancer == 1 AND avtisst <= 35.9 AND race_asian == 0 AND dnr_dnr before sadm == 0 AND dzclass_Coma == 0 AND sod <= 155 AND dzgroup_Coma == 0 AND race_hispanic == 0 AND race_other == 0,0.401877572016461
1,1,0.401877572016461,0.8333333333333334,6,5,26,26,pafi <= 492 AND dzclass_COPD/CHF/Cirrhosis == 0 AND adlp == 0 AND sps <= 62.2 AND 9.45 <= hrt <= 146 AND 0.237 <= crea <= 8.02 AND 121 <= sod <= 156 AND dzgroup_Colon Cancer == 0 AND dzgroup_MOSF w/Malig == 0 AND race_hispanic == 0 AND wblc <= 55.5 AND glucose_was_missing == 1 AND scoma >= 52.5 AND totmcst <= 2.08e+05 AND bun <= 103 AND adlp_was_missing == 1 AND dzgroup_CHF == 0 AND dzgroup_Lung Cancer == 0 AND dzclass_Cancer == 0 AND race_asian == 0 AND ca_yes == 0 AND dnr_dnr after sadm == 1 AND 45.8 <= age <= 84.4 AND 8.95 <= meanbp <= 121 AND 0.838 <= adlsc <= 5.15 AND income_was_missing == 1,0.401877572016461
0,1,0.401877572016461,0.8333333333333334,6,5,34,34,56.6 <= age <= 86.7 AND 0.095 <= edu <= 15.9 AND charges <= 3.19e+05 AND totcst <= 2.42e+05 AND totmcst <= 2.72e+05 AND avtisst <= 38 AND diabetes == 0 AND dnrday <= 97.6 AND wblc <= 59 AND hrt <= 130 AND resp <= 28.3 AND 107 <= pafi <= 605 AND bili <= 20 AND crea <= 9.84 AND 129 <= sod <= 147 AND glucose <= 348 AND urine_was_missing == 0 AND 0.656 <= adlsc <= 3.34 AND income_was_missing == 0 AND income == 0 AND dzgroup_Cirrhosis == 0 AND dzgroup_Coma == 0 AND dzgroup_Lung Cancer == 0 AND dzgroup_MOSF w/Malig == 0 AND dzclass_COPD/CHF/Cirrhosis == 1 AND dzclass_Coma == 0 AND race_asian == 0 AND race_black == 0 AND race_other == 0 AND race_white == 1 AND dnr_dnr after sadm == 1 AND dnr_no dnr == 0 AND urine <= 4.66e+03 AND ca_no == 1,0.401877572016461
1,1,0.401877572016461,0.8333333333333334,6,5,23,22,dzclass_Cancer == 0 AND dnr_dnr before sadm == 0 AND dnr_dnr after sadm == 1 AND dnr_no dnr == 0 AND adlp == 0 AND 9.18 <= edu <= 22.8 AND crea <= 7.51 AND dzclass_COPD/CHF/Cirrhosis == 0 AND totmcst <= 2.58e+05 AND 52.8 <= aps <= 118 AND adlp_was_missing == 1 AND dnrday <= 62 AND pafi <= 498 AND alb <= 11.3 AND 7.22 <= ph <= 7.7 AND urine_was_missing == 0 AND dzgroup_CHF == 0 AND dzgroup_Colon Cancer == 0 AND race_black == 0 AND race_hispanic == 0 AND race_white == 1 AND income == 1,0.401877572016461
1,1,0.401877572016461,0.8333333333333334,6,5,17,17,dzgroup_Cirrhosis == 0 AND dzclass_Coma == 0 AND race_hispanic == 0 AND dnr_dnr after sadm == 1 AND scoma <= 39.5 AND avtisst >= 23.5 AND bili <= 11.3 AND dzgroup_Coma == 0 AND 1.16e+03 <= urine <= 3.4e+03 AND dzgroup_CHF == 0 AND 7.28 <= ph <= 7.66 AND adlp == 0 AND dzclass_Cancer == 0 AND dnr_dnr before sadm == 0 AND dzgroup_Colon Cancer == 0 AND ca_yes == 0 AND income == 2,0.401877572016461
0,1,0.401877572016461,0.8333333333333334,6,5,22,22,race_hispanic == 0 AND avtisst <= 36.5 AND dzgroup_COPD == 0 AND dementia == 0 AND 120 <= sod <= 156 AND race_asian == 0 AND race_white == 1 AND totcst <= 2.04e+05 AND adlp_was_missing == 0 AND dzgroup_Cirrhosis == 1 AND 0.995 <= edu <= 26.7 AND sps <= 52.4 AND crea <= 5.27 AND dzgroup_Colon Cancer == 0 AND dzgroup_MOSF w/Malig == 0 AND dzclass_Cancer == 0 AND race_other == 0 AND adls == 0 AND adlsc <= 1.73 AND dnr_dnr before sadm == 0 AND alb <= 13.1 AND income_was_missing == 0,0.401877572016461
0,1,0.401877572016461,0.8333333333333334,6,5,19,19,race_other == 0 AND dnr_no dnr == 1 AND resp <= 44.2 AND age >= 26.9 AND alb <= 9.58 AND race_black == 0 AND avtisst <= 47.2 AND sps <= 55 AND dzgroup_Colon Cancer == 0 AND dementia == 0 AND hrt <= 141 AND sex == 0 AND 8.42 <= edu <= 19.6 AND 37.5 <= scoma <= 84.5 AND glucose_was_missing == 0 AND bun_was_missing == 0 AND dzgroup_COPD == 0 AND adlp == 0 AND dzgroup_Coma == 0,0.401877572016461
0,1,0.401877572016461,0.8333333333333334,6,5,12,12,race_other == 0 AND dzgroup_Cirrhosis == 0 AND charges <= 3.46e+05 AND race_asian == 0 AND sps <= 55.2 AND dementia == 0 AND bun_was_missing == 0 AND dzclass_Cancer == 1 AND pafi <= 464 AND crea <= 17.5 AND 0.0811 <= adlsc <= 4.68 AND adls == 3,0.401877572016461
1,1,0.401877572016461,0.8333333333333334,18,15,24,24,dnrday <= 92.8 AND crea <= 6.12 AND 7.06 <= ph <= 7.72 AND glucose <= 357 AND bun <= 75.8 AND urine <= 2.9e+03 AND sex == 1 AND dzgroup_Colon Cancer == 0 AND dzgroup_Lung Cancer == 0 AND dzclass_Cancer == 0 AND race_black == 0 AND dementia == 0 AND bili <= 11.3 AND dzgroup_COPD == 0 AND dzgroup_MOSF w/Malig == 0 AND race_hispanic == 0 AND ca_yes == 0 AND dnr_dnr before sadm == 0 AND dnr_no dnr == 0 AND dzclass_COPD/CHF/Cirrhosis == 0 AND wblc <= 61.9 AND 34.7 <= temp <= 41.5 AND income == 1 AND race_white == 1,0.401877572016461
0,1,0.401877572016461,0.8333333333333334,12,10,18,18,dnr_dnr before sadm == 0 AND dzclass_COPD/CHF/Cirrhosis == 1 AND race_white == 1 AND dzgroup_Lung Cancer == 0 AND crea <= 5.27 AND ca_yes == 0 AND glucose_was_missing == 1 AND dzgroup_Coma == 0 AND avtisst <= 20.4 AND num_co == 1 AND aps <= 84.1 AND diabetes == 0 AND bun <= 113 AND dzclass_Coma == 0 AND race_other == 0 AND totcst <= 1.56e+05 AND dzgroup_COPD == 0 AND race_black == 0,0.401877572016461
1,1,0.401877572016461,0.8333333333333334,12,10,35,35,30 <= age <= 52.6 AND charges <= 4.61e+05 AND totmcst <= 2.15e+05 AND 5.07 <= sps <= 79.3 AND 28.4 <= aps <= 126 AND diabetes == 0 AND dementia == 0 AND wblc <= 42 AND 41.3 <= hrt <= 191 AND pafi <= 437 AND glucose <= 277 AND bun_was_missing == 1 AND bun <= 72.3 AND urine_was_missing == 1 AND urine <= 4.94e+03 AND adlp_was_missing == 1 AND adlp == 0 AND adls == 0 AND adlsc <= 0.92 AND income_was_missing == 0 AND dzgroup_CHF == 0 AND dzgroup_Colon Cancer == 0 AND dzgroup_Coma == 0 AND dzgroup_Lung Cancer == 0 AND dzgroup_MOSF w/Malig == 1 AND dzclass_COPD/CHF/Cirrhosis == 0 AND dzclass_Cancer == 0 AND dzclass_Coma == 0 AND race_asian == 0 AND race_black == 0 AND race_hispanic == 0 AND race_white == 1 AND dnr_dnr after sadm == 1 AND dnr_dnr before sadm == 0 AND dnr_no dnr == 0,0.401877572016461
0,1,0.401877572016461,0.8333333333333334,24,20,15,15,race_other == 0 AND alb <= 9.01 AND avtisst <= 30.5 AND diabetes == 1 AND dnrday <= 95.5 AND bili <= 18.5 AND race_black == 0 AND charges <= 6.58e+05 AND adlp == 0 AND dzgroup_COPD == 0 AND sex == 1 AND income == 1 AND dnr_dnr before sadm == 0 AND 21 <= hrt <= 143 AND adlp_was_missing == 1,0.401877572016461
1,1,0.401877572016461,0.8333333333333334,24,20,21,21,dzgroup_Cirrhosis == 0 AND dnr_no dnr == 0 AND totcst <= 1.97e+05 AND avtisst >= 9.21 AND bili <= 11.3 AND adlp == 0 AND race_asian == 0 AND dnr_dnr before sadm == 0 AND glucose <= 540 AND dzgroup_COPD == 0 AND dzgroup_Lung Cancer == 0 AND crea <= 9.05 AND totmcst <= 2.62e+05 AND sps <= 62.2 AND 65.9 <= meanbp <= 140 AND alb <= 12.1 AND dzclass_Cancer == 0 AND resp <= 30.7 AND urine_was_missing == 0 AND income_was_missing == 1 AND race_other == 0,0.401877572016461
1,1,0.401877572016461,0.8333333333333334,6,5,21,21,dzgroup_COPD == 0 AND dnr_dnr before sadm == 0 AND glucose <= 385 AND 51.6 <= meanbp <= 152 AND dzgroup_CHF == 0 AND dzgroup_Cirrhosis == 0 AND 23.5 <= avtisst <= 50.8 AND dnr_no dnr == 0 AND bun <= 113 AND race_other == 0 AND dnr_dnr after sadm == 1 AND num_co == 2 AND adlsc <= 2.41 AND 31.5 <= scoma <= 90.5 AND totmcst <= 1.29e+05 AND 9.95 <= sps <= 82.6 AND 7 <= ph <= 7.73 AND glucose_was_missing == 0 AND bun_was_missing == 0 AND adlp == 0 AND dzclass_COPD/CHF/Cirrhosis == 0,0.401877572016461
0,1,0.401877572016461,0.8333333333333334,6,5,18,18,sod <= 155 AND avtisst <= 42.7 AND race_other == 0 AND dzgroup_Cirrhosis == 0 AND dzgroup_MOSF w/Malig == 0 AND race_asian == 0 AND ca_yes == 0 AND bun <= 143 AND dnr_dnr before sadm == 0 AND aps <= 31.6 AND dementia == 0 AND 14.2 <= pafi <= 546 AND bun_was_missing == 0 AND adlp_was_missing == 1 AND totcst <= 1.61e+05 AND totmcst <= 2.11e+05 AND race_white == 1 AND dzgroup_COPD == 0,0.401877572016461
1,1,0.401877572016461,0.8333333333333334,12,10,18,18,dzgroup_COPD == 0 AND dzgroup_Lung Cancer == 0 AND ca_no == 1 AND dnr_dnr after sadm == 1 AND dzgroup_MOSF w/Malig == 0 AND dzgroup_Coma == 0 AND adlp_was_missing == 1 AND 35 <= scoma <= 89.3 AND age <= 50.5 AND dnr_dnr before sadm == 0 AND dzclass_Cancer == 0 AND dementia == 0 AND 21.6 <= hrt <= 208 AND pafi <= 379 AND dzgroup_Colon Cancer == 0 AND dnr_no dnr == 0 AND 7.17 <= ph <= 7.47 AND ca_yes == 0,0.401877572016461
0,1,0.401877572016461,0.8333333333333334,18,15,20,20,dzgroup_Cirrhosis == 0 AND totcst <= 9.77e+04 AND avtisst <= 42.7 AND glucose_was_missing == 0 AND race_hispanic == 0 AND dementia == 0 AND resp <= 40.2 AND dzgroup_MOSF w/Malig == 0 AND bili <= 6.78 AND bun <= 59.8 AND dzgroup_Coma == 0 AND race_other == 0 AND age >= 62.3 AND totmcst <= 2.11e+05 AND sps <= 44 AND adlp == 0 AND dzclass_COPD/CHF/Cirrhosis == 0 AND race_asian == 0 AND adls == 1 AND race_black == 0,0.401877572016461
0,1,0.401877572016461,0.8333333333333334,6,5,34,34,56.6 <= age <= 86.7 AND 0.095 <= edu <= 15.9 AND charges <= 3.19e+05 AND totcst <= 2.42e+05 AND totmcst <= 2.72e+05 AND avtisst <= 38 AND diabetes == 0 AND dnrday <= 97.6 AND wblc <= 59 AND hrt <= 130 AND resp <= 28.3 AND 107 <= pafi <= 605 AND bili <= 20 AND crea <= 9.84 AND 129 <= sod <= 147 AND glucose <= 348 AND urine_was_missing == 0 AND 0.656 <= adlsc <= 3.34 AND income_was_missing == 0 AND income == 0 AND dzgroup_Cirrhosis == 0 AND dzgroup_Colon Cancer == 0 AND dzgroup_Coma == 0 AND dzgroup_Lung Cancer == 0 AND dzgroup_MOSF w/Malig == 0 AND dzclass_COPD/CHF/Cirrhosis == 1 AND dzclass_Coma == 0 AND race_asian == 0 AND race_black == 0 AND race_other == 0 AND race_white == 1 AND dnr_dnr after sadm == 1 AND dnr_no dnr == 0 AND ca_no == 1,0.401877572016461
0,1,0.401877572016461,0.8333333333333334,6,5,22,22,dzgroup_Cirrhosis == 0 AND 8.02 <= hrt <= 141 AND pafi <= 520 AND race_black == 0 AND resp <= 57.5 AND dnr_no dnr == 1 AND age >= 25.8 AND dzgroup_Lung Cancer == 0 AND dzclass_Coma == 0 AND avtisst <= 47.2 AND adls == 1 AND charges <= 5.05e+05 AND totmcst <= 2.79e+05 AND 32.4 <= meanbp <= 85.6 AND crea <= 7.3 AND ph >= 7.11 AND urine_was_missing == 1 AND dzgroup_COPD == 0 AND dzgroup_Colon Cancer == 0 AND dementia == 0 AND adlsc <= 2.51 AND race_other == 0,0.401877572016461
1,1,0.401877572016461,0.8333333333333334,6,5,24,24,adlp == 0 AND dnr_dnr before sadm == 0 AND dzclass_Cancer == 0 AND sex == 0 AND 121 <= sod <= 159 AND glucose <= 387 AND dnr_dnr after sadm == 1 AND dzgroup_Cirrhosis == 0 AND adlp_was_missing == 1 AND 45 <= age <= 63.8 AND diabetes == 0 AND dzgroup_Colon Cancer == 0 AND race_asian == 0 AND 12.5 <= meanbp <= 146 AND dzgroup_MOSF w/Malig == 1 AND 6.09 <= edu <= 21.9 AND avtisst >= 23.5 AND pafi <= 524 AND 7.28 <= ph <= 7.66 AND 1.16e+03 <= urine <= 3.4e+03 AND dzgroup_CHF == 0 AND dzgroup_COPD == 0 AND dzgroup_Lung Cancer == 0 AND race_other == 0,0.401877572016461
1,1,0.401877572016461,0.8333333333333334,6,5,22,22,dzgroup_COPD == 0 AND dnr_no dnr == 0 AND 25.4 <= age <= 81.9 AND pafi <= 379 AND 32 <= meanbp <= 108 AND dementia == 0 AND adlp == 0 AND income_was_missing == 1 AND dzgroup_MOSF w/Malig == 0 AND totcst <= 1.97e+05 AND dzgroup_Cirrhosis == 0 AND 29.1 <= avtisst <= 62.9 AND diabetes == 0 AND dzgroup_Colon Cancer == 0 AND dzgroup_Coma == 0 AND dzclass_Coma == 0 AND race_hispanic == 0 AND race_other == 0 AND dnr_dnr before sadm == 0 AND 113 <= hrt <= 187 AND dzgroup_CHF == 0 AND dnr_dnr after sadm == 1,0.401877572016461
0,1,0.401877572016461,0.8333333333333334,6,5,21,21,dnr_dnr after sadm == 0 AND race_other == 0 AND bili <= 16.9 AND race_hispanic == 0 AND edu <= 26.7 AND dnr_no dnr == 1 AND dzgroup_Coma == 0 AND scoma <= 25 AND resp <= 53.2 AND dzclass_Coma == 0 AND avtisst <= 37.3 AND 42.8 <= meanbp <= 158 AND bun_was_missing == 0 AND urine <= 4.44e+03 AND dzgroup_COPD == 0 AND dzgroup_MOSF w/Malig == 0 AND ca_no == 1 AND num_co == 5 AND 7.12 <= ph <= 7.48 AND adls == 0 AND ca_yes == 0,0.401877572016461
1,1,0.401877572016461,0.8333333333333334,6,5,16,16,sex == 1 AND charges <= 3e+05 AND dnr_no dnr == 0 AND bili <= 11.6 AND totcst <= 1.97e+05 AND dzclass_COPD/CHF/Cirrhosis == 0 AND race_other == 0 AND urine <= 3.62e+03 AND dzclass_Cancer == 0 AND 7.5 <= edu <= 18.2 AND pafi <= 524 AND dzgroup_Coma == 1 AND 4.24 <= resp <= 51.8 AND alb <= 7.54 AND income_was_missing == 0 AND ca_yes == 0,0.401877572016461
0,1,0.39955994514413035,0.8323699421965318,346,288,18,18,charges <= 6.58e+05 AND dzgroup_Coma == 0 AND dnrday <= 187 AND dzgroup_COPD == 0 AND 4.09 <= edu <= 19.9 AND alb <= 11 AND adlp == 0 AND adlsc <= 2.4 AND dzgroup_MOSF w/Malig == 0 AND race_asian == 0 AND race_other == 0 AND scoma <= 24 AND totmcst <= 2.97e+05 AND glucose_was_missing == 1 AND urine_was_missing == 1 AND dzclass_Coma == 0 AND dementia == 0 AND income == 0,0.39955994514413035
1,1,0.39934047424753943,0.8322784810126582,316,263,14,14,aps <= 118 AND dzgroup_COPD == 0 AND adlp == 0 AND dnr_dnr before sadm == 0 AND dzclass_Cancer == 0 AND race_asian == 0 AND dnrday <= 49.6 AND hrt >= 72.9 AND dementia == 0 AND pafi <= 524 AND glucose <= 477 AND bun <= 119 AND dnr_no dnr == 0 AND 11.4 <= meanbp <= 103,0.39934047424753943
0,1,0.3970589518489515,0.8313253012048193,83,69,20,20,avtisst <= 41.2 AND dementia == 0 AND bili <= 19.8 AND glucose_was_missing == 0 AND bun <= 104 AND race_asian == 0 AND race_hispanic == 0 AND dnr_dnr before sadm == 0 AND age >= 44.6 AND resp <= 58.7 AND race_other == 0 AND dnrday <= 63.1 AND dzclass_Coma == 0 AND alb <= 8.86 AND dzgroup_CHF == 0 AND dzgroup_COPD == 0 AND dzgroup_Lung Cancer == 0 AND race_white == 1 AND 0.702 <= sps <= 60.1 AND 40.3 <= hrt <= 200,0.3970589518489515
1,1,0.39573277083058406,0.8307692307692308,195,162,14,14,dzgroup_Cirrhosis == 0 AND dzclass_Coma == 0 AND race_hispanic == 0 AND dnr_dnr after sadm == 1 AND dzgroup_Coma == 0 AND dementia == 0 AND adlp == 0 AND dzclass_Cancer == 0 AND dnr_dnr before sadm == 0 AND 30.5 <= aps <= 101 AND bun <= 113 AND dzgroup_COPD == 0 AND dzgroup_Colon Cancer == 0 AND race_other == 0,0.39573277083058406
1,1,0.3933994473226094,0.8297872340425532,47,39,20,20,dzgroup_Cirrhosis == 0 AND dzclass_Coma == 0 AND race_hispanic == 0 AND dnr_dnr after sadm == 1 AND dnr_no dnr == 0 AND totcst <= 2.03e+05 AND avtisst >= 23.5 AND hrt <= 146 AND dzgroup_Coma == 0 AND dementia == 0 AND adlp == 0 AND dzclass_Cancer == 0 AND dnr_dnr before sadm == 0 AND ca_yes == 0 AND 14.6 <= resp <= 37.4 AND bun_was_missing == 0 AND 31.3 <= aps <= 94.7 AND bili <= 11.3 AND 121 <= sod <= 169 AND dzgroup_CHF == 0,0.3933994473226094
1,1,0.3921708428882455,0.8292682926829268,41,34,16,16,urine_was_missing == 1 AND dnr_no dnr == 0 AND dzgroup_CHF == 0 AND dzclass_COPD/CHF/Cirrhosis == 0 AND charges <= 5.18e+05 AND totmcst <= 2.58e+05 AND alb <= 11.2 AND 7.28 <= ph <= 7.66 AND adlp == 0 AND race_hispanic == 0 AND dnr_dnr after sadm == 1 AND dnrday <= 127 AND 1.51 <= adlsc <= 5.05 AND 8.9 <= avtisst <= 55.1 AND dementia == 0 AND dzclass_Coma == 1,0.3921708428882455
1,1,0.3921708428882455,0.8292682926829268,41,34,14,14,dnr_dnr before sadm == 0 AND dnr_dnr after sadm == 1 AND race_other == 0 AND 31 <= avtisst <= 61.1 AND race_white == 1 AND dnrday <= 114 AND dzgroup_Lung Cancer == 0 AND diabetes == 0 AND wblc <= 57.4 AND crea <= 7.77 AND 121 <= sod <= 159 AND dzgroup_Coma == 0 AND dzclass_COPD/CHF/Cirrhosis == 0 AND dnr_no dnr == 0,0.3921708428882455
1,1,0.3916781660121881,0.8290598290598291,117,97,21,21,dzgroup_COPD == 0 AND dzgroup_Cirrhosis == 0 AND dzgroup_Lung Cancer == 0 AND dzclass_COPD/CHF/Cirrhosis == 0 AND dnr_dnr after sadm == 1 AND dzclass_Cancer == 0 AND race_black == 0 AND 118 <= sod <= 156 AND dnr_dnr before sadm == 0 AND adlp == 0 AND dzgroup_CHF == 0 AND totcst <= 1.77e+05 AND 9.21 <= avtisst <= 50.8 AND bun <= 103 AND scoma >= 52.5 AND pafi <= 492 AND alb <= 9.29 AND race_other == 0 AND ca_no == 1 AND wblc <= 61.8 AND dzgroup_Colon Cancer == 0,0.3916781660121881
1,1,0.39052583328375096,0.8285714285714286,35,29,18,18,dnr_no dnr == 0 AND adlp == 0 AND 23.5 <= avtisst <= 60 AND dzgroup_COPD == 0 AND dzgroup_Colon Cancer == 0 AND dzgroup_Coma == 0 AND dnr_dnr after sadm == 1 AND diabetes == 1 AND bun <= 110 AND dzclass_COPD/CHF/Cirrhosis == 0 AND race_hispanic == 0 AND dnr_dnr before sadm == 0 AND 27.7 <= age <= 88.8 AND dementia == 0 AND pafi <= 368 AND adlp_was_missing == 1 AND race_black == 0 AND race_white == 1,0.39052583328375096
1,1,0.39052583328375096,0.8285714285714286,70,58,21,21,bun <= 103 AND dzgroup_Colon Cancer == 0 AND dzgroup_Lung Cancer == 0 AND dzclass_Cancer == 0 AND dementia == 0 AND dzgroup_COPD == 0 AND dzgroup_MOSF w/Malig == 0 AND dnr_no dnr == 0 AND 34.7 <= temp <= 41.5 AND 7.5 <= edu <= 19.9 AND 38.3 <= hrt <= 208 AND 118 <= sod <= 156 AND adlp_was_missing == 1 AND totmcst <= 2.74e+05 AND race_asian == 0 AND dnrday <= 71.1 AND alb <= 11.2 AND dzgroup_CHF == 0 AND dzclass_Coma == 0 AND ca_yes == 0 AND dzgroup_Cirrhosis == 0,0.39052583328375096
1,1,0.38907997839946074,0.8279569892473119,93,77,17,17,dementia == 0 AND 121 <= sod <= 159 AND glucose <= 387 AND dnr_dnr after sadm == 1 AND urine_was_missing == 0 AND dzgroup_COPD == 0 AND crea <= 7.77 AND dzgroup_Coma == 0 AND 9.18 <= edu <= 22.8 AND totmcst <= 2.58e+05 AND wblc <= 57.4 AND dzgroup_CHF == 0 AND dzclass_COPD/CHF/Cirrhosis == 0 AND dnr_no dnr == 0 AND 18.4 <= age <= 80.2 AND diabetes == 0 AND dzclass_Cancer == 0,0.38907997839946074
1,1,0.3882095537407485,0.8275862068965517,29,24,16,16,bili <= 22.5 AND adlp_was_missing == 1 AND dzgroup_COPD == 0 AND dnr_dnr before sadm == 0 AND race_other == 0 AND totcst <= 1.06e+05 AND temp >= 34.5 AND dnr_dnr after sadm == 1 AND glucose <= 379 AND bun <= 99.7 AND income_was_missing == 1 AND ca_yes == 1 AND 52.8 <= aps <= 133 AND 17.2 <= resp <= 75.6 AND dzgroup_Lung Cancer == 0 AND dzgroup_Colon Cancer == 0,0.3882095537407485
1,1,0.38470588034229997,0.8260869565217391,23,19,17,17,dzgroup_COPD == 0 AND race_hispanic == 0 AND dnr_dnr before sadm == 0 AND dzgroup_CHF == 0 AND dnr_dnr after sadm == 1 AND race_other == 0 AND 31 <= avtisst <= 61.1 AND dementia == 0 AND bun_was_missing == 0 AND race_white == 1 AND totmcst <= 2.58e+05 AND 10.8 <= sps <= 54.2 AND dzgroup_Coma == 0 AND 1.34 <= crea <= 13.1 AND dzgroup_Cirrhosis == 0 AND dnrday <= 114 AND income == 1,0.38470588034229997
0,1,0.38470588034229997,0.8260869565217391,23,19,19,19,diabetes == 0 AND dzclass_COPD/CHF/Cirrhosis == 1 AND bun <= 129 AND glucose_was_missing == 0 AND aps <= 54.5 AND 41.4 <= hrt <= 159 AND dzgroup_MOSF w/Malig == 0 AND dzgroup_CHF == 0 AND dzclass_Coma == 0 AND 105 <= pafi <= 533 AND dzgroup_COPD == 1 AND 2.82 <= sps <= 45.4 AND 7.3 <= ph <= 7.64 AND urine_was_missing == 0 AND race_asian == 0 AND race_black == 0 AND race_other == 0 AND dnr_dnr after sadm == 1 AND dnr_dnr before sadm == 0,0.38470588034229997
1,1,0.3809511110459545,0.824468085106383,188,155,14,14,dzgroup_Cirrhosis == 0 AND dzclass_Coma == 0 AND race_hispanic == 0 AND dnr_dnr after sadm == 1 AND dementia == 0 AND adlp == 0 AND dzclass_Cancer == 0 AND dnr_dnr before sadm == 0 AND 30.5 <= aps <= 101 AND bun <= 113 AND dzgroup_COPD == 0 AND dzgroup_Colon Cancer == 0 AND race_other == 0 AND dzgroup_Lung Cancer == 0,0.3809511110459545
1,1,0.3787874412704941,0.8235294117647058,17,14,19,19,118 <= sod <= 169 AND dzgroup_COPD == 0 AND dzgroup_Lung Cancer == 0 AND glucose_was_missing == 1 AND ca_yes == 0 AND dzclass_Cancer == 0 AND dnr_dnr after sadm == 1 AND crea <= 5.3 AND dzgroup_CHF == 0 AND race_other == 0 AND 21.6 <= hrt <= 96.8 AND glucose <= 329 AND urine_was_missing == 1 AND dzgroup_Colon Cancer == 0 AND dzgroup_Coma == 0 AND dzgroup_MOSF w/Malig == 0 AND ca_no == 1 AND dnr_dnr before sadm == 0 AND age <= 71.2,0.3787874412704941
0,1,0.3758596296854599,0.8222523744911805,737,606,17,17,dementia == 0 AND glucose <= 513 AND race_asian == 0 AND dzgroup_COPD == 0 AND alb <= 9.58 AND race_other == 0 AND dzgroup_MOSF w/Malig == 0 AND 1.49 <= edu <= 22.2 AND diabetes == 0 AND wblc <= 66.5 AND bun <= 143 AND dnr_dnr before sadm == 0 AND scoma <= 34.5 AND totmcst <= 1.23e+05 AND crea <= 7.15 AND race_hispanic == 0 AND dzclass_Coma == 0,0.3758596296854599
1,1,0.37190058068567605,0.8205128205128205,39,32,23,23,dzgroup_Cirrhosis == 0 AND dzclass_Coma == 0 AND race_hispanic == 0 AND dnr_dnr after sadm == 1 AND dnr_no dnr == 0 AND totcst <= 1.97e+05 AND hrt <= 146 AND dzgroup_Coma == 0 AND dementia == 0 AND adlp == 0 AND dzclass_Cancer == 0 AND dnr_dnr before sadm == 0 AND pafi <= 695 AND ca_yes == 0 AND dzgroup_MOSF w/Malig == 0 AND ca_no == 1 AND charges <= 3.22e+05 AND adlsc <= 4.39 AND dzgroup_CHF == 0 AND 126 <= sod <= 158 AND sex == 1 AND dzclass_COPD/CHF/Cirrhosis == 0 AND race_black == 0,0.37190058068567605
1,1,0.3688199102858603,0.8191489361702128,94,77,12,12,race_other == 0 AND dnr_dnr before sadm == 0 AND dnr_no dnr == 0 AND 121 <= sod <= 156 AND meanbp <= 127 AND dzgroup_COPD == 0 AND adlp_was_missing == 1 AND dzgroup_CHF == 0 AND ca_no == 1 AND 7.26 <= ph <= 7.54 AND dzgroup_Lung Cancer == 0 AND race_asian == 0,0.3688199102858603
1,1,0.3666478320532007,0.8181818181818182,11,9,15,15,dnrday <= 62 AND race_asian == 0 AND 56.8 <= pafi <= 498 AND scoma >= 74.5 AND alb <= 11.3 AND urine <= 3.22e+03 AND race_other == 0 AND dnr_dnr before sadm == 0 AND charges <= 3e+05 AND dzgroup_Coma == 1 AND adlp == 0 AND race_hispanic == 0 AND dnr_dnr after sadm == 1 AND dnr_no dnr == 0 AND sex == 0,0.3666478320532007
0,1,0.3666478320532007,0.8181818181818182,33,27,12,12,dzgroup_COPD == 0 AND dzgroup_Lung Cancer == 0 AND dnr_no dnr == 1 AND 7.9 <= meanbp <= 128 AND urine_was_missing == 0 AND adlp == 0 AND ca_no == 0 AND dnr_dnr before sadm == 0 AND charges <= 4.27e+05 AND diabetes == 0 AND dnrday <= 95.5 AND dzclass_Cancer == 0,0.3666478320532007
1,1,0.3666478320532007,0.8181818181818182,11,9,19,19,dementia == 0 AND dnr_no dnr == 0 AND bili <= 9.19 AND dzclass_COPD/CHF/Cirrhosis == 0 AND race_other == 0 AND urine <= 3.62e+03 AND dzclass_Cancer == 0 AND pafi <= 524 AND dzgroup_COPD == 0 AND adlp == 0 AND dnr_dnr before sadm == 0 AND urine_was_missing == 0 AND dnrday <= 49.6 AND 11.4 <= meanbp <= 103 AND bun <= 119 AND edu <= 16.2 AND scoma >= 65.5 AND bun_was_missing == 0 AND dzgroup_Coma == 1,0.3666478320532007
0,1,0.3666478320532007,0.8181818181818182,11,9,20,20,dnr_dnr after sadm == 0 AND urine <= 4.52e+03 AND sex == 1 AND bun_was_missing == 0 AND dementia == 0 AND dzgroup_COPD == 0 AND race_other == 0 AND income == 1 AND race_hispanic == 0 AND dzgroup_Colon Cancer == 0 AND race_asian == 0 AND num_co == 1 AND ca_yes == 0 AND sod <= 155 AND glucose <= 314 AND dzgroup_Coma == 0 AND dzclass_COPD/CHF/Cirrhosis == 0 AND charges <= 5.51e+05 AND dzgroup_MOSF w/Malig == 0 AND dzclass_Cancer == 1,0.3666478320532007
1,1,0.3666478320532007,0.8181818181818182,88,72,19,19,dzgroup_Cirrhosis == 0 AND race_white == 1 AND race_hispanic == 0 AND 12.1 <= meanbp <= 140 AND hrt <= 146 AND glucose_was_missing == 0 AND charges <= 6.25e+05 AND avtisst >= 26.9 AND bun <= 207 AND income_was_missing == 0 AND dzclass_Coma == 0 AND race_asian == 0 AND dnr_no dnr == 0 AND dementia == 0 AND 33.9 <= temp <= 41.6 AND dzclass_COPD/CHF/Cirrhosis == 0 AND ca_yes == 0 AND diabetes == 0 AND ca_no == 1,0.3666478320532007
1,1,0.3621765705520529,0.8161764705882353,136,111,11,11,dnr_dnr before sadm == 0 AND dnr_no dnr == 0 AND adlp == 0 AND 1.94 <= edu <= 26.4 AND bun <= 99.7 AND dzclass_Cancer == 0 AND dementia == 0 AND dzgroup_MOSF w/Malig == 1 AND dzclass_COPD/CHF/Cirrhosis == 0 AND dnr_dnr after sadm == 1 AND race_other == 0,0.3621765705520529
1,1,0.3591654751124945,0.8148148148148148,27,22,13,13,118 <= sod <= 156 AND dzgroup_COPD == 0 AND dzgroup_Lung Cancer == 0 AND dnr_dnr after sadm == 1 AND dnr_dnr before sadm == 0 AND bili <= 9.19 AND race_other == 0 AND 61.5 <= hrt <= 198 AND dzgroup_Coma == 1 AND adlp == 0 AND aps <= 124 AND dzclass_COPD/CHF/Cirrhosis == 0 AND 1.04 <= adlsc <= 3.44,0.3591654751124945
1,1,0.3580008669006961,0.8142857142857143,70,57,15,15,dzgroup_COPD == 0 AND dzgroup_Cirrhosis == 0 AND dzclass_COPD/CHF/Cirrhosis == 0 AND dnr_dnr after sadm == 1 AND race_white == 1 AND dzclass_Cancer == 0 AND glucose <= 540 AND adlp == 0 AND race_hispanic == 0 AND 65.9 <= meanbp <= 140 AND dementia == 0 AND dnrday <= 64.2 AND hrt <= 146 AND glucose_was_missing == 0 AND ca_yes == 1,0.3580008669006961
1,1,0.3540925979614258,0.8125,16,13,16,16,dzgroup_Cirrhosis == 0 AND race_white == 1 AND race_hispanic == 0 AND glucose_was_missing == 0 AND 26.9 <= avtisst <= 61.1 AND bun <= 207 AND income_was_missing == 0 AND dnr_no dnr == 0 AND dementia == 0 AND 33.9 <= temp <= 41.6 AND dzclass_COPD/CHF/Cirrhosis == 0 AND diabetes == 0 AND dnrday <= 92.3 AND dzgroup_MOSF w/Malig == 0 AND dnr_dnr before sadm == 0 AND 1.64e+03 <= urine <= 5.96e+03,0.3540925979614258
1,1,0.3540925979614258,0.8125,16,13,23,23,dzgroup_Lung Cancer == 0 AND race_asian == 0 AND avtisst >= 37.8 AND adlp == 0 AND alb <= 11.7 AND dzclass_Coma == 0 AND hrt <= 147 AND dnr_dnr before sadm == 0 AND edu <= 16.5 AND totcst <= 9.77e+04 AND bun <= 85.8 AND dzclass_COPD/CHF/Cirrhosis == 0 AND totmcst <= 2.19e+05 AND race_other == 0 AND race_white == 1 AND 30.8 <= aps <= 86.2 AND diabetes == 0 AND 39 <= meanbp <= 115 AND glucose <= 477 AND dnrday <= 77.1 AND glucose_was_missing == 0 AND dzclass_Cancer == 0 AND bili <= 9.71,0.3540925979614258
1,1,0.3540925979614258,0.8125,16,13,17,17,dzgroup_Cirrhosis == 0 AND dnr_dnr after sadm == 1 AND dnr_no dnr == 0 AND dzgroup_Coma == 0 AND dzclass_Cancer == 0 AND dnr_dnr before sadm == 0 AND 23.5 <= avtisst <= 62.9 AND alb <= 10.6 AND glucose_was_missing == 1 AND 51.6 <= meanbp <= 152 AND temp >= 34.5 AND 121 <= sod <= 169 AND glucose <= 477 AND adls == 0 AND dzclass_COPD/CHF/Cirrhosis == 0 AND race_white == 1 AND bun_was_missing == 1,0.3540925979614258
1,1,0.34765472254481466,0.8095238095238095,63,51,24,24,wblc <= 82.5 AND 118 <= sod <= 156 AND dzgroup_COPD == 0 AND dzgroup_Lung Cancer == 0 AND ca_no == 1 AND dnr_dnr after sadm == 1 AND dnr_dnr before sadm == 0 AND dzgroup_MOSF w/Malig == 0 AND totmcst <= 2.58e+05 AND alb <= 11.2 AND adlp_was_missing == 1 AND urine <= 4.26e+03 AND 58.1 <= age <= 98.3 AND totcst <= 1.42e+05 AND bili <= 9.19 AND dzgroup_Cirrhosis == 0 AND race_other == 0 AND dnr_no dnr == 0 AND 61.5 <= hrt <= 198 AND 35 <= temp <= 40.7 AND income == 1 AND sps <= 69.5 AND crea <= 7.47 AND dzgroup_Coma == 1,0.34765472254481466
1,1,0.3437397318290407,0.8076923076923077,26,21,17,16,dzgroup_Cirrhosis == 0 AND race_hispanic == 0 AND dnr_dnr after sadm == 1 AND dnr_no dnr == 0 AND totcst <= 1.97e+05 AND dzgroup_Coma == 0 AND dementia == 0 AND adlp == 0 AND 45 <= age <= 81.9 AND diabetes == 0 AND alb <= 10.6 AND glucose_was_missing == 1 AND 30.5 <= aps <= 101 AND bun <= 113 AND dzgroup_Colon Cancer == 0 AND ca_no == 0,0.3437397318290407
0,1,0.3428478284910792,0.8072727272727273,275,222,20,20,race_other == 0 AND dzgroup_MOSF w/Malig == 0 AND dzclass_Coma == 0 AND race_hispanic == 0 AND 9.45 <= aps <= 78.5 AND pafi <= 449 AND bili <= 16.9 AND bun_was_missing == 0 AND race_asian == 0 AND charges <= 6.04e+05 AND totmcst <= 1.23e+05 AND sod <= 155 AND bun <= 143 AND dzgroup_Cirrhosis == 0 AND dzclass_Cancer == 0 AND 1.94 <= edu <= 26.7 AND 12.6 <= sps <= 43.2 AND glucose <= 314 AND dzgroup_Coma == 0 AND dzgroup_COPD == 0,0.3428478284910792
1,1,0.33758896322868165,0.8047808764940239,251,202,17,17,dnr_dnr after sadm == 1 AND adlp == 0 AND totcst <= 1.58e+05 AND dzgroup_Colon Cancer == 0 AND 165 <= urine <= 3.4e+03 AND alb <= 10.6 AND adlp_was_missing == 1 AND dzgroup_Cirrhosis == 0 AND charges <= 4.73e+05 AND dzgroup_COPD == 0 AND dnr_dnr before sadm == 0 AND 30.5 <= aps <= 109 AND totmcst <= 1.76e+05 AND pafi <= 516 AND 129 <= sod <= 161 AND race_black == 0 AND race_hispanic == 0,0.33758896322868165
1,1,0.3339332546436929,0.803030303030303,66,53,17,17,23.5 <= avtisst <= 57.9 AND 114 <= sod <= 162 AND race_hispanic == 0 AND dnr_dnr after sadm == 1 AND sps <= 53.4 AND diabetes == 0 AND adlp == 0 AND dzclass_Coma == 0 AND dnr_dnr before sadm == 0 AND 45 <= age <= 81.9 AND totcst <= 1.58e+05 AND dzgroup_COPD == 0 AND 75.2 <= meanbp <= 161 AND glucose <= 379 AND dzgroup_CHF == 0 AND race_asian == 0 AND ca_no == 1,0.3339332546436929
1,1,0.33348978424861025,0.8028169014084507,71,57,18,17,race_other == 0 AND dnr_dnr before sadm == 0 AND adlp == 0 AND race_hispanic == 0 AND dnr_dnr after sadm == 1 AND dnr_no dnr == 0 AND dementia == 0 AND glucose <= 612 AND adlp_was_missing == 1 AND dzclass_Cancer == 0 AND totmcst <= 2.58e+05 AND glucose_was_missing == 0 AND dzgroup_CHF == 0 AND dzclass_COPD/CHF/Cirrhosis == 0 AND bun_was_missing == 0 AND urine_was_missing == 0 AND dzgroup_Lung Cancer == 0,0.33348978424861025
0,1,0.33247056195439056,0.8023255813953488,86,69,22,22,resp <= 58.7 AND dzgroup_COPD == 0 AND dementia == 0 AND race_other == 0 AND dnr_dnr before sadm == 0 AND alb <= 8.86 AND race_asian == 0 AND wblc <= 97.7 AND 1.62 <= edu <= 22.4 AND meanbp >= 42.8 AND dzgroup_Coma == 0 AND dzclass_Coma == 0 AND avtisst <= 36.5 AND glucose_was_missing == 0 AND income_was_missing == 0 AND dzgroup_CHF == 0 AND dzgroup_Lung Cancer == 0 AND race_hispanic == 0 AND 113 <= sod <= 149 AND adlp == 0 AND crea <= 8.36 AND 2.36e+03 <= urine <= 6.94e+03,0.33247056195439056
1,1,0.3276800000000001,0.8,15,12,21,21,dnrday <= 101 AND alb <= 12.1 AND bun <= 103 AND income_was_missing == 1 AND dzgroup_COPD == 0 AND dzgroup_MOSF w/Malig == 0 AND dzclass_Cancer == 0 AND race_black == 0 AND race_white == 1 AND race_other == 0 AND bun_was_missing == 1 AND charges <= 5.27e+05 AND wblc <= 76.1 AND dzgroup_CHF == 0 AND 38.1 <= sps <= 71.7 AND 2.81 <= aps <= 83.2 AND 7.26 <= ph <= 7.58 AND dzgroup_Colon Cancer == 0 AND dzgroup_Lung Cancer == 0 AND 840 <= urine <= 3.09e+03 AND race_asian == 0,0.3276800000000001
0,1,0.3276800000000001,0.8,15,12,17,17,dnr_dnr after sadm == 0 AND dnr_dnr before sadm == 0 AND wblc <= 118 AND dzgroup_Cirrhosis == 0 AND num_co == 1 AND race_other == 0 AND dnr_no dnr == 1 AND avtisst <= 42.3 AND dzgroup_Coma == 0 AND race_white == 1 AND aps <= 46.8 AND glucose <= 624 AND charges <= 4.27e+05 AND bun <= 148 AND sex == 0 AND urine_was_missing == 0 AND dzclass_Coma == 0,0.3276800000000001
0,1,0.3276800000000001,0.8,5,4,17,16,avtisst <= 42.7 AND race_other == 0 AND dzgroup_Cirrhosis == 0 AND dzgroup_MOSF w/Malig == 0 AND race_asian == 0 AND ca_yes == 0 AND bun <= 143 AND aps <= 31.6 AND dementia == 0 AND 14.2 <= pafi <= 546 AND bun_was_missing == 0 AND adlp_was_missing == 1 AND totcst <= 1.61e+05 AND totmcst <= 2.11e+05 AND race_white == 1 AND dzgroup_COPD == 0,0.3276800000000001
1,1,0.3276800000000001,0.8,5,4,18,18,sex == 1 AND dementia == 0 AND charges <= 3e+05 AND dnr_no dnr == 0 AND totcst <= 1.97e+05 AND dzclass_COPD/CHF/Cirrhosis == 0 AND race_other == 0 AND urine <= 3.62e+03 AND dzclass_Cancer == 0 AND 7.5 <= edu <= 18.2 AND pafi <= 524 AND dzgroup_Coma == 1 AND 4.24 <= resp <= 51.8 AND alb <= 7.54 AND income_was_missing == 0 AND ca_yes == 0 AND 53.5 <= age <= 90.4 AND 7.04 <= ph <= 7.74,0.3276800000000001
1,1,0.3276800000000001,0.8,5,4,22,21,dzclass_Cancer == 0 AND dnr_dnr before sadm == 0 AND dnr_no dnr == 0 AND adlp == 0 AND 9.18 <= edu <= 22.8 AND crea <= 7.51 AND dzclass_COPD/CHF/Cirrhosis == 0 AND totmcst <= 2.58e+05 AND 52.8 <= aps <= 118 AND adlp_was_missing == 1 AND dnrday <= 62 AND pafi <= 498 AND alb <= 11.3 AND 7.22 <= ph <= 7.7 AND urine_was_missing == 0 AND dzgroup_CHF == 0 AND dzgroup_Colon Cancer == 0 AND race_hispanic == 0 AND race_white == 1 AND dementia == 0 AND dzgroup_COPD == 0,0.3276800000000001
0,1,0.3276800000000001,0.8,10,8,17,17,race_other == 0 AND ca_yes == 0 AND race_hispanic == 0 AND dnr_dnr before sadm == 0 AND dementia == 0 AND 31.5 <= meanbp <= 169 AND adlsc <= 2.16 AND crea <= 7.15 AND age >= 25.8 AND dnrday <= 75.1 AND 7.11 <= ph <= 7.73 AND adlp_was_missing == 0 AND income_was_missing == 0 AND resp <= 55.9 AND dzclass_Coma == 0 AND 19.1 <= glucose <= 387 AND dnr_dnr after sadm == 1,0.3276800000000001
1,1,0.3276800000000001,0.8,5,4,19,19,dzgroup_COPD == 0 AND dzgroup_MOSF w/Malig == 0 AND dzclass_Coma == 0 AND dnr_no dnr == 0 AND 45 <= age <= 98.3 AND dnr_dnr before sadm == 0 AND diabetes == 1 AND totcst <= 1.97e+05 AND 37 <= avtisst <= 60 AND dzgroup_Lung Cancer == 0 AND aps >= 30.8 AND glucose <= 298 AND alb <= 10.2 AND income == 0 AND dementia == 0 AND dzclass_COPD/CHF/Cirrhosis == 0 AND race_hispanic == 0 AND crea <= 6.07 AND urine_was_missing == 0,0.3276800000000001
0,1,0.3276800000000001,0.8,5,4,21,21,scoma <= 34.5 AND dzgroup_COPD == 0 AND dzgroup_CHF == 1 AND urine <= 5.06e+03 AND ph >= 7.15 AND urine_was_missing == 1 AND dzclass_Coma == 0 AND dnr_no dnr == 1 AND dzgroup_Coma == 0 AND ca_yes == 0 AND age >= 44.6 AND totcst <= 2.11e+05 AND wblc <= 71.5 AND 36.4 <= hrt <= 211 AND 3.96 <= resp <= 51.3 AND pafi <= 512 AND adlsc <= 1.8 AND dzclass_Cancer == 0 AND race_hispanic == 0 AND race_white == 1 AND race_black == 0,0.3276800000000001
1,1,0.3276800000000001,0.8,10,8,20,20,dzgroup_Cirrhosis == 0 AND dzclass_Coma == 0 AND race_hispanic == 0 AND dnr_no dnr == 0 AND dzgroup_Coma == 0 AND dementia == 0 AND adlp == 0 AND dzclass_Cancer == 0 AND dnr_dnr before sadm == 0 AND 25.1 <= age <= 81.9 AND avtisst >= 29.1 AND alb <= 11.2 AND dnrday <= 87.1 AND dzgroup_Colon Cancer == 0 AND race_other == 0 AND bun <= 103 AND urine <= 3.22e+03 AND adlp_was_missing == 1 AND dzgroup_COPD == 0 AND race_asian == 0,0.3276800000000001
0,1,0.3276800000000001,0.8,5,4,21,21,resp <= 47.4 AND crea <= 6.86 AND dzgroup_MOSF w/Malig == 0 AND dnr_dnr after sadm == 0 AND bili <= 21.7 AND diabetes == 0 AND dementia == 0 AND 345 <= urine <= 5.3e+03 AND adlsc <= 2.66 AND dzgroup_Colon Cancer == 0 AND race_asian == 0 AND dnr_no dnr == 1 AND bun_was_missing == 1 AND sex == 0 AND race_white == 0 AND 51.5 <= meanbp <= 107 AND dzgroup_Cirrhosis == 0 AND totcst <= 3.33e+05 AND totmcst <= 2.44e+05 AND glucose <= 282 AND ca_no == 1,0.3276800000000001
1,1,0.3276800000000001,0.8,5,4,24,24,118 <= sod <= 169 AND dzgroup_COPD == 0 AND dzgroup_Lung Cancer == 0 AND glucose_was_missing == 1 AND ca_yes == 0 AND dzclass_Cancer == 0 AND dnr_dnr after sadm == 1 AND crea <= 5.3 AND dzgroup_CHF == 0 AND race_other == 0 AND 21.6 <= hrt <= 96.8 AND glucose <= 329 AND urine_was_missing == 1 AND dzgroup_Colon Cancer == 0 AND dzgroup_Coma == 0 AND dzgroup_MOSF w/Malig == 0 AND ca_no == 1 AND dnr_dnr before sadm == 0 AND age <= 71.2 AND totcst <= 2.01e+05 AND dnrday <= 57.8 AND resp <= 57.1 AND bun_was_missing == 1 AND 2.02 <= adlsc <= 5.98,0.3276800000000001
0,1,0.3276800000000001,0.8,10,8,21,21,dnr_dnr after sadm == 0 AND sex == 1 AND bun_was_missing == 0 AND dementia == 0 AND dzgroup_COPD == 0 AND race_other == 0 AND income == 1 AND race_hispanic == 0 AND dzgroup_Colon Cancer == 0 AND race_asian == 0 AND num_co == 1 AND ca_yes == 0 AND sod <= 155 AND glucose <= 314 AND dzgroup_Coma == 0 AND dzclass_COPD/CHF/Cirrhosis == 0 AND charges <= 5.51e+05 AND dzgroup_MOSF w/Malig == 0 AND dzclass_Cancer == 1 AND 8.11 <= edu <= 19.9 AND bun <= 107,0.3276800000000001
0,1,0.3276800000000001,0.8,5,4,25,25,dzclass_Coma == 0 AND dnr_dnr after sadm == 0 AND wblc <= 42.3 AND 0.134 <= bili <= 16.9 AND aps <= 46.8 AND edu <= 26.7 AND dementia == 0 AND glucose_was_missing == 0 AND dzgroup_Coma == 0 AND race_hispanic == 0 AND urine <= 3.68e+03 AND totcst <= 2.17e+05 AND dnr_dnr before sadm == 1 AND totmcst <= 2.72e+05 AND 20.3 <= glucose <= 340 AND dzgroup_Colon Cancer == 0 AND dzgroup_MOSF w/Malig == 0 AND race_white == 1 AND ca_yes == 0 AND urine_was_missing == 0 AND bun_was_missing == 0 AND sex == 0 AND charges <= 2.82e+05 AND avtisst <= 23.6 AND diabetes == 0,0.3276800000000001
0,1,0.3276800000000001,0.8,5,4,18,18,dzgroup_Coma == 0 AND race_other == 0 AND dzgroup_MOSF w/Malig == 0 AND 1.87 <= sps <= 35.5 AND dzclass_Coma == 0 AND dzgroup_Colon Cancer == 0 AND bun_was_missing == 0 AND bili <= 11.6 AND 126 <= sod <= 152 AND dzgroup_Cirrhosis == 0 AND ca_no == 0 AND dementia == 0 AND glucose <= 513 AND bun <= 113 AND urine <= 5.3e+03 AND income == 0 AND scoma <= 62 AND totcst <= 1.65e+05,0.3276800000000001
0,1,0.3276800000000001,0.8,10,8,19,19,dzgroup_COPD == 0 AND dnr_dnr after sadm == 0 AND aps <= 46.8 AND alb <= 9.01 AND race_asian == 0 AND race_black == 0 AND race_other == 0 AND 4.71 <= edu <= 20.9 AND crea <= 6.42 AND dnr_dnr before sadm == 0 AND glucose <= 551 AND urine <= 5.3e+03 AND 60.5 <= age <= 98.2 AND resp <= 25.6 AND sod <= 157 AND dzgroup_CHF == 0 AND dzclass_Coma == 1 AND race_hispanic == 0 AND diabetes == 0,0.3276800000000001
1,1,0.3276800000000001,0.8,10,8,19,19,dementia == 0 AND adlp == 0 AND dnr_dnr before sadm == 0 AND dzclass_Cancer == 0 AND sex == 0 AND dzclass_Coma == 0 AND dnr_dnr after sadm == 1 AND dzgroup_Cirrhosis == 0 AND charges <= 3.31e+05 AND ca_yes == 1 AND 45 <= age <= 81.9 AND diabetes == 0 AND alb <= 10.6 AND dzgroup_Colon Cancer == 0 AND dzgroup_Coma == 0 AND totcst <= 1.97e+05 AND 29.1 <= avtisst <= 62.9 AND dnr_no dnr == 0 AND dzclass_COPD/CHF/Cirrhosis == 0,0.3276800000000001
1,1,0.3276800000000001,0.8,20,16,15,15,avtisst >= 23.5 AND race_hispanic == 0 AND dnr_dnr after sadm == 1 AND 30.5 <= aps <= 101 AND dementia == 0 AND diabetes == 0 AND bun <= 113 AND 45 <= age <= 81.9 AND alb <= 10.6 AND dzclass_Coma == 0 AND ca_yes == 1 AND dnr_dnr before sadm == 0 AND dnr_no dnr == 0 AND dzclass_Cancer == 0 AND dzgroup_Cirrhosis == 0,0.3276800000000001
1,1,0.3276800000000001,0.8,5,4,20,20,bun_was_missing == 1 AND dzgroup_Cirrhosis == 0 AND dementia == 0 AND sod <= 156 AND pafi <= 524 AND bili <= 11.6 AND crea <= 7.51 AND 43.6 <= age <= 86.3 AND scoma <= 38 AND race_hispanic == 0 AND 37.8 <= avtisst <= 61.7 AND dnrday <= 55.5 AND wblc <= 36.5 AND glucose_was_missing == 1 AND dzgroup_Coma == 0 AND totmcst <= 1.92e+05 AND meanbp <= 109 AND adlsc <= 2.33 AND race_white == 1 AND ca_yes == 0,0.3276800000000001
0,1,0.32626514891960096,0.7993079584775087,289,231,22,22,dnr_dnr before sadm == 0 AND dzgroup_Cirrhosis == 0 AND race_other == 0 AND 8.02 <= hrt <= 226 AND urine_was_missing == 1 AND crea <= 7.3 AND dzclass_COPD/CHF/Cirrhosis == 0 AND race_asian == 0 AND sps <= 32.4 AND race_hispanic == 0 AND 52.5 <= pafi <= 395 AND bun <= 99.2 AND dzgroup_Coma == 0 AND 4.71 <= edu <= 20.9 AND dementia == 0 AND wblc <= 71.5 AND 6.36 <= resp <= 33.6 AND 117 <= sod <= 165 AND glucose_was_missing == 1 AND urine <= 4.53e+03 AND dzgroup_CHF == 0 AND dzgroup_COPD == 0,0.32626514891960096
0,1,0.32178662871545805,0.7971014492753623,138,110,19,19,race_other == 0 AND race_hispanic == 0 AND dzclass_Coma == 0 AND adlsc <= 1.58 AND dzgroup_Colon Cancer == 0 AND 7.11 <= ph <= 7.47 AND urine <= 4.52e+03 AND dementia == 0 AND dzgroup_MOSF w/Malig == 0 AND ca_yes == 0 AND charges <= 4.16e+05 AND crea <= 7.15 AND 126 <= sod <= 155 AND glucose_was_missing == 0 AND bun <= 143 AND dzgroup_COPD == 0 AND dzgroup_Cirrhosis == 0 AND race_asian == 0 AND race_black == 0,0.32178662871545805
1,1,0.3213298050686717,0.796875,192,153,17,17,dnr_dnr after sadm == 1 AND dementia == 0 AND adlp == 0 AND totcst <= 1.58e+05 AND dzgroup_Colon Cancer == 0 AND bun <= 91.8 AND urine_was_missing == 1 AND 525 <= urine <= 3.4e+03 AND dzgroup_Coma == 0 AND alb <= 10.6 AND 12.4 <= sps <= 49 AND adlp_was_missing == 1 AND dzgroup_Cirrhosis == 0 AND dzclass_Cancer == 0 AND charges <= 4.73e+05 AND dzgroup_COPD == 0 AND dnr_dnr before sadm == 0,0.3213298050686717
0,1,0.31956951142297607,0.796,250,199,17,17,dnr_dnr before sadm == 0 AND dzgroup_Cirrhosis == 0 AND race_other == 0 AND 8.02 <= hrt <= 226 AND urine_was_missing == 1 AND crea <= 7.3 AND dzclass_COPD/CHF/Cirrhosis == 0 AND charges <= 5e+05 AND alb <= 9.01 AND race_hispanic == 0 AND bun <= 99.2 AND dzgroup_Coma == 0 AND scoma <= 15.5 AND wblc <= 71.5 AND race_black == 0 AND ca_no == 0 AND dementia == 0,0.31956951142297607
1,1,0.3158088059220047,0.7941176470588235,272,216,11,11,hrt <= 146 AND income_was_missing == 0 AND race_asian == 0 AND dnr_no dnr == 0 AND adlp_was_missing == 1 AND dnrday <= 62 AND dzgroup_CHF == 0 AND dzgroup_COPD == 0 AND 18.4 <= age <= 80.2 AND dzgroup_Lung Cancer == 0 AND dzclass_Cancer == 0,0.3158088059220047
1,1,0.3137972914145376,0.7931034482758621,58,46,18,18,dementia == 0 AND adlp == 0 AND dnr_dnr before sadm == 0 AND dzclass_Cancer == 0 AND sex == 0 AND 121 <= sod <= 159 AND glucose <= 387 AND dzclass_Coma == 0 AND dnr_dnr after sadm == 1 AND dzgroup_Cirrhosis == 0 AND aps >= 30.5 AND adlp_was_missing == 1 AND ca_yes == 1 AND crea <= 7.77 AND dzgroup_Coma == 0 AND alb <= 10.6 AND dzgroup_Colon Cancer == 0 AND 12.4 <= sps <= 49,0.3137972914145376
1,1,0.3137972914145376,0.7931034482758621,29,23,24,24,dzgroup_Cirrhosis == 0 AND dzclass_Coma == 0 AND race_hispanic == 0 AND dnr_dnr after sadm == 1 AND dnr_no dnr == 0 AND scoma <= 39.5 AND dzgroup_Coma == 0 AND dzgroup_CHF == 0 AND dementia == 0 AND adlp == 0 AND dzclass_Cancer == 0 AND dnr_dnr before sadm == 0 AND 8.12 <= edu <= 15.9 AND bili <= 11.3 AND charges <= 3.22e+05 AND totcst <= 1.97e+05 AND hrt <= 146 AND 121 <= sod <= 169 AND ca_no == 1 AND ca_yes == 0 AND age >= 54.8 AND alb <= 8.92 AND income_was_missing == 0 AND dzclass_COPD/CHF/Cirrhosis == 0,0.3137972914145376
1,1,0.3137972914145376,0.7931034482758621,174,138,15,15,dzgroup_Cirrhosis == 0 AND dnr_dnr after sadm == 1 AND sex == 1 AND diabetes == 0 AND ca_no == 1 AND dementia == 0 AND wblc <= 49.7 AND dzgroup_Lung Cancer == 0 AND adlp_was_missing == 1 AND bili <= 14.9 AND crea <= 5.29 AND glucose <= 379 AND dzclass_COPD/CHF/Cirrhosis == 0 AND charges <= 5.97e+05 AND bun <= 110,0.3137972914145376
0,1,0.31049786877505814,0.7914285714285715,700,554,14,14,scoma <= 34.5 AND dzgroup_Coma == 0 AND race_asian == 0 AND 64.1 <= hrt <= 162 AND dnrday <= 113 AND dzgroup_Cirrhosis == 0 AND age >= 43.4 AND charges <= 4.31e+05 AND bili <= 11.3 AND crea <= 5.27 AND 7.3 <= ph <= 7.64 AND dzgroup_CHF == 0 AND dzclass_Coma == 0 AND dnr_dnr before sadm == 0,0.31049786877505814
1,1,0.3090667656414808,0.7906976744186046,43,34,17,17,adlp_was_missing == 1 AND dzgroup_COPD == 0 AND dnr_dnr before sadm == 0 AND race_other == 0 AND aps <= 93.1 AND scoma <= 28 AND 118 <= sod <= 161 AND 37.2 <= age <= 65.7 AND sps <= 57.9 AND dementia == 0 AND pafi <= 492 AND crea <= 8.02 AND dzclass_COPD/CHF/Cirrhosis == 0 AND dnr_no dnr == 0 AND glucose_was_missing == 0 AND glucose <= 447 AND dzgroup_MOSF w/Malig == 1,0.3090667656414808
1,1,0.3066820026178275,0.7894736842105263,19,15,11,11,dzgroup_COPD == 0 AND adlp == 0 AND dzclass_Cancer == 0 AND race_asian == 0 AND dnrday <= 49.6 AND hrt >= 72.9 AND dementia == 0 AND pafi <= 524 AND dnr_no dnr == 0 AND 11.4 <= meanbp <= 103 AND dzgroup_Cirrhosis == 1,0.3066820026178275
1,1,0.3066820026178275,0.7894736842105263,19,15,19,19,dementia == 0 AND dnr_dnr before sadm == 0 AND dzclass_Cancer == 0 AND glucose <= 387 AND dzclass_Coma == 0 AND dnr_dnr after sadm == 1 AND dzgroup_Cirrhosis == 0 AND aps >= 30.5 AND adlp_was_missing == 1 AND charges <= 3.31e+05 AND ca_yes == 1 AND 45 <= age <= 81.9 AND diabetes == 0 AND alb <= 10.6 AND race_asian == 0 AND totcst <= 2.64e+05 AND bun <= 113 AND dzgroup_CHF == 0 AND dnr_no dnr == 0,0.3066820026178275
1,1,0.3066820026178275,0.7894736842105263,38,30,23,23,1.94 <= edu <= 18.1 AND charges <= 5.18e+05 AND aps <= 86.7 AND diabetes == 0 AND dnrday <= 66.4 AND temp <= 38.9 AND glucose_was_missing == 1 AND bun <= 119 AND urine_was_missing == 1 AND 840 <= urine <= 3.09e+03 AND adlp_was_missing == 1 AND adls == 1 AND income == 1 AND dzgroup_COPD == 0 AND dzgroup_Lung Cancer == 0 AND dzgroup_MOSF w/Malig == 0 AND dnr_dnr after sadm == 1 AND totmcst <= 2.58e+05 AND dementia == 0 AND 66.7 <= meanbp <= 129 AND dnr_no dnr == 0 AND adlp == 0 AND dnr_dnr before sadm == 0,0.3066820026178275
1,1,0.3066820026178275,0.7894736842105263,19,15,18,18,dzgroup_COPD == 0 AND dzgroup_CHF == 0 AND dzgroup_Cirrhosis == 0 AND 23.5 <= avtisst <= 50.8 AND dnr_no dnr == 0 AND bun <= 119 AND 121 <= sod <= 169 AND race_other == 0 AND totcst <= 1.58e+05 AND sps <= 62.2 AND 24.8 <= aps <= 81.2 AND dnrday <= 128 AND wblc <= 55.5 AND 9.96 <= resp <= 46 AND 0.237 <= crea <= 8.02 AND charges <= 2.08e+05 AND urine_was_missing == 1 AND adlp == 0,0.3066820026178275
0,1,0.3066820026178275,0.7894736842105263,19,15,18,18,totmcst <= 2.79e+05 AND charges <= 2.05e+05 AND avtisst <= 47.2 AND dementia == 0 AND dzgroup_Colon Cancer == 0 AND dzgroup_Lung Cancer == 0 AND crea <= 7.3 AND ph >= 7.37 AND glucose <= 378 AND aps <= 74.9 AND 8.02 <= hrt <= 141 AND race_other == 0 AND num_co == 1 AND adlp == 0 AND income == 1 AND alb <= 12.8 AND urine <= 2.22e+03 AND dzgroup_Cirrhosis == 0,0.3066820026178275
0,1,0.30541419946583187,0.7888198757763976,322,254,13,13,dzgroup_Cirrhosis == 0 AND scoma <= 34.5 AND crea <= 6.42 AND 31.5 <= meanbp <= 169 AND glucose <= 508 AND race_asian == 0 AND charges <= 5.12e+05 AND wblc <= 82 AND income_was_missing == 1 AND dzgroup_Colon Cancer == 0 AND race_black == 0 AND ca_no == 1 AND bun <= 113,0.30541419946583187
1,1,0.3035966957071313,0.7878787878787878,33,26,14,14,dzgroup_COPD == 0 AND dzgroup_Cirrhosis == 0 AND race_hispanic == 0 AND dnr_dnr after sadm == 1 AND dnr_no dnr == 0 AND diabetes == 1 AND dzgroup_Coma == 0 AND 1.16e+03 <= urine <= 4.5e+03 AND 27.7 <= age <= 90 AND dnr_dnr before sadm == 0 AND adlp_was_missing == 1 AND 23.5 <= avtisst <= 60 AND dementia == 0 AND 15.7 <= sps <= 40.5,0.3035966957071313
1,1,0.30209300032124603,0.7870967741935484,310,244,12,12,dnr_dnr before sadm == 0 AND dzclass_Coma == 0 AND adlp == 0 AND dzgroup_Cirrhosis == 0 AND dnr_no dnr == 0 AND dementia == 0 AND glucose <= 373 AND 30.5 <= aps <= 109 AND diabetes == 0 AND hrt <= 146 AND dzclass_Cancer == 0 AND edu <= 20.3,0.30209300032124603
1,1,0.2994492622121735,0.7857142857142857,14,11,17,17,income_was_missing == 0 AND dnrday <= 55.5 AND race_asian == 0 AND ca_yes == 0 AND 56.8 <= pafi <= 391 AND bili <= 16.3 AND scoma >= 74.5 AND alb <= 7.54 AND 127 <= sod <= 169 AND urine <= 3.22e+03 AND dzgroup_MOSF w/Malig == 0 AND race_other == 0 AND 5.8 <= edu <= 18.2 AND dnr_dnr before sadm == 0 AND charges <= 3e+05 AND dementia == 0 AND dzgroup_Coma == 1,0.2994492622121735
0,1,0.2994492622121735,0.7857142857142857,14,11,17,17,dnr_dnr before sadm == 0 AND race_other == 0 AND 8.02 <= hrt <= 226 AND urine_was_missing == 1 AND dzclass_COPD/CHF/Cirrhosis == 0 AND race_asian == 0 AND charges <= 5e+05 AND aps <= 46.8 AND dzclass_Cancer == 1 AND ca_no == 0 AND bun_was_missing == 1 AND dzgroup_Coma == 0 AND alb <= 9.01 AND dzgroup_Colon Cancer == 1 AND 59.6 <= age <= 86.4 AND totmcst <= 2.5e+05 AND num_co == 1,0.2994492622121735
0,1,0.2994492622121735,0.7857142857142857,14,11,18,18,ca_yes == 0 AND avtisst <= 23.3 AND dnr_dnr before sadm == 0 AND dzclass_Cancer == 0 AND dzclass_COPD/CHF/Cirrhosis == 1 AND ca_no == 1 AND dzgroup_Lung Cancer == 0 AND adlp == 0 AND dnr_no dnr == 0 AND scoma <= 33 AND diabetes == 0 AND meanbp <= 131 AND wblc <= 69.8 AND crea <= 5.27 AND dzclass_Coma == 0 AND race_white == 1 AND num_co == 3 AND dnr_dnr after sadm == 1,0.2994492622121735
1,1,0.2994492622121735,0.7857142857142857,42,33,18,18,dzgroup_Coma == 0 AND race_asian == 0 AND 118 <= sod <= 156 AND adlp_was_missing == 1 AND dzgroup_Colon Cancer == 0 AND dzgroup_MOSF w/Malig == 0 AND dnr_no dnr == 0 AND urine <= 4.22e+03 AND glucose <= 263 AND dnrday <= 101 AND dzgroup_CHF == 0 AND 18.4 <= age <= 77.8 AND 7.47 <= edu <= 17.8 AND 56.6 <= meanbp <= 157 AND 8.12 <= resp <= 31.9 AND dzgroup_COPD == 0 AND glucose_was_missing == 0 AND bun <= 121,0.2994492622121735
1,1,0.2985368641638116,0.785234899328859,149,117,14,14,dzgroup_COPD == 0 AND dzgroup_Cirrhosis == 0 AND dzgroup_Lung Cancer == 0 AND dzclass_COPD/CHF/Cirrhosis == 0 AND dzclass_Cancer == 0 AND race_hispanic == 0 AND dzgroup_MOSF w/Malig == 0 AND dnr_dnr before sadm == 0 AND dzgroup_CHF == 0 AND bun <= 85.8 AND dnr_dnr after sadm == 1 AND dzgroup_Coma == 1 AND bili <= 24.2 AND race_other == 0,0.2985368641638116
1,1,0.29456172965920824,0.7831325301204819,83,65,16,16,7.47 <= edu <= 26.4 AND alb <= 10.6 AND 30.5 <= aps <= 109 AND race_hispanic == 0 AND race_other == 0 AND ca_no == 0 AND pafi <= 492 AND dzgroup_Cirrhosis == 0 AND dnr_dnr before sadm == 0 AND dnr_no dnr == 0 AND wblc <= 72.3 AND sex == 0 AND dzclass_COPD/CHF/Cirrhosis == 0 AND dnr_dnr after sadm == 1 AND num_co == 1 AND charges <= 3.96e+05,0.29456172965920824
0,1,0.2935778904262872,0.782608695652174,23,18,22,22,ca_yes == 0 AND avtisst <= 23.3 AND dnr_dnr before sadm == 0 AND dzclass_Cancer == 0 AND dzclass_COPD/CHF/Cirrhosis == 1 AND ca_no == 1 AND dzgroup_Lung Cancer == 0 AND adlp == 0 AND dnr_no dnr == 0 AND scoma <= 33 AND diabetes == 0 AND meanbp <= 131 AND wblc <= 69.8 AND crea <= 5.27 AND dzclass_Coma == 0 AND race_white == 1 AND income_was_missing == 0 AND resp <= 54.5 AND pafi <= 443 AND 124 <= sod <= 148 AND dzgroup_MOSF w/Malig == 0 AND race_hispanic == 0,0.2935778904262872
1,1,0.29103830456733704,0.78125,64,50,18,18,dzgroup_Cirrhosis == 0 AND dzclass_Coma == 0 AND race_hispanic == 0 AND dnr_dnr after sadm == 1 AND totcst <= 1.97e+05 AND dzgroup_Coma == 0 AND dementia == 0 AND adlp == 0 AND dzclass_Cancer == 0 AND dnr_dnr before sadm == 0 AND 45 <= age <= 81.9 AND diabetes == 0 AND alb <= 10.6 AND dzgroup_MOSF w/Malig == 0 AND sps <= 51.9 AND dzclass_COPD/CHF/Cirrhosis == 0 AND race_asian == 0 AND 35 <= temp <= 41.4,0.29103830456733704
0,1,0.28462802079628785,0.7777777777777778,18,14,16,16,dnr_dnr after sadm == 0 AND bili <= 16.9 AND dzgroup_Cirrhosis == 0 AND 2.39 <= edu <= 18.2 AND ca_yes == 0 AND wblc <= 63.8 AND totmcst <= 2.94e+05 AND dzgroup_CHF == 0 AND race_black == 0 AND race_hispanic == 0 AND 1.22 <= aps <= 78.8 AND dnrday <= 75.1 AND meanbp <= 169 AND 7.11 <= ph <= 7.73 AND glucose <= 581 AND race_other == 0,0.28462802079628785
1,1,0.28462802079628785,0.7777777777777778,9,7,23,23,pafi <= 492 AND dzclass_COPD/CHF/Cirrhosis == 0 AND adlp == 0 AND sps <= 62.2 AND 9.45 <= hrt <= 146 AND 0.237 <= crea <= 8.02 AND 121 <= sod <= 156 AND dzgroup_Colon Cancer == 0 AND dzgroup_MOSF w/Malig == 0 AND race_hispanic == 0 AND glucose_was_missing == 1 AND scoma >= 52.5 AND totmcst <= 2.08e+05 AND adlp_was_missing == 1 AND dzgroup_CHF == 0 AND dzgroup_Lung Cancer == 0 AND dzclass_Cancer == 0 AND race_asian == 0 AND ca_yes == 0 AND dnr_dnr after sadm == 1 AND 8.95 <= meanbp <= 121 AND 1.21 <= adlsc <= 3.97 AND dzgroup_COPD == 0,0.28462802079628785
1,1,0.28462802079628785,0.7777777777777778,27,21,15,15,dnr_dnr before sadm == 0 AND dnr_dnr after sadm == 1 AND dementia == 0 AND dzgroup_Coma == 0 AND dzclass_Cancer == 0 AND adlp == 0 AND race_asian == 0 AND dnr_no dnr == 0 AND race_other == 0 AND hrt >= 72.9 AND glucose <= 477 AND bun <= 119 AND adlp_was_missing == 1 AND 139 <= sod <= 161 AND glucose_was_missing == 0,0.28462802079628785
1,1,0.28462802079628785,0.7777777777777778,45,35,16,16,charges <= 5.18e+05 AND aps <= 86.7 AND dzgroup_COPD == 0 AND dzgroup_Lung Cancer == 0 AND dzgroup_MOSF w/Malig == 0 AND dnr_dnr after sadm == 1 AND totmcst <= 2.58e+05 AND dementia == 0 AND adlp == 0 AND dnr_dnr before sadm == 0 AND dzgroup_CHF == 0 AND dzclass_Cancer == 0 AND sex == 0 AND dnrday <= 144 AND sod <= 141 AND num_co == 2,0.28462802079628785
1,1,0.28462802079628785,0.7777777777777778,9,7,21,21,127 <= sod <= 156 AND dzgroup_COPD == 0 AND dnr_dnr before sadm == 0 AND dzgroup_MOSF w/Malig == 0 AND totmcst <= 2.58e+05 AND adlp_was_missing == 1 AND urine <= 4.26e+03 AND 58.1 <= age <= 98.3 AND dzgroup_Cirrhosis == 0 AND race_other == 0 AND dnr_no dnr == 0 AND 35 <= temp <= 37.1 AND income == 1 AND sps <= 69.5 AND crea <= 7.47 AND 134 <= glucose <= 428 AND dzclass_Cancer == 0 AND scoma >= 41.3 AND adlsc >= 2.45 AND ca_yes == 0 AND diabetes == 0,0.28462802079628785
0,1,0.28462802079628785,0.7777777777777778,36,28,10,10,avtisst <= 42.3 AND diabetes == 1 AND dnrday <= 95.5 AND bili <= 23.2 AND adlp == 0 AND sex == 1 AND income == 1 AND charges <= 5e+05 AND race_asian == 0 AND ca_yes == 0,0.28462802079628785
1,1,0.28462802079628785,0.7777777777777778,9,7,19,18,dzclass_Cancer == 0 AND dnr_dnr after sadm == 1 AND adlp == 0 AND 7.47 <= edu <= 22.8 AND dzclass_COPD/CHF/Cirrhosis == 0 AND totmcst <= 2.58e+05 AND 52.8 <= aps <= 118 AND adlp_was_missing == 1 AND dnrday <= 62 AND pafi <= 498 AND alb <= 11.3 AND dzgroup_Colon Cancer == 0 AND race_hispanic == 0 AND 37.5 <= scoma <= 72.5 AND totcst <= 1.06e+05 AND dzgroup_COPD == 0 AND dzgroup_Lung Cancer == 0 AND 26.2 <= avtisst <= 77.8,0.28462802079628785
1,1,0.28462802079628785,0.7777777777777778,9,7,21,21,dzgroup_COPD == 0 AND dzgroup_Lung Cancer == 0 AND glucose_was_missing == 1 AND ca_yes == 0 AND dzclass_Cancer == 0 AND dnr_dnr after sadm == 1 AND crea <= 5.3 AND dzgroup_CHF == 0 AND race_other == 0 AND 21.6 <= hrt <= 96.8 AND glucose <= 329 AND urine_was_missing == 1 AND dzgroup_Colon Cancer == 0 AND dzgroup_Coma == 0 AND dzgroup_MOSF w/Malig == 0 AND ca_no == 1 AND dnr_dnr before sadm == 0 AND age <= 71.2 AND totcst <= 2.01e+05 AND dnrday <= 57.8 AND resp <= 57.1,0.28462802079628785
1,1,0.28462802079628785,0.7777777777777778,9,7,20,20,dementia == 0 AND dnr_no dnr == 0 AND bili <= 9.19 AND dzclass_COPD/CHF/Cirrhosis == 0 AND race_other == 0 AND urine <= 3.62e+03 AND dzclass_Cancer == 0 AND pafi <= 524 AND dzgroup_COPD == 0 AND adlp == 0 AND dnr_dnr before sadm == 0 AND urine_was_missing == 0 AND dnrday <= 49.6 AND 11.4 <= meanbp <= 103 AND bun <= 119 AND edu <= 16.2 AND scoma >= 65.5 AND bun_was_missing == 0 AND dzgroup_Coma == 1 AND 7.27 <= ph <= 7.57,0.28462802079628785
1,1,0.28462802079628785,0.7777777777777778,27,21,15,15,165 <= urine <= 3.76e+03 AND avtisst >= 23.5 AND 30.5 <= aps <= 101 AND dementia == 0 AND adlp == 0 AND dzgroup_COPD == 0 AND dzgroup_Cirrhosis == 0 AND glucose_was_missing == 1 AND dzclass_Cancer == 0 AND totmcst <= 1.22e+05 AND race_asian == 0 AND income_was_missing == 1 AND dzgroup_Lung Cancer == 0 AND 25.3 <= hrt <= 175 AND dzgroup_Coma == 0,0.28462802079628785
0,1,0.28462802079628785,0.7777777777777778,9,7,24,24,dnr_dnr after sadm == 0 AND dzgroup_Colon Cancer == 0 AND dnr_no dnr == 1 AND dnrday <= 75.1 AND sod <= 155 AND sex == 0 AND race_asian == 0 AND totmcst <= 1.19e+05 AND adls == 0 AND income == 1 AND 54 <= age <= 81.1 AND 37.9 <= hrt <= 130 AND 34.9 <= temp <= 37.6 AND glucose <= 356 AND urine_was_missing == 1 AND adlp == 0 AND race_black == 0 AND race_white == 1 AND ca_no == 1 AND dementia == 0 AND dzgroup_CHF == 0 AND dzgroup_Lung Cancer == 0 AND race_other == 0 AND dzgroup_MOSF w/Malig == 0,0.28462802079628785
1,1,0.28462802079628785,0.7777777777777778,9,7,22,22,avtisst >= 23.5 AND dementia == 0 AND adlp == 0 AND dzgroup_Cirrhosis == 0 AND income_was_missing == 1 AND dzgroup_Lung Cancer == 0 AND dzgroup_CHF == 0 AND dnrday <= 55.5 AND 1.03 <= hrt <= 185 AND glucose <= 326 AND dzgroup_Coma == 0 AND 39 <= meanbp <= 115 AND bili <= 11.6 AND 7 <= ph <= 7.62 AND dzgroup_Colon Cancer == 0 AND dzclass_COPD/CHF/Cirrhosis == 0 AND dzclass_Coma == 0 AND ca_yes == 0 AND dnr_dnr after sadm == 1 AND totmcst <= 1.44e+05 AND pafi <= 375 AND race_asian == 0,0.28462802079628785
0,1,0.28462802079628785,0.7777777777777778,9,7,18,18,race_other == 0 AND ca_yes == 0 AND race_hispanic == 0 AND dnr_dnr before sadm == 0 AND dementia == 0 AND 31.5 <= meanbp <= 169 AND adlsc <= 2.16 AND crea <= 7.15 AND age >= 25.8 AND dnrday <= 75.1 AND 113 <= sod <= 155 AND 7.11 <= ph <= 7.73 AND adlp_was_missing == 0 AND income_was_missing == 0 AND resp <= 55.9 AND dzclass_Coma == 0 AND diabetes == 1 AND race_black == 0,0.28462802079628785
1,1,0.28462802079628785,0.7777777777777778,18,14,17,17,dzgroup_COPD == 0 AND dzgroup_CHF == 0 AND dzgroup_Cirrhosis == 0 AND 23.5 <= avtisst <= 50.8 AND pafi <= 524 AND dnr_no dnr == 0 AND bun <= 119 AND race_other == 0 AND totcst <= 1.58e+05 AND sps <= 62.2 AND 24.8 <= aps <= 81.2 AND wblc <= 55.5 AND 9.96 <= resp <= 46 AND charges <= 2.08e+05 AND urine_was_missing == 1 AND 8.87 <= edu <= 23.1 AND dementia == 0,0.28462802079628785
0,1,0.28462802079628785,0.7777777777777778,9,7,18,18,bili <= 22.5 AND dzclass_Cancer == 0 AND dzclass_Coma == 0 AND 120 <= sod <= 144 AND avtisst <= 37.3 AND 54.8 <= hrt <= 189 AND sex == 0 AND income == 1 AND sps <= 26.1 AND dementia == 0 AND dzgroup_Lung Cancer == 0 AND crea <= 6.88 AND dzgroup_Colon Cancer == 0 AND dzgroup_MOSF w/Malig == 0 AND bun <= 107 AND dzgroup_Coma == 0 AND bun_was_missing == 1 AND dnr_dnr after sadm == 1,0.28462802079628785
1,1,0.28462802079628785,0.7777777777777778,9,7,19,19,avtisst >= 23.5 AND dnr_dnr after sadm == 1 AND adlp == 0 AND dzgroup_COPD == 0 AND totcst <= 1.58e+05 AND glucose_was_missing == 1 AND dzgroup_Colon Cancer == 0 AND bun <= 91.8 AND 7.28 <= ph <= 7.66 AND urine_was_missing == 1 AND 525 <= urine <= 3.4e+03 AND sps <= 62.2 AND wblc <= 55.5 AND pafi <= 492 AND 0.237 <= crea <= 8.02 AND dzgroup_Cirrhosis == 0 AND 8 <= scoma <= 44 AND 9.96 <= resp <= 46 AND ca_no == 0,0.28462802079628785
1,1,0.283168392999183,0.7769784172661871,139,108,18,18,dementia == 0 AND adlp == 0 AND dnr_dnr before sadm == 0 AND 121 <= sod <= 159 AND glucose <= 387 AND dzclass_Coma == 0 AND dnr_dnr after sadm == 1 AND urine_was_missing == 0 AND dzgroup_COPD == 0 AND crea <= 7.77 AND dzgroup_Coma == 0 AND 9.18 <= edu <= 22.8 AND totmcst <= 2.58e+05 AND wblc <= 57.4 AND dzgroup_CHF == 0 AND dzclass_COPD/CHF/Cirrhosis == 0 AND dnr_no dnr == 0 AND dzgroup_Lung Cancer == 0,0.283168392999183
1,1,0.283168392999183,0.7769784172661871,139,108,18,18,race_other == 0 AND dnr_dnr after sadm == 1 AND adlp == 0 AND bun_was_missing == 1 AND dzgroup_Cirrhosis == 0 AND dzclass_COPD/CHF/Cirrhosis == 0 AND totmcst <= 1.31e+05 AND dnrday <= 123 AND pafi <= 492 AND crea <= 5.56 AND 7 <= ph <= 7.62 AND glucose_was_missing == 1 AND urine_was_missing == 1 AND sex == 1 AND race_hispanic == 0 AND dnr_no dnr == 0 AND charges <= 5.8e+05 AND 1.29 <= adlsc <= 5.67,0.283168392999183
1,1,0.27856587851417164,0.7744360902255639,133,103,12,12,dnr_no dnr == 0 AND adlp == 0 AND adlp_was_missing == 1 AND dzclass_Cancer == 0 AND race_asian == 0 AND dnr_dnr before sadm == 0 AND dzgroup_COPD == 0 AND hrt <= 146 AND ca_yes == 1 AND totcst <= 1.97e+05 AND 5.61 <= sps <= 47.2 AND charges <= 7.07e+05,0.27856587851417164
1,1,0.2770383778382806,0.7735849056603774,53,41,25,25,wblc <= 82.5 AND 118 <= sod <= 156 AND dzgroup_COPD == 0 AND dzgroup_Lung Cancer == 0 AND ca_no == 1 AND dnr_dnr after sadm == 1 AND dnr_dnr before sadm == 0 AND dzgroup_MOSF w/Malig == 0 AND totmcst <= 5.45e+05 AND alb <= 11.2 AND adlp_was_missing == 1 AND ca_yes == 0 AND urine <= 4.26e+03 AND 58.1 <= age <= 98.3 AND totcst <= 1.42e+05 AND bili <= 9.19 AND dzgroup_Cirrhosis == 0 AND race_other == 0 AND dnr_no dnr == 0 AND 61.5 <= hrt <= 198 AND 35 <= temp <= 40.7 AND income == 1 AND sps <= 69.5 AND dzgroup_Coma == 1 AND race_black == 0,0.2770383778382806
1,1,0.27550608968587587,0.7727272727272727,22,17,17,17,aps >= 30.5 AND dnrday <= 49.6 AND dementia == 0 AND bun <= 119 AND dnr_no dnr == 0 AND race_hispanic == 0 AND dzgroup_Colon Cancer == 0 AND dnr_dnr after sadm == 1 AND crea <= 3.38 AND dnr_dnr before sadm == 0 AND charges <= 5.18e+05 AND totcst <= 2.35e+05 AND 7.27 <= ph <= 7.48 AND urine_was_missing == 0 AND dzclass_COPD/CHF/Cirrhosis == 0 AND dzclass_Cancer == 0 AND 3.62 <= sps <= 67,0.27550608968587587
1,1,0.2746586400370728,0.7722513089005235,382,295,10,10,aps <= 118 AND dzgroup_COPD == 0 AND dnr_dnr after sadm == 1 AND adlp == 0 AND dzclass_Cancer == 0 AND sps <= 51.9 AND dzclass_COPD/CHF/Cirrhosis == 0 AND race_asian == 0 AND income_was_missing == 0 AND dzgroup_Colon Cancer == 0,0.2746586400370728
1,1,0.27368705942760607,0.7717041800643086,311,240,14,14,dzgroup_COPD == 0 AND dzgroup_Cirrhosis == 0 AND dzclass_COPD/CHF/Cirrhosis == 0 AND dnr_dnr after sadm == 1 AND race_white == 1 AND dzclass_Cancer == 0 AND glucose <= 540 AND adlp == 0 AND race_hispanic == 0 AND 65.9 <= meanbp <= 140 AND dementia == 0 AND dnrday <= 64.2 AND hrt <= 146 AND glucose_was_missing == 0,0.27368705942760607
1,1,0.272589678887454,0.7710843373493976,83,64,20,20,dementia == 0 AND race_asian == 0 AND 121 <= sod <= 156 AND bun <= 188 AND adlp_was_missing == 1 AND dzgroup_Colon Cancer == 0 AND dzgroup_MOSF w/Malig == 0 AND dnr_no dnr == 0 AND 7.47 <= edu <= 26.4 AND pafi <= 492 AND 0.237 <= crea <= 8.02 AND urine_was_missing == 0 AND adlp == 0 AND hrt <= 146 AND bili <= 9.19 AND 7 <= ph <= 7.62 AND dzgroup_COPD == 0 AND race_hispanic == 0 AND dnr_dnr before sadm == 0 AND income_was_missing == 1,0.272589678887454
1,1,0.2693290743429045,0.7692307692307693,13,10,24,24,dzgroup_Cirrhosis == 0 AND sex == 1 AND dementia == 0 AND wblc <= 49.7 AND dzgroup_Lung Cancer == 0 AND dnr_no dnr == 0 AND bili <= 9.19 AND dzclass_COPD/CHF/Cirrhosis == 0 AND race_other == 0 AND urine <= 3.62e+03 AND dzclass_Cancer == 0 AND pafi <= 524 AND adlp_was_missing == 1 AND dzgroup_COPD == 0 AND dzgroup_Coma == 1 AND dnr_dnr after sadm == 1 AND adlp == 0 AND dzgroup_MOSF w/Malig == 0 AND race_black == 0 AND dnr_dnr before sadm == 0 AND 5.32 <= resp <= 46.7 AND 7.26 <= ph <= 7.58 AND urine_was_missing == 0 AND adlsc <= 2.98,0.2693290743429045
1,1,0.2693290743429045,0.7692307692307693,13,10,23,23,dzgroup_Lung Cancer == 0 AND race_asian == 0 AND avtisst >= 37.8 AND adlp == 0 AND alb <= 11.7 AND dzclass_Coma == 0 AND hrt <= 147 AND dnr_dnr before sadm == 0 AND edu <= 16.5 AND totcst <= 9.77e+04 AND bun <= 85.8 AND dzclass_COPD/CHF/Cirrhosis == 0 AND totmcst <= 2.19e+05 AND race_other == 0 AND race_white == 1 AND 30.8 <= aps <= 86.2 AND diabetes == 0 AND 39 <= meanbp <= 115 AND glucose <= 477 AND dnrday <= 77.1 AND glucose_was_missing == 0 AND dzclass_Cancer == 0 AND income_was_missing == 0,0.2693290743429045
0,1,0.2693290743429045,0.7692307692307693,13,10,20,20,race_other == 0 AND race_asian == 0 AND glucose_was_missing == 0 AND glucose <= 581 AND scoma <= 34.5 AND meanbp <= 169 AND crea <= 6.42 AND bun <= 143 AND adlsc <= 2.66 AND num_co == 1 AND hrt <= 158 AND ca_no == 0 AND 0.84 <= edu <= 23.2 AND aps <= 46.8 AND diabetes == 0 AND dzgroup_COPD == 0 AND dzgroup_Lung Cancer == 0 AND race_hispanic == 0 AND race_white == 1 AND dnr_dnr before sadm == 0,0.2693290743429045
1,1,0.2693290743429045,0.7692307692307693,26,20,18,18,hrt <= 146 AND adlp_was_missing == 1 AND dzgroup_CHF == 0 AND dzgroup_COPD == 0 AND 18.4 <= age <= 80.2 AND totmcst <= 2.58e+05 AND dementia == 0 AND dzgroup_Colon Cancer == 0 AND dnr_dnr after sadm == 1 AND diabetes == 1 AND bun <= 103 AND income == 1 AND race_hispanic == 0 AND ca_yes == 0 AND dnr_no dnr == 0 AND urine <= 3.4e+03 AND dzgroup_Lung Cancer == 0 AND race_white == 1,0.2693290743429045
1,1,0.2693290743429045,0.7692307692307693,13,10,25,25,dzgroup_COPD == 0 AND dzgroup_Lung Cancer == 0 AND ca_no == 1 AND dnr_dnr after sadm == 1 AND dzgroup_MOSF w/Malig == 0 AND adlp_was_missing == 1 AND urine <= 4.26e+03 AND 58.1 <= age <= 98.3 AND bili <= 9.19 AND dzgroup_Cirrhosis == 0 AND race_other == 0 AND 61.5 <= hrt <= 198 AND 35 <= temp <= 40.7 AND sps <= 69.5 AND crea <= 7.47 AND dzgroup_Coma == 1 AND race_black == 0 AND ca_yes == 0 AND 7.26 <= ph <= 7.58 AND dzclass_COPD/CHF/Cirrhosis == 0 AND race_hispanic == 0 AND dzgroup_CHF == 0 AND diabetes == 1 AND dzgroup_Colon Cancer == 0 AND race_asian == 0,0.2693290743429045
1,1,0.2693290743429045,0.7692307692307693,39,30,19,19,dnr_no dnr == 0 AND totcst <= 1.97e+05 AND dzgroup_Coma == 0 AND dementia == 0 AND adlp == 0 AND dzclass_Cancer == 0 AND dnr_dnr before sadm == 0 AND 45 <= age <= 81.9 AND diabetes == 0 AND 51.6 <= meanbp <= 152 AND scoma <= 37 AND aps <= 118 AND crea <= 3.38 AND dzgroup_COPD == 0 AND dzgroup_Colon Cancer == 0 AND race_asian == 0 AND race_hispanic == 0 AND urine <= 3.64e+03 AND race_white == 1,0.2693290743429045
1,1,0.2693290743429045,0.7692307692307693,13,10,19,19,dnr_no dnr == 0 AND 121 <= sod <= 156 AND dzgroup_CHF == 0 AND dzgroup_Coma == 0 AND ca_yes == 0 AND 7.28 <= ph <= 7.54 AND glucose_was_missing == 0 AND race_white == 1 AND 30.8 <= aps <= 86.2 AND dzgroup_Lung Cancer == 0 AND dzgroup_MOSF w/Malig == 0 AND dzclass_COPD/CHF/Cirrhosis == 0 AND race_hispanic == 0 AND adls == 1 AND dzclass_Coma == 0 AND hrt <= 146 AND dnr_dnr after sadm == 1 AND dnr_dnr before sadm == 0 AND scoma <= 20.5,0.2693290743429045
1,1,0.2667327337677599,0.7677419354838709,155,119,15,15,adlp == 0 AND dzgroup_Cirrhosis == 0 AND 51.7 <= meanbp <= 192 AND 30.5 <= aps <= 109 AND diabetes == 0 AND 121 <= sod <= 159 AND 165 <= urine <= 3.76e+03 AND race_hispanic == 0 AND glucose_was_missing == 1 AND adlp_was_missing == 1 AND charges <= 4.58e+05 AND totcst <= 1.58e+05 AND dzgroup_COPD == 0 AND dzgroup_Colon Cancer == 0 AND dnr_dnr after sadm == 1,0.2667327337677599
1,1,0.2662118732867609,0.7674418604651163,43,33,18,18,sps <= 57.9 AND sex == 0 AND dzgroup_COPD == 0 AND race_other == 0 AND ca_no == 1 AND dnr_dnr after sadm == 1 AND dnr_dnr before sadm == 0 AND dnr_no dnr == 0 AND avtisst >= 9.21 AND totcst <= 1.34e+05 AND glucose_was_missing == 1 AND dzgroup_Colon Cancer == 0 AND dzclass_COPD/CHF/Cirrhosis == 0 AND race_black == 0 AND dzgroup_Cirrhosis == 0 AND charges <= 4.58e+05 AND resp <= 33.3 AND dzclass_Coma == 1,0.2662118732867609
1,1,0.26487008230452685,0.7666666666666667,30,23,14,14,dnr_dnr before sadm == 0 AND dzclass_Coma == 0 AND adlp == 0 AND dzgroup_Cirrhosis == 0 AND dnr_no dnr == 0 AND dementia == 0 AND glucose <= 373 AND 30.5 <= aps <= 109 AND diabetes == 0 AND hrt <= 146 AND dzclass_Cancer == 0 AND edu <= 20.3 AND 4.48 <= sps <= 60.9 AND urine_was_missing == 1,0.26487008230452685
1,1,0.26331750696976275,0.7657657657657657,222,170,21,21,dzgroup_Cirrhosis == 0 AND adlp_was_missing == 1 AND dementia == 0 AND 118 <= sod <= 157 AND adlp == 0 AND 2.81 <= aps <= 101 AND dzgroup_CHF == 0 AND dzgroup_COPD == 0 AND dzgroup_MOSF w/Malig == 0 AND dzclass_COPD/CHF/Cirrhosis == 0 AND dzclass_Cancer == 0 AND dnr_dnr before sadm == 0 AND urine_was_missing == 0 AND pafi <= 379 AND crea <= 11.8 AND ca_no == 1 AND dnr_dnr after sadm == 1 AND dnr_no dnr == 0 AND totmcst <= 1.3e+05 AND race_hispanic == 0 AND ca_yes == 0,0.26331750696976275
1,1,0.2625281864739589,0.7653061224489796,98,75,12,12,11.4 <= meanbp <= 115 AND 30.8 <= aps <= 86.2 AND adlp == 0 AND dnr_dnr before sadm == 0 AND dnr_no dnr == 0 AND bili <= 11.6 AND urine_was_missing == 1 AND 525 <= urine <= 3.4e+03 AND dzgroup_COPD == 0 AND wblc <= 76.1 AND glucose <= 303 AND ca_no == 1,0.2625281864739589
1,1,0.26150027784488145,0.7647058823529411,17,13,24,24,dnrday <= 92.8 AND crea <= 6.12 AND 7.06 <= ph <= 7.72 AND glucose <= 357 AND bun <= 75.8 AND urine <= 2.9e+03 AND sex == 1 AND dzgroup_Colon Cancer == 0 AND dzgroup_Lung Cancer == 0 AND dzclass_Cancer == 0 AND race_black == 0 AND dementia == 0 AND bili <= 11.3 AND dzgroup_COPD == 0 AND dzgroup_MOSF w/Malig == 0 AND race_hispanic == 0 AND ca_yes == 0 AND dnr_dnr before sadm == 0 AND dnr_no dnr == 0 AND dzclass_COPD/CHF/Cirrhosis == 0 AND wblc <= 61.9 AND 34.7 <= temp <= 41.5 AND income == 1 AND charges <= 2.7e+05,0.26150027784488145
1,1,0.2588642078729486,0.7631578947368421,38,29,24,24,totcst <= 1.25e+05 AND totmcst <= 2.55e+05 AND alb <= 7.45 AND glucose_was_missing == 0 AND 5.66 <= bun <= 104 AND dzgroup_CHF == 0 AND dzclass_COPD/CHF/Cirrhosis == 0 AND dzclass_Coma == 0 AND race_asian == 0 AND race_black == 0 AND race_hispanic == 0 AND race_white == 1 AND dnr_dnr after sadm == 1 AND charges <= 4.85e+05 AND 165 <= urine <= 3.76e+03 AND 26.7 <= sps <= 79.3 AND adlp == 0 AND num_co == 1 AND wblc <= 72.3 AND crea <= 5.56 AND ca_no == 0 AND 5.28 <= hrt <= 145 AND dzgroup_Cirrhosis == 0 AND dnr_no dnr == 0,0.2588642078729486
1,1,0.2567458542283846,0.7619047619047619,21,16,17,17,avtisst >= 23.5 AND race_hispanic == 0 AND dnr_dnr after sadm == 1 AND dementia == 0 AND diabetes == 0 AND bun <= 113 AND 45 <= age <= 81.9 AND alb <= 10.6 AND glucose <= 377 AND dzclass_Coma == 0 AND ca_yes == 1 AND dnr_dnr before sadm == 0 AND dnr_no dnr == 0 AND dzclass_Cancer == 0 AND dzgroup_Cirrhosis == 0 AND totcst <= 2.64e+05 AND dzgroup_CHF == 0,0.2567458542283846
1,1,0.25126003423796484,0.7586206896551724,116,88,15,15,30.5 <= aps <= 109 AND race_hispanic == 0 AND race_other == 0 AND dnr_dnr before sadm == 0 AND dnr_no dnr == 0 AND sex == 0 AND dzclass_COPD/CHF/Cirrhosis == 0 AND dnr_dnr after sadm == 1 AND charges <= 5.18e+05 AND dementia == 0 AND dnrday <= 62 AND glucose <= 477 AND bun <= 106 AND dzgroup_CHF == 0 AND dzgroup_Lung Cancer == 0,0.25126003423796484
1,1,0.25126003423796484,0.7586206896551724,58,44,16,16,dzgroup_Cirrhosis == 0 AND dzclass_Coma == 0 AND race_hispanic == 0 AND dnr_dnr after sadm == 1 AND dzgroup_Coma == 0 AND dementia == 0 AND adlp == 0 AND dzclass_Cancer == 0 AND dnr_dnr before sadm == 0 AND 30.5 <= aps <= 101 AND bun <= 113 AND dzgroup_COPD == 0 AND dzgroup_Colon Cancer == 0 AND race_other == 0 AND pafi <= 541 AND income == 0,0.25126003423796484
1,1,0.2495343537242618,0.7575757575757576,198,150,14,14,dzgroup_Cirrhosis == 0 AND dzclass_Coma == 0 AND race_hispanic == 0 AND dnr_dnr after sadm == 1 AND dzgroup_Coma == 0 AND dementia == 0 AND dzclass_Cancer == 0 AND dnr_dnr before sadm == 0 AND 30.5 <= aps <= 101 AND bun <= 113 AND dzgroup_COPD == 0 AND dzgroup_Colon Cancer == 0 AND race_other == 0 AND 7.19 <= ph <= 7.65,0.2495343537242618
0,1,0.2495343537242618,0.7575757575757576,33,25,19,19,dnr_dnr after sadm == 0 AND dzgroup_Lung Cancer == 0 AND race_white == 1 AND 25.8 <= age <= 81.1 AND glucose_was_missing == 0 AND dzclass_Coma == 0 AND 131 <= sod <= 147 AND urine_was_missing == 0 AND dzgroup_Coma == 0 AND 1.94 <= edu <= 26.7 AND 36.4 <= hrt <= 141 AND 0.134 <= bili <= 21.7 AND dzgroup_Cirrhosis == 0 AND race_hispanic == 0 AND dnr_dnr before sadm == 0 AND 28.9 <= avtisst <= 68.1 AND adlp_was_missing == 1 AND adls == 1 AND dnr_no dnr == 1,0.2495343537242618
1,1,0.2481884326272296,0.7567567567567568,37,28,15,15,dementia == 0 AND glucose <= 387 AND dnr_dnr after sadm == 1 AND urine_was_missing == 0 AND dzgroup_COPD == 0 AND 9.18 <= edu <= 22.8 AND totmcst <= 2.58e+05 AND dzgroup_CHF == 0 AND 18.4 <= age <= 80.2 AND dzclass_Cancer == 0 AND charges <= 5.18e+05 AND totcst <= 2.35e+05 AND 30.5 <= aps <= 109 AND dzgroup_Cirrhosis == 0 AND race_hispanic == 0,0.2481884326272296
1,1,0.23773443147916903,0.750271444082519,921,691,15,15,dzgroup_COPD == 0 AND dzgroup_Lung Cancer == 0 AND dnr_dnr after sadm == 1 AND dnr_dnr before sadm == 0 AND totmcst <= 2.58e+05 AND ca_yes == 0 AND ca_no == 1 AND bun <= 85.8 AND 20.9 <= age <= 98.3 AND dzgroup_Cirrhosis == 0 AND dzgroup_Colon Cancer == 0 AND dzclass_COPD/CHF/Cirrhosis == 0 AND dzclass_Cancer == 0 AND race_asian == 0 AND race_hispanic == 0,0.23773443147916903
0,1,0.2373046875,0.75,4,3,22,22,dzclass_Cancer == 1 AND dnr_dnr after sadm == 0 AND 117 <= sod <= 155 AND race_other == 0 AND charges <= 3.45e+05 AND sps <= 45.1 AND dzclass_COPD/CHF/Cirrhosis == 0 AND race_black == 0 AND age >= 25.8 AND totcst <= 9.77e+04 AND dementia == 0 AND bili <= 6.78 AND glucose <= 314 AND bun_was_missing == 0 AND dzgroup_Colon Cancer == 0 AND race_hispanic == 0 AND 8.28 <= hrt <= 148 AND dzgroup_CHF == 0 AND dzclass_Coma == 0 AND scoma <= 13 AND 7.16 <= ph <= 7.7 AND urine_was_missing == 0,0.2373046875
0,1,0.2373046875,0.75,4,3,17,17,charges <= 4.05e+05 AND dnr_no dnr == 1 AND bili <= 21.7 AND adlp_was_missing == 0 AND dzgroup_Cirrhosis == 0 AND wblc <= 87.9 AND income == 0 AND dzgroup_COPD == 0 AND dzclass_Coma == 0 AND race_white == 0 AND urine <= 4.52e+03 AND adlsc <= 2.51 AND sex == 0 AND dzgroup_Colon Cancer == 0 AND race_other == 0 AND bun_was_missing == 0 AND dzclass_COPD/CHF/Cirrhosis == 0,0.2373046875
0,1,0.2373046875,0.75,4,3,21,21,dnr_dnr before sadm == 0 AND 129 <= sod <= 147 AND adlp_was_missing == 0 AND dzgroup_Cirrhosis == 0 AND dzgroup_Coma == 0 AND aps <= 78.5 AND dementia == 0 AND alb <= 11.6 AND crea <= 7.15 AND glucose <= 581 AND bun_was_missing == 0 AND dzgroup_CHF == 0 AND diabetes == 0 AND dnrday <= 97.8 AND bili <= 12.9 AND 1.67 <= adlsc <= 6.33 AND race_black == 0 AND race_white == 1 AND ca_no == 0 AND ca_yes == 0 AND 71.8 <= meanbp <= 142,0.2373046875
1,1,0.2373046875,0.75,12,9,18,18,dnr_no dnr == 0 AND 121 <= sod <= 149 AND race_hispanic == 0 AND dnr_dnr after sadm == 1 AND 30.5 <= aps <= 109 AND dementia == 0 AND dzclass_Coma == 0 AND dnr_dnr before sadm == 0 AND 45 <= age <= 81.9 AND dzgroup_Lung Cancer == 0 AND dzgroup_COPD == 0 AND sex == 1 AND income_was_missing == 0 AND dzclass_Cancer == 0 AND race_asian == 0 AND 7.34 <= ph <= 7.66 AND bun <= 129 AND race_white == 0,0.2373046875
1,1,0.2373046875,0.75,4,3,30,30,59.6 <= age <= 82.2 AND scoma <= 28.5 AND charges <= 4.2e+05 AND 5.68 <= aps <= 66.3 AND 1.3 <= dnrday <= 127 AND 62.7 <= hrt <= 157 AND 34.3 <= temp <= 38.4 AND pafi <= 457 AND alb <= 9.43 AND crea <= 3.99 AND 119 <= sod <= 167 AND 7.28 <= ph <= 7.61 AND bun <= 124 AND adlp == 0 AND adls == 6 AND income_was_missing == 0 AND income == 0 AND dzgroup_Cirrhosis == 0 AND dzgroup_Colon Cancer == 0 AND dzgroup_Coma == 0 AND dzgroup_Lung Cancer == 0 AND dzclass_COPD/CHF/Cirrhosis == 1 AND dzclass_Cancer == 0 AND dzclass_Coma == 0 AND race_asian == 0 AND race_hispanic == 0 AND race_other == 0 AND race_white == 1 AND ca_no == 1 AND dnr_dnr after sadm == 1,0.2373046875
1,1,0.2373046875,0.75,4,3,14,14,dementia == 0 AND adlp == 0 AND dnr_dnr before sadm == 0 AND glucose <= 387 AND dzgroup_Cirrhosis == 0 AND diabetes == 0 AND race_hispanic == 0 AND scoma >= 52.5 AND totcst <= 1.41e+05 AND avtisst >= 23.5 AND income == 1 AND 36.5 <= age <= 95.1 AND dzgroup_MOSF w/Malig == 0 AND ca_yes == 1,0.2373046875
1,1,0.2373046875,0.75,16,12,14,14,income_was_missing == 0 AND dnrday <= 119 AND scoma >= 10.5 AND urine <= 4.8e+03 AND race_other == 0 AND 5.8 <= edu <= 18.2 AND dzgroup_Lung Cancer == 0 AND 47.7 <= age <= 98.3 AND glucose <= 540 AND adlp == 0 AND dzgroup_Colon Cancer == 0 AND dzclass_COPD/CHF/Cirrhosis == 0 AND 1.27 <= adlsc <= 4.73 AND 56.8 <= pafi <= 391,0.2373046875
1,1,0.2373046875,0.75,40,30,15,15,race_hispanic == 0 AND hrt <= 146 AND totcst <= 9.77e+04 AND bun <= 207 AND income_was_missing == 0 AND race_asian == 0 AND 7.47 <= edu <= 17.8 AND dnr_no dnr == 0 AND bili <= 15.5 AND alb <= 10.6 AND ca_no == 0 AND dnr_dnr after sadm == 1 AND adlp_was_missing == 1 AND totmcst <= 2.51e+05 AND adlsc >= 4.74,0.2373046875
1,1,0.2373046875,0.75,4,3,16,16,dzgroup_Cirrhosis == 0 AND dnr_dnr after sadm == 1 AND dnr_no dnr == 0 AND dementia == 0 AND adlp == 0 AND dzclass_Cancer == 0 AND alb <= 10.6 AND dnrday <= 75.4 AND glucose_was_missing == 1 AND 30.8 <= aps <= 77.2 AND 33 <= temp <= 39.4 AND ca_yes == 0 AND num_co == 1 AND 3.4 <= resp <= 60.6 AND 0.827 <= adlsc <= 4.22 AND dzgroup_MOSF w/Malig == 0,0.2373046875
1,1,0.2373046875,0.75,4,3,19,19,dnr_no dnr == 0 AND bili <= 11.6 AND dzgroup_Cirrhosis == 0 AND 7 <= ph <= 7.62 AND dzgroup_Colon Cancer == 0 AND dzgroup_MOSF w/Malig == 0 AND race_hispanic == 0 AND dnrday <= 49.6 AND 56.6 <= meanbp <= 157 AND glucose_was_missing == 0 AND glucose <= 317 AND adlp == 0 AND avtisst >= 23.5 AND hrt >= 72.9 AND adls == 1 AND income_was_missing == 1 AND dzgroup_COPD == 0 AND dnr_dnr after sadm == 1 AND charges <= 2.54e+05,0.2373046875
1,1,0.2373046875,0.75,8,6,21,21,dzgroup_Cirrhosis == 0 AND dzclass_Coma == 0 AND dnr_no dnr == 0 AND dzgroup_CHF == 0 AND dementia == 0 AND 7.28 <= ph <= 7.66 AND dzclass_Cancer == 0 AND dnr_dnr before sadm == 0 AND dzgroup_Colon Cancer == 0 AND 42.8 <= pafi <= 557 AND 28.2 <= age <= 79.3 AND ca_yes == 0 AND 35.5 <= temp <= 40.4 AND 118 <= sod <= 156 AND urine <= 4.4e+03 AND adls == 1 AND income == 1 AND dzgroup_Lung Cancer == 0 AND race_asian == 0 AND num_co == 1 AND 6.42 <= edu <= 17.6,0.2373046875
1,1,0.2373046875,0.75,4,3,19,19,dzgroup_COPD == 0 AND dzgroup_Cirrhosis == 0 AND dzgroup_Lung Cancer == 0 AND dzclass_COPD/CHF/Cirrhosis == 0 AND dzclass_Cancer == 0 AND race_black == 0 AND race_hispanic == 0 AND dzgroup_MOSF w/Malig == 0 AND scoma >= 52.5 AND bun <= 81.3 AND dnrday <= 101 AND bili <= 20.5 AND bun_was_missing == 1 AND dzgroup_Coma == 0 AND race_other == 0 AND race_white == 1 AND dnr_no dnr == 1 AND adlp == 0 AND diabetes == 1,0.2373046875
1,1,0.2373046875,0.75,4,3,17,17,bun <= 113 AND dnr_no dnr == 0 AND dementia == 0 AND adlp == 0 AND avtisst >= 23.5 AND dzgroup_COPD == 0 AND glucose_was_missing == 1 AND 7.28 <= ph <= 7.66 AND 525 <= urine <= 3.4e+03 AND dzgroup_Cirrhosis == 0 AND num_co == 2 AND 51.6 <= meanbp <= 152 AND temp >= 34.5 AND glucose <= 477 AND adlsc <= 2.41 AND dzgroup_Lung Cancer == 0 AND dnr_dnr before sadm == 0,0.2373046875
1,1,0.2373046875,0.75,4,3,18,17,dzgroup_Cirrhosis == 0 AND race_hispanic == 0 AND dnr_dnr after sadm == 1 AND dnr_no dnr == 0 AND totcst <= 1.97e+05 AND dzgroup_Coma == 0 AND dementia == 0 AND adlp == 0 AND 45 <= age <= 81.9 AND diabetes == 0 AND alb <= 10.6 AND glucose_was_missing == 1 AND 30.5 <= aps <= 101 AND bun <= 113 AND dzgroup_Colon Cancer == 0 AND ca_no == 0 AND race_other == 0,0.2373046875
0,1,0.2373046875,0.75,8,6,15,15,race_other == 0 AND bun_was_missing == 0 AND dementia == 0 AND crea <= 6.75 AND dzgroup_COPD == 0 AND dzgroup_Coma == 0 AND race_asian == 0 AND wblc <= 80.4 AND adlp_was_missing == 0 AND glucose_was_missing == 0 AND dzgroup_Colon Cancer == 0 AND race_black == 0 AND dnr_dnr after sadm == 1 AND dnr_dnr before sadm == 0 AND race_hispanic == 0,0.2373046875
1,1,0.2373046875,0.75,4,3,16,16,dzgroup_MOSF w/Malig == 0 AND dnr_no dnr == 0 AND 21.6 <= hrt <= 208 AND crea <= 11.8 AND edu <= 26.4 AND dzclass_Cancer == 0 AND dnr_dnr before sadm == 0 AND dzgroup_CHF == 0 AND age <= 50.5 AND 35 <= scoma <= 89.3 AND dzgroup_Coma == 0 AND dzgroup_Lung Cancer == 0 AND ca_no == 1 AND dnr_dnr after sadm == 1 AND 1.76e+04 <= totcst <= 2.71e+05 AND race_white == 0,0.2373046875
0,1,0.2373046875,0.75,4,3,29,29,36.2 <= age <= 75.6 AND scoma <= 58.5 AND avtisst <= 40.7 AND aps <= 81.8 AND 20.3 <= hrt <= 170 AND resp <= 42.1 AND pafi <= 440 AND alb <= 13.1 AND crea <= 4.98 AND glucose_was_missing == 1 AND bun_was_missing == 1 AND bun <= 114 AND urine_was_missing == 1 AND adlp == 0 AND adls == 1 AND 2.22 <= adlsc <= 5.75 AND income_was_missing == 1 AND income == 1 AND dzgroup_CHF == 0 AND dzgroup_COPD == 1 AND dzgroup_Cirrhosis == 0 AND dzgroup_Colon Cancer == 0 AND dzgroup_Coma == 0 AND race_asian == 0 AND race_black == 0 AND race_hispanic == 0 AND ca_no == 0 AND diabetes == 0 AND bili <= 23.6,0.2373046875
0,1,0.2373046875,0.75,12,9,15,15,47 <= meanbp <= 161 AND 8.02 <= hrt <= 117 AND 6.16 <= resp <= 37.8 AND 39.7 <= pafi <= 408 AND crea <= 7.72 AND income == 1 AND dzgroup_MOSF w/Malig == 0 AND scoma <= 25 AND 35.1 <= temp <= 37.6 AND dzgroup_COPD == 0 AND dzgroup_Coma == 0 AND dzgroup_Cirrhosis == 0 AND 190 <= urine <= 4.78e+03 AND sex == 1 AND dzclass_Cancer == 0,0.2373046875
1,1,0.2373046875,0.75,8,6,23,23,dnr_no dnr == 0 AND 121 <= sod <= 156 AND 39 <= meanbp <= 127 AND dzgroup_COPD == 0 AND bun <= 120 AND dzgroup_CHF == 0 AND dzgroup_Coma == 0 AND ca_no == 1 AND ca_yes == 0 AND 7.26 <= ph <= 7.54 AND glucose_was_missing == 0 AND sex == 0 AND race_white == 1 AND diabetes == 0 AND 30.8 <= aps <= 86.2 AND adlp == 0 AND dzgroup_Lung Cancer == 0 AND dzgroup_MOSF w/Malig == 0 AND dzclass_COPD/CHF/Cirrhosis == 0 AND race_hispanic == 0 AND age >= 68.8 AND adls == 1 AND dzclass_Coma == 0,0.2373046875
1,1,0.2373046875,0.75,4,3,22,22,dnr_dnr before sadm == 0 AND dzclass_Coma == 0 AND dzgroup_Lung Cancer == 0 AND dzgroup_Cirrhosis == 0 AND dnr_no dnr == 0 AND totcst <= 1.97e+05 AND dementia == 0 AND glucose <= 373 AND meanbp <= 192 AND 30.5 <= aps <= 109 AND diabetes == 0 AND urine_was_missing == 0 AND 165 <= urine <= 7.36e+03 AND income_was_missing == 0 AND dzclass_COPD/CHF/Cirrhosis == 0 AND race_other == 0 AND race_hispanic == 0 AND dnr_dnr after sadm == 1 AND dzgroup_CHF == 0 AND 8.73 <= sps <= 54.3 AND wblc <= 43.4 AND adls == 3,0.2373046875
1,1,0.2373046875,0.75,4,3,25,25,dzgroup_COPD == 0 AND dzgroup_Cirrhosis == 0 AND dzgroup_MOSF w/Malig == 0 AND race_hispanic == 0 AND adlp == 0 AND dzclass_COPD/CHF/Cirrhosis == 0 AND dnr_no dnr == 0 AND 58.1 <= age <= 73.7 AND dnr_dnr before sadm == 0 AND diabetes == 1 AND scoma <= 23 AND wblc <= 64.5 AND bun <= 110 AND income_was_missing == 1 AND ca_yes == 0 AND 4.09 <= edu <= 19.9 AND totmcst <= 2.74e+05 AND dementia == 0 AND dnrday <= 71.1 AND 118 <= sod <= 156 AND adlp_was_missing == 1 AND dzgroup_Lung Cancer == 0 AND dzclass_Cancer == 0 AND race_asian == 0 AND ca_no == 1,0.2373046875
1,1,0.2373046875,0.75,4,3,24,24,118 <= sod <= 169 AND dzgroup_COPD == 0 AND dzgroup_Lung Cancer == 0 AND glucose_was_missing == 1 AND ca_yes == 0 AND dzclass_Cancer == 0 AND dnr_dnr after sadm == 1 AND crea <= 5.3 AND dzgroup_CHF == 0 AND race_other == 0 AND 21.6 <= hrt <= 96.8 AND glucose <= 329 AND urine_was_missing == 1 AND dzgroup_Colon Cancer == 0 AND dzgroup_Coma == 0 AND dzgroup_MOSF w/Malig == 0 AND ca_no == 1 AND dnr_dnr before sadm == 0 AND age <= 71.2 AND totcst <= 2.01e+05 AND dnrday <= 57.8 AND resp <= 57.1 AND diabetes == 0 AND dzclass_COPD/CHF/Cirrhosis == 1,0.2373046875
1,1,0.23399965993447927,0.7478991596638656,119,89,15,15,race_hispanic == 0 AND race_asian == 0 AND dnr_no dnr == 0 AND adlp_was_missing == 1 AND dnrday <= 62 AND dzgroup_CHF == 0 AND dzgroup_COPD == 0 AND 8.12 <= resp <= 31.9 AND race_black == 0 AND 18.4 <= age <= 77.8 AND 56.6 <= meanbp <= 157 AND urine <= 4.22e+03 AND hrt <= 146 AND income_was_missing == 0 AND charges <= 4.34e+05,0.23399965993447927
1,1,0.23067648453224557,0.7457627118644068,118,88,15,15,race_hispanic == 0 AND race_asian == 0 AND dnr_no dnr == 0 AND adlp_was_missing == 1 AND dnrday <= 62 AND dzgroup_CHF == 0 AND dzgroup_COPD == 0 AND 8.12 <= resp <= 31.9 AND race_black == 0 AND 18.4 <= age <= 77.8 AND 56.6 <= meanbp <= 167 AND urine <= 4.22e+03 AND hrt <= 146 AND income_was_missing == 0 AND charges <= 4.34e+05,0.23067648453224557
0,1,0.23057626013137325,0.745697896749522,523,390,11,11,crea <= 5.27 AND race_other == 0 AND dzgroup_Cirrhosis == 0 AND glucose <= 894 AND race_asian == 0 AND income_was_missing == 0 AND adlp == 0 AND resp <= 57.5 AND bili <= 18.5 AND dzclass_Coma == 0 AND bun <= 132,0.23057626013137325
1,1,0.22252054573802593,0.7404129793510325,339,251,17,17,38.1 <= hrt <= 198 AND dzgroup_COPD == 0 AND dzgroup_Cirrhosis == 0 AND dnr_dnr after sadm == 1 AND totmcst <= 2.62e+05 AND sps <= 62.2 AND adlp == 0 AND dzclass_COPD/CHF/Cirrhosis == 0 AND 58.1 <= age <= 98.3 AND urine_was_missing == 1 AND dementia == 0 AND bun_was_missing == 1 AND race_other == 0 AND totcst <= 1.77e+05 AND bun <= 103 AND dzgroup_Colon Cancer == 0 AND dzgroup_MOSF w/Malig == 0,0.22252054573802593
0,1,0.2216569762139915,0.7398373983739838,246,182,18,18,dzgroup_COPD == 0 AND income_was_missing == 0 AND dzgroup_Lung Cancer == 0 AND dnr_dnr before sadm == 0 AND race_black == 0 AND dementia == 0 AND crea <= 6.74 AND dzgroup_Coma == 0 AND race_white == 1 AND pafi <= 490 AND race_other == 0 AND 42.8 <= meanbp <= 158 AND 7.09 <= ph <= 7.73 AND glucose_was_missing == 1 AND glucose <= 392 AND dzgroup_Colon Cancer == 0 AND race_hispanic == 0 AND bili <= 25.6,0.2216569762139915
1,1,0.22059995870325735,0.7391304347826086,23,17,19,19,dzgroup_Cirrhosis == 0 AND race_hispanic == 0 AND dnr_dnr after sadm == 1 AND dnr_no dnr == 0 AND totcst <= 1.97e+05 AND dzgroup_Coma == 0 AND dementia == 0 AND adlp == 0 AND dzclass_Cancer == 0 AND dnr_dnr before sadm == 0 AND 45 <= age <= 81.9 AND diabetes == 0 AND adlp_was_missing == 1 AND sex == 0 AND dzgroup_COPD == 0 AND dzgroup_Colon Cancer == 0 AND race_asian == 0 AND race_white == 1 AND ca_yes == 1,0.22059995870325735
1,1,0.22059995870325735,0.7391304347826086,23,17,17,17,pafi <= 492 AND dzgroup_Cirrhosis == 0 AND race_other == 0 AND dnr_no dnr == 0 AND 7.47 <= edu <= 26.4 AND dzclass_COPD/CHF/Cirrhosis == 0 AND 121 <= sod <= 157 AND dementia == 0 AND adlp == 0 AND totcst <= 1.4e+05 AND bili <= 18 AND 165 <= urine <= 4.98e+03 AND 9.28 <= sps <= 83.5 AND diabetes == 0 AND income == 2 AND meanbp <= 82.9 AND adlsc <= 2.23,0.22059995870325735
1,1,0.21720617794361205,0.7368421052631579,38,28,13,13,165 <= urine <= 3.76e+03 AND avtisst >= 23.5 AND 30.5 <= aps <= 101 AND dementia == 0 AND adlp == 0 AND dzgroup_Cirrhosis == 0 AND glucose_was_missing == 1 AND dzclass_Cancer == 0 AND totmcst <= 1.22e+05 AND race_asian == 0 AND income_was_missing == 1 AND dzgroup_Lung Cancer == 0 AND 3.01 <= edu <= 21,0.21720617794361205
0,1,0.21720617794361205,0.7368421052631579,361,266,23,23,race_other == 0 AND wblc <= 63.8 AND dzgroup_Coma == 0 AND dzgroup_MOSF w/Malig == 0 AND race_hispanic == 0 AND adlp == 0 AND dzgroup_Lung Cancer == 0 AND race_white == 1 AND totcst <= 2.4e+05 AND bili <= 22.5 AND 122 <= sod <= 150 AND dzgroup_Cirrhosis == 0 AND dzclass_Cancer == 0 AND race_asian == 0 AND dnr_dnr before sadm == 0 AND resp <= 45.5 AND edu <= 16.5 AND diabetes == 0 AND 7.25 <= ph <= 7.64 AND urine_was_missing == 0 AND urine <= 4.56e+03 AND dzclass_Coma == 0 AND dementia == 0,0.21720617794361205
1,1,0.2149341667858102,0.7352941176470589,34,25,15,15,dnr_dnr before sadm == 0 AND dzclass_Coma == 0 AND adlp == 0 AND dzgroup_Cirrhosis == 0 AND dnr_no dnr == 0 AND dementia == 0 AND glucose <= 373 AND 30.5 <= aps <= 109 AND diabetes == 0 AND hrt <= 146 AND dzclass_Cancer == 0 AND edu <= 20.3 AND bili <= 15.4 AND adlp_was_missing == 1 AND race_white == 1,0.2149341667858102
1,1,0.20528663711548756,0.7285714285714285,70,51,16,16,dzgroup_Cirrhosis == 0 AND dzclass_Coma == 0 AND dnr_no dnr == 0 AND totcst <= 1.97e+05 AND dzgroup_Coma == 0 AND dementia == 0 AND adlp == 0 AND dzclass_Cancer == 0 AND dnr_dnr before sadm == 0 AND 45 <= age <= 81.9 AND diabetes == 0 AND dzgroup_MOSF w/Malig == 0 AND 51.6 <= meanbp <= 152 AND 121 <= sod <= 169 AND bun <= 113 AND dzgroup_Lung Cancer == 0,0.20528663711548756
1,1,0.20346349914002398,0.7272727272727273,22,16,16,16,race_other == 0 AND dzclass_COPD/CHF/Cirrhosis == 0 AND 119 <= sod <= 157 AND dementia == 0 AND crea <= 8.02 AND adlp == 0 AND charges <= 4.23e+05 AND totcst <= 1.72e+05 AND bili <= 22.5 AND dzgroup_COPD == 0 AND dzgroup_MOSF w/Malig == 1 AND ca_yes == 1 AND 46.6 <= age <= 89.3 AND dnr_dnr before sadm == 0 AND glucose_was_missing == 0 AND 56.4 <= aps <= 116,0.20346349914002398
0,1,0.20346349914002398,0.7272727272727273,11,8,17,17,totmcst <= 2.79e+05 AND charges <= 2.05e+05 AND avtisst <= 47.2 AND dementia == 0 AND dzgroup_Colon Cancer == 0 AND dzgroup_Lung Cancer == 0 AND crea <= 7.3 AND ph >= 7.37 AND glucose <= 378 AND aps <= 74.9 AND 8.02 <= hrt <= 141 AND race_other == 0 AND num_co == 1 AND adlp == 0 AND income == 1 AND 33.5 <= age <= 73.7 AND glucose_was_missing == 0,0.20346349914002398
1,1,0.20346349914002398,0.7272727272727273,33,24,22,22,dnr_dnr before sadm == 0 AND dnr_no dnr == 0 AND 121 <= sod <= 156 AND meanbp <= 127 AND totcst <= 1.97e+05 AND dzgroup_COPD == 0 AND dzclass_Coma == 0 AND bun <= 120 AND adlp_was_missing == 1 AND dzgroup_CHF == 0 AND dzgroup_Coma == 0 AND ca_no == 1 AND ca_yes == 0 AND 7.47 <= edu <= 26.4 AND dnrday <= 147 AND 7.26 <= ph <= 7.54 AND glucose_was_missing == 0 AND sex == 0 AND race_white == 1 AND diabetes == 0 AND resp <= 48.6 AND bun_was_missing == 0,0.20346349914002398
1,1,0.20030418945312498,0.725,40,29,19,19,dzgroup_Cirrhosis == 0 AND race_other == 0 AND dnr_dnr before sadm == 0 AND dzclass_COPD/CHF/Cirrhosis == 0 AND 121 <= sod <= 157 AND urine <= 3.76e+03 AND urine_was_missing == 0 AND meanbp <= 127 AND wblc <= 45.6 AND scoma >= 52.5 AND 9.21 <= avtisst <= 50.8 AND dnrday <= 101 AND hrt <= 146 AND 7.26 <= ph <= 7.62 AND glucose <= 379 AND dzgroup_Lung Cancer == 0 AND race_hispanic == 0 AND dnr_dnr after sadm == 1 AND race_black == 0,0.20030418945312498
1,1,0.19774859818854193,0.7231404958677686,242,175,18,18,wblc <= 72.3 AND dzgroup_COPD == 0 AND dnr_dnr before sadm == 0 AND dnr_no dnr == 0 AND adlp == 0 AND dzgroup_CHF == 0 AND race_hispanic == 0 AND totcst <= 1.42e+05 AND hrt <= 146 AND pafi <= 492 AND bili <= 9.19 AND 0.237 <= crea <= 5.56 AND 7 <= ph <= 7.62 AND dzgroup_MOSF w/Malig == 0 AND 114 <= sod <= 162 AND urine <= 3.94e+03 AND glucose_was_missing == 0 AND adls == 1,0.19774859818854193
1,1,0.19649623617673456,0.7222222222222222,18,13,19,19,dnr_dnr before sadm == 0 AND dnr_dnr after sadm == 1 AND dzgroup_Coma == 0 AND pafi <= 557 AND adlp == 0 AND dzgroup_Colon Cancer == 0 AND 1.16e+03 <= urine <= 3.22e+03 AND charges <= 4.82e+05 AND totmcst <= 2.62e+05 AND 7 <= ph <= 7.62 AND dzclass_Coma == 0 AND bun <= 96.3 AND adlsc <= 2.37 AND dzgroup_CHF == 0 AND 39 <= meanbp <= 115 AND bili <= 11.6 AND dzclass_COPD/CHF/Cirrhosis == 0 AND 1.03 <= hrt <= 143 AND ca_yes == 0,0.19649623617673456
1,1,0.19606475580717955,0.7219047619047619,525,379,15,15,dnrday <= 101 AND dzgroup_MOSF w/Malig == 0 AND dzclass_Cancer == 0 AND race_other == 0 AND adlp_was_missing == 1 AND dzgroup_CHF == 0 AND dzgroup_Colon Cancer == 0 AND dnr_no dnr == 0 AND urine <= 3.22e+03 AND dnr_dnr before sadm == 0 AND totmcst <= 2.23e+05 AND 118 <= sod <= 156 AND dzclass_Coma == 0 AND race_asian == 0 AND pafi <= 250,0.19606475580717955
1,1,0.19592865644007781,0.7218045112781954,133,96,16,16,pafi <= 492 AND dzgroup_Cirrhosis == 0 AND race_other == 0 AND dnr_dnr before sadm == 0 AND dnr_no dnr == 0 AND 7.47 <= edu <= 26.4 AND adlp == 0 AND urine_was_missing == 0 AND 45 <= age <= 80.2 AND dzgroup_COPD == 0 AND totcst <= 1.06e+05 AND dzgroup_MOSF w/Malig == 0 AND adlp_was_missing == 1 AND race_asian == 0 AND dnr_dnr after sadm == 1 AND ca_yes == 0,0.19592865644007781
1,1,0.19349176319999997,0.72,25,18,23,23,dzgroup_MOSF w/Malig == 0 AND dementia == 0 AND dzgroup_Cirrhosis == 0 AND totmcst <= 1.29e+05 AND race_asian == 0 AND 35.5 <= temp <= 40.4 AND dzgroup_CHF == 0 AND 1.94 <= edu <= 18.1 AND totcst <= 2.73e+05 AND 118 <= sod <= 156 AND 7.28 <= ph <= 7.66 AND bun <= 119 AND urine_was_missing == 1 AND income == 1 AND dzgroup_Lung Cancer == 0 AND dnr_no dnr == 0 AND 1.48 <= adlsc <= 3.61 AND dnr_dnr before sadm == 0 AND 1.33 <= sps <= 45.9 AND urine <= 4.4e+03 AND race_other == 0 AND 36.4 <= age <= 72.4 AND adls == 1,0.19349176319999997
1,1,0.19255065718775147,0.7192982456140351,114,82,13,13,dnr_dnr after sadm == 1 AND dnr_no dnr == 0 AND adlp == 0 AND 9.45 <= hrt <= 235 AND dzgroup_Colon Cancer == 0 AND dzgroup_MOSF w/Malig == 0 AND adlp_was_missing == 1 AND scoma <= 53.5 AND dementia == 0 AND 121 <= sod <= 156 AND income_was_missing == 1 AND bun <= 60.4 AND dzgroup_CHF == 0,0.19255065718775147
1,1,0.19228696144921717,0.7191011235955056,89,64,17,17,adlp == 0 AND dzclass_Cancer == 0 AND dementia == 0 AND bun <= 61.5 AND dnr_no dnr == 0 AND dzgroup_CHF == 0 AND charges <= 5.18e+05 AND pafi <= 524 AND dzgroup_Cirrhosis == 0 AND dzclass_COPD/CHF/Cirrhosis == 0 AND sps <= 62.2 AND 24.8 <= aps <= 81.2 AND dnrday <= 128 AND wblc <= 55.5 AND 7.28 <= ph <= 7.66 AND 525 <= urine <= 3.4e+03 AND sex == 0,0.19228696144921717
1,1,0.191817969083786,0.71875,32,23,13,13,dzgroup_COPD == 0 AND adlp == 0 AND dnr_dnr before sadm == 0 AND dzclass_Cancer == 0 AND dnrday <= 49.6 AND hrt >= 72.9 AND dementia == 0 AND glucose <= 477 AND bun <= 119 AND dnr_no dnr == 0 AND 11.4 <= meanbp <= 103 AND dzgroup_CHF == 0 AND adls == 0,0.191817969083786
1,1,0.191817969083786,0.71875,32,23,17,17,dzgroup_Cirrhosis == 0 AND dzclass_Coma == 0 AND dnr_no dnr == 0 AND totcst <= 1.97e+05 AND dzgroup_Coma == 0 AND dementia == 0 AND adlp == 0 AND dzclass_Cancer == 0 AND dnr_dnr before sadm == 0 AND 45 <= age <= 81.9 AND diabetes == 0 AND dzgroup_MOSF w/Malig == 0 AND 51.6 <= meanbp <= 152 AND 121 <= sod <= 169 AND bun <= 113 AND dzgroup_Lung Cancer == 0 AND sex == 1,0.191817969083786
1,1,0.19133914264009538,0.7183908045977011,174,125,20,20,sps <= 69.5 AND dnrday <= 101 AND 104 <= pafi <= 405 AND alb <= 12.1 AND glucose <= 271 AND bun <= 103 AND income_was_missing == 1 AND dzgroup_COPD == 0 AND dzgroup_Colon Cancer == 0 AND dzgroup_Lung Cancer == 0 AND dzgroup_MOSF w/Malig == 0 AND race_black == 0 AND race_hispanic == 0 AND ca_yes == 0 AND dnr_dnr after sadm == 1 AND dnr_dnr before sadm == 0 AND 79.7 <= hrt <= 198 AND totmcst <= 2.58e+05 AND 35 <= temp <= 40.7 AND race_other == 0,0.19133914264009538
1,1,0.18956585420861766,0.7170542635658915,258,185,16,16,dzgroup_COPD == 0 AND dzclass_COPD/CHF/Cirrhosis == 0 AND race_hispanic == 0 AND dzgroup_MOSF w/Malig == 0 AND dnr_dnr before sadm == 0 AND dzgroup_CHF == 0 AND dnr_dnr after sadm == 1 AND race_other == 0 AND 1.62 <= edu <= 26.4 AND totcst <= 4.77e+05 AND 14.9 <= avtisst <= 61.1 AND dementia == 0 AND dnrday <= 92.3 AND glucose_was_missing == 0 AND bun_was_missing == 0 AND race_white == 1,0.18956585420861766
1,1,0.1894692059725282,0.7169811320754716,53,38,17,17,adlp == 0 AND dnr_dnr before sadm == 0 AND dzclass_Cancer == 0 AND dementia == 0 AND bun <= 119 AND dnr_no dnr == 0 AND 40.5 <= meanbp <= 103 AND charges <= 4.73e+05 AND totcst <= 1.58e+05 AND urine_was_missing == 1 AND dnr_dnr after sadm == 1 AND totmcst <= 2.71e+05 AND 121 <= sod <= 169 AND adlp_was_missing == 1 AND income == 1 AND race_asian == 0 AND race_black == 0,0.1894692059725282
0,1,0.18593443208187066,0.7142857142857143,7,5,18,18,wblc <= 97.7 AND 71.5 <= hrt <= 198 AND pafi <= 470 AND bili <= 22.4 AND sod <= 165 AND glucose_was_missing == 0 AND glucose <= 642 AND bun_was_missing == 0 AND urine_was_missing == 0 AND dzgroup_CHF == 0 AND dzgroup_Lung Cancer == 0 AND race_asian == 0 AND race_hispanic == 0 AND diabetes == 0 AND adls == 6 AND scoma <= 14.5 AND avtisst <= 36.5 AND race_other == 0,0.18593443208187066
0,1,0.18593443208187066,0.7142857142857143,21,15,20,20,118 <= sod <= 158 AND ca_no == 1 AND dnr_dnr after sadm == 1 AND dnr_dnr before sadm == 0 AND urine_was_missing == 1 AND ca_yes == 0 AND race_hispanic == 0 AND num_co == 1 AND 1.62 <= edu <= 22.4 AND dnrday <= 46.6 AND resp <= 54.8 AND bun_was_missing == 1 AND bun <= 116 AND adls == 1 AND dzgroup_Cirrhosis == 0 AND dzclass_Cancer == 0 AND dzclass_Coma == 0 AND dnr_no dnr == 0 AND alb <= 7.59 AND dzgroup_COPD == 1,0.18593443208187066
1,1,0.18593443208187066,0.7142857142857143,14,10,17,17,dzgroup_COPD == 0 AND dzgroup_Lung Cancer == 0 AND ca_no == 1 AND dzgroup_MOSF w/Malig == 0 AND alb <= 12.1 AND urine_was_missing == 1 AND wblc <= 82.5 AND totcst <= 1.32e+05 AND totmcst <= 1.94e+05 AND avtisst <= 50.8 AND diabetes == 0 AND adlp_was_missing == 1 AND race_hispanic == 0 AND dnr_no dnr == 0 AND num_co == 2 AND income_was_missing == 1 AND 132 <= pafi <= 415,0.18593443208187066
1,1,0.18593443208187066,0.7142857142857143,140,100,15,15,dzgroup_COPD == 0 AND dnr_dnr before sadm == 0 AND dzgroup_Lung Cancer == 0 AND dnr_dnr after sadm == 1 AND 1.2e+03 <= urine <= 5.7e+03 AND race_other == 0 AND 49.1 <= hrt <= 208 AND dzgroup_Coma == 0 AND dzgroup_MOSF w/Malig == 0 AND dzclass_Coma == 0 AND 113 <= sod <= 169 AND crea <= 5.3 AND bun <= 110 AND race_white == 0 AND totmcst <= 2.33e+05,0.18593443208187066
1,1,0.18593443208187066,0.7142857142857143,7,5,18,18,dzgroup_COPD == 0 AND dzgroup_Lung Cancer == 0 AND glucose_was_missing == 1 AND ca_yes == 0 AND dzclass_Cancer == 0 AND dnr_dnr after sadm == 1 AND dzgroup_CHF == 0 AND race_other == 0 AND 21.6 <= hrt <= 96.8 AND urine_was_missing == 1 AND dzgroup_Colon Cancer == 0 AND dzgroup_Coma == 0 AND dzgroup_MOSF w/Malig == 0 AND ca_no == 1 AND dnr_dnr before sadm == 0 AND age <= 71.2 AND totcst <= 2.01e+05 AND resp <= 57.1,0.18593443208187066
1,1,0.18593443208187066,0.7142857142857143,7,5,22,22,127 <= sod <= 156 AND dzgroup_COPD == 0 AND dnr_dnr before sadm == 0 AND dzgroup_MOSF w/Malig == 0 AND adlp_was_missing == 1 AND urine <= 4.26e+03 AND 58.1 <= age <= 98.3 AND dzgroup_Cirrhosis == 0 AND race_other == 0 AND dnr_no dnr == 0 AND 35 <= temp <= 37.1 AND income == 1 AND sps <= 69.5 AND crea <= 7.47 AND 134 <= glucose <= 428 AND dzclass_Cancer == 0 AND scoma >= 41.3 AND totcst <= 1.42e+05 AND alb <= 11.2 AND race_black == 0 AND bili <= 17.5 AND income_was_missing == 1,0.18593443208187066
1,1,0.18593443208187066,0.7142857142857143,140,100,18,18,dzgroup_Cirrhosis == 0 AND resp <= 37.8 AND race_other == 0 AND 34.9 <= temp <= 41.2 AND adlp_was_missing == 1 AND dementia == 0 AND 133 <= sod <= 157 AND adls == 1 AND race_hispanic == 0 AND adlp == 0 AND wblc <= 61.4 AND totcst <= 1.42e+05 AND 15.6 <= aps <= 66.4 AND alb <= 11.4 AND glucose <= 379 AND urine_was_missing == 0 AND dnr_dnr after sadm == 1 AND totmcst <= 1.85e+05,0.18593443208187066
1,1,0.18593443208187066,0.7142857142857143,7,5,21,21,118 <= sod <= 156 AND dzgroup_COPD == 0 AND dzgroup_Lung Cancer == 0 AND ca_no == 1 AND dnr_dnr before sadm == 0 AND dzgroup_MOSF w/Malig == 0 AND 21.6 <= hrt <= 208 AND urine_was_missing == 1 AND glucose_was_missing == 1 AND ca_yes == 0 AND dzclass_Cancer == 0 AND scoma <= 26.5 AND wblc <= 82.5 AND glucose <= 329 AND dzgroup_Colon Cancer == 0 AND dnr_dnr after sadm == 1 AND dzclass_COPD/CHF/Cirrhosis == 1 AND dzclass_Coma == 0 AND pafi <= 266 AND sex == 0 AND income_was_missing == 0,0.18593443208187066
1,1,0.18432322488717584,0.7130434782608696,115,82,20,20,165 <= urine <= 3.76e+03 AND 30.5 <= aps <= 101 AND dzgroup_Cirrhosis == 0 AND dzgroup_Colon Cancer == 0 AND totmcst <= 1.22e+05 AND race_asian == 0 AND dzgroup_CHF == 0 AND dnr_no dnr == 0 AND 56.7 <= age <= 98.3 AND adlp_was_missing == 1 AND 1.15 <= edu <= 22.9 AND dzgroup_Coma == 0 AND sps <= 62.2 AND dnrday <= 76.5 AND 33.4 <= temp <= 38.8 AND pafi <= 524 AND bili <= 11.6 AND dzclass_Coma == 0 AND urine_was_missing == 1 AND dzgroup_COPD == 0,0.18432322488717584
1,1,0.1802661274134082,0.7098765432098766,162,115,14,14,race_hispanic == 0 AND hrt <= 146 AND income_was_missing == 0 AND race_asian == 0 AND 7.47 <= edu <= 17.8 AND dnr_no dnr == 0 AND bili <= 9.19 AND adlp_was_missing == 1 AND dnrday <= 62 AND dzgroup_CHF == 0 AND dzgroup_COPD == 0 AND 8.12 <= resp <= 31.9 AND 18.4 <= age <= 77.8 AND 29.4 <= meanbp <= 161,0.1802661274134082
0,1,0.17909936028524656,0.7089552238805971,134,95,20,20,race_other == 0 AND aps <= 29.6 AND dzgroup_Cirrhosis == 0 AND race_white == 1 AND charges <= 5e+05 AND diabetes == 0 AND ca_yes == 0 AND bili <= 14.4 AND race_black == 0 AND race_hispanic == 0 AND dnr_dnr before sadm == 0 AND 36.3 <= age <= 94.9 AND meanbp >= 42.8 AND wblc <= 63.8 AND avtisst <= 37.3 AND totcst <= 1.42e+05 AND dzgroup_MOSF w/Malig == 0 AND race_asian == 0 AND 6.88 <= edu <= 17.1 AND dnr_dnr after sadm == 1,0.17909936028524656
1,1,0.17703971667429347,0.7073170731707317,41,29,17,17,dnr_dnr before sadm == 0 AND dnr_dnr after sadm == 1 AND dzgroup_Coma == 0 AND pafi <= 557 AND adlp == 0 AND dzgroup_Colon Cancer == 0 AND alb <= 14 AND 1.16e+03 <= urine <= 3.22e+03 AND charges <= 4.82e+05 AND totmcst <= 2.23e+05 AND dnrday <= 115 AND 7 <= ph <= 7.62 AND dzclass_Coma == 0 AND dnr_no dnr == 0 AND bun <= 96.3 AND adlsc <= 2.37 AND dzgroup_CHF == 0,0.17703971667429347
1,1,0.17525145137855438,0.7058823529411765,17,12,20,20,dnr_no dnr == 0 AND meanbp <= 125 AND dzgroup_COPD == 0 AND adlp_was_missing == 1 AND dzgroup_CHF == 0 AND ca_no == 1 AND ca_yes == 0 AND glucose_was_missing == 0 AND sex == 0 AND race_white == 1 AND bun_was_missing == 0 AND dzgroup_MOSF w/Malig == 0 AND dzclass_COPD/CHF/Cirrhosis == 0 AND race_hispanic == 0 AND bili <= 24.2 AND bun <= 85.8 AND dzgroup_Cirrhosis == 0 AND dzgroup_Coma == 1 AND dzgroup_Lung Cancer == 0 AND dzclass_Cancer == 0,0.17525145137855438
0,1,0.17525145137855438,0.7058823529411765,17,12,25,25,num_co == 3 AND 1.86 <= edu <= 20.1 AND charges <= 2.61e+05 AND totcst <= 9.56e+04 AND totmcst <= 1.3e+05 AND 1.56 <= avtisst <= 25.4 AND 5.32 <= sps <= 48.9 AND diabetes == 0 AND dementia == 0 AND dnrday <= 92.3 AND hrt <= 127 AND 115 <= sod <= 147 AND glucose <= 529 AND urine_was_missing == 1 AND adlp_was_missing == 0 AND dzgroup_CHF == 0 AND dzgroup_Coma == 0 AND dzgroup_MOSF w/Malig == 0 AND dzclass_Cancer == 0 AND race_asian == 0 AND race_black == 0 AND race_hispanic == 0 AND race_other == 0 AND race_white == 1 AND dnr_dnr after sadm == 1,0.17525145137855438
1,1,0.17256359665582893,0.7037037037037037,27,19,18,18,race_hispanic == 0 AND dzgroup_CHF == 0 AND dnr_dnr after sadm == 1 AND bun_was_missing == 0 AND sps <= 57.3 AND dzgroup_Cirrhosis == 0 AND charges <= 5.18e+05 AND dzclass_Cancer == 0 AND 9.18 <= edu <= 15.9 AND totcst <= 2.35e+05 AND alb <= 10.6 AND dnr_no dnr == 0 AND 34.1 <= temp <= 38.6 AND dzclass_COPD/CHF/Cirrhosis == 0 AND 30.5 <= aps <= 109 AND glucose <= 387 AND urine_was_missing == 0 AND dzgroup_COPD == 0,0.17256359665582893
1,1,0.16806999999999994,0.7,130,91,19,19,dzgroup_Cirrhosis == 0 AND dzclass_Coma == 0 AND race_hispanic == 0 AND dnr_dnr after sadm == 1 AND dnr_no dnr == 0 AND scoma <= 39.5 AND dzgroup_Coma == 0 AND 1.16e+03 <= urine <= 3.4e+03 AND dzgroup_CHF == 0 AND dementia == 0 AND adlp == 0 AND dzclass_Cancer == 0 AND dnr_dnr before sadm == 0 AND dzgroup_Colon Cancer == 0 AND alb <= 13.3 AND 8.12 <= edu <= 15.9 AND pafi <= 557 AND bili <= 11.3 AND 7.28 <= ph <= 7.66,0.16806999999999994
1,1,0.16806999999999994,0.7,30,21,12,12,adlp == 0 AND dnr_dnr before sadm == 0 AND dzclass_Cancer == 0 AND dementia == 0 AND bun <= 119 AND dnr_no dnr == 0 AND dnrday <= 49.6 AND income_was_missing == 1 AND dzgroup_COPD == 0 AND 118 <= sod <= 138 AND adlp_was_missing == 1 AND race_black == 0,0.16806999999999994
1,1,0.16806999999999994,0.7,30,21,21,21,118 <= sod <= 156 AND dzgroup_COPD == 0 AND dzgroup_Lung Cancer == 0 AND ca_no == 1 AND dnr_dnr before sadm == 0 AND dzgroup_MOSF w/Malig == 0 AND 21.6 <= hrt <= 208 AND alb <= 9.79 AND urine_was_missing == 1 AND glucose_was_missing == 1 AND ca_yes == 0 AND dzclass_Cancer == 0 AND scoma <= 26.5 AND wblc <= 82.5 AND glucose <= 329 AND dzgroup_Colon Cancer == 0 AND dnr_dnr after sadm == 1 AND dzclass_COPD/CHF/Cirrhosis == 1 AND dzclass_Coma == 0 AND pafi <= 266 AND sex == 0,0.16806999999999994
1,1,0.16806999999999994,0.7,50,35,19,19,dzgroup_COPD == 0 AND dzgroup_Cirrhosis == 0 AND ca_yes == 0 AND 25.1 <= age <= 73.7 AND dzgroup_MOSF w/Malig == 0 AND race_asian == 0 AND race_other == 0 AND dnr_no dnr == 0 AND totcst <= 2.31e+05 AND urine_was_missing == 0 AND diabetes == 0 AND dzgroup_CHF == 0 AND wblc <= 74.5 AND crea <= 5.3 AND 21.6 <= hrt <= 208 AND dnr_dnr after sadm == 1 AND meanbp <= 128 AND pafi <= 390 AND 2.82e+03 <= urine <= 8.48e+03,0.16806999999999994
1,1,0.16806999999999994,0.7,10,7,27,27,5.18 <= edu <= 18.8 AND charges <= 4.26e+05 AND totmcst <= 2.69e+05 AND 23.5 <= avtisst <= 70.5 AND 0.329 <= sps <= 64.7 AND diabetes == 0 AND dementia == 0 AND 66.5 <= meanbp <= 125 AND wblc <= 59.6 AND 13 <= resp <= 35 AND 33.7 <= temp <= 36.4 AND crea <= 6.54 AND glucose_was_missing == 1 AND bun_was_missing == 1 AND urine_was_missing == 1 AND adls == 1 AND dzgroup_COPD == 0 AND dzgroup_Cirrhosis == 0 AND dzgroup_Colon Cancer == 0 AND dzgroup_Lung Cancer == 0 AND dzclass_COPD/CHF/Cirrhosis == 0 AND dzclass_Cancer == 0 AND dzclass_Coma == 0 AND race_asian == 0 AND race_black == 0 AND race_hispanic == 0 AND race_other == 0,0.16806999999999994
1,1,0.16806999999999994,0.7,10,7,18,18,dzgroup_Cirrhosis == 0 AND race_white == 1 AND race_hispanic == 0 AND glucose_was_missing == 0 AND 26.9 <= avtisst <= 61.1 AND bun <= 207 AND income_was_missing == 0 AND dnr_no dnr == 0 AND dementia == 0 AND 33.9 <= temp <= 41.6 AND dzclass_COPD/CHF/Cirrhosis == 0 AND diabetes == 0 AND dnrday <= 92.3 AND dzgroup_MOSF w/Malig == 0 AND dnr_dnr before sadm == 0 AND 1.64e+03 <= urine <= 5.96e+03 AND 116 <= sod <= 162 AND dzgroup_Colon Cancer == 0,0.16806999999999994
0,1,0.16806999999999994,0.7,10,7,19,19,glucose_was_missing == 1 AND dzgroup_Cirrhosis == 0 AND dzclass_Cancer == 1 AND dnr_dnr before sadm == 0 AND 25.8 <= age <= 90 AND dzgroup_CHF == 0 AND race_other == 0 AND ca_no == 0 AND urine <= 4.53e+03 AND pafi <= 485 AND dzgroup_MOSF w/Malig == 0 AND sps <= 45.1 AND aps <= 46.8 AND glucose <= 277 AND edu <= 20.2 AND sex == 0 AND income == 0 AND race_black == 0 AND dnr_dnr after sadm == 1,0.16806999999999994
1,1,0.16806999999999994,0.7,10,7,15,15,dzgroup_COPD == 0 AND adlp == 0 AND dzclass_Cancer == 0 AND race_asian == 0 AND dnrday <= 49.6 AND hrt >= 72.9 AND dementia == 0 AND pafi <= 524 AND dnr_no dnr == 0 AND 11.4 <= meanbp <= 103 AND dzgroup_Cirrhosis == 1 AND totmcst <= 2.73e+05 AND bun <= 152 AND dzgroup_CHF == 0 AND dzclass_COPD/CHF/Cirrhosis == 1,0.16806999999999994
1,1,0.16806999999999994,0.7,40,28,16,16,race_other == 0 AND dzclass_COPD/CHF/Cirrhosis == 0 AND 119 <= sod <= 157 AND dementia == 0 AND crea <= 8.02 AND adlp == 0 AND urine_was_missing == 0 AND charges <= 4.23e+05 AND totcst <= 1.72e+05 AND dzgroup_COPD == 0 AND dzgroup_Lung Cancer == 0 AND dzgroup_MOSF w/Malig == 1 AND ca_yes == 1 AND 46.6 <= age <= 89.3 AND dnr_dnr before sadm == 0 AND income_was_missing == 0,0.16806999999999994
0,1,0.1667830994741916,0.6989247311827957,93,65,18,18,dzgroup_Cirrhosis == 0 AND bili <= 13.4 AND dzgroup_Coma == 0 AND 73.8 <= meanbp <= 158 AND 36.4 <= hrt <= 141 AND alb <= 9.01 AND dzgroup_MOSF w/Malig == 0 AND dnr_dnr before sadm == 0 AND income == 0 AND diabetes == 0 AND race_other == 0 AND ph >= 7.12 AND glucose_was_missing == 0 AND dzgroup_COPD == 0 AND dzclass_COPD/CHF/Cirrhosis == 0 AND race_asian == 0 AND 0.375 <= edu <= 23.6 AND totcst <= 1.55e+05,0.1667830994741916
1,1,0.16643190334816385,0.6986301369863014,146,102,14,14,pafi <= 524 AND 39 <= meanbp <= 115 AND diabetes == 0 AND dzclass_COPD/CHF/Cirrhosis == 0 AND adlp == 0 AND dnr_dnr before sadm == 0 AND dnr_no dnr == 0 AND bili <= 11.6 AND alb <= 11.7 AND dzgroup_Coma == 0 AND 56.7 <= age <= 80.2 AND dzclass_Coma == 0 AND race_asian == 0 AND totcst <= 8.33e+04,0.16643190334816385
1,1,0.16291487262254356,0.6956521739130435,23,16,19,19,dzclass_COPD/CHF/Cirrhosis == 0 AND dzgroup_Colon Cancer == 0 AND race_other == 0 AND sex == 1 AND glucose <= 379 AND race_hispanic == 0 AND income_was_missing == 0 AND adlsc >= 4.91 AND edu <= 26.4 AND 30.5 <= aps <= 109 AND pafi <= 702 AND alb <= 10.6 AND 121 <= sod <= 159 AND 165 <= urine <= 3.76e+03 AND race_asian == 0 AND ca_no == 0 AND dnr_no dnr == 0 AND totmcst <= 1.88e+05 AND bun <= 121,0.16291487262254356
1,1,0.16175230692400436,0.6946564885496184,131,91,16,16,dzgroup_COPD == 0 AND race_hispanic == 0 AND dnr_dnr after sadm == 1 AND dnr_no dnr == 0 AND dzgroup_Lung Cancer == 0 AND bun <= 220 AND hrt <= 146 AND dzgroup_Coma == 0 AND dnr_dnr before sadm == 0 AND 1.46 <= edu <= 22.5 AND adlp == 0 AND dzclass_Coma == 0 AND 20.6 <= resp <= 51.4 AND 7.27 <= ph <= 7.57 AND bun_was_missing == 1 AND urine <= 4.8e+03,0.16175230692400436
1,1,0.15656282769340665,0.6901408450704225,142,98,13,13,race_hispanic == 0 AND dnr_dnr after sadm == 1 AND adlp == 0 AND glucose <= 377 AND dnr_no dnr == 0 AND dnrday <= 104 AND glucose_was_missing == 1 AND dzgroup_Cirrhosis == 0 AND totmcst <= 2.25e+05 AND dzclass_Cancer == 0 AND dzclass_Coma == 0 AND dnr_dnr before sadm == 0 AND bun_was_missing == 1,0.15656282769340665
1,1,0.15359020233154297,0.6875,96,66,17,17,dzgroup_COPD == 0 AND dzclass_COPD/CHF/Cirrhosis == 0 AND race_black == 0 AND dzgroup_MOSF w/Malig == 0 AND 14.1 <= sps <= 50.7 AND pafi <= 492 AND crea <= 8.02 AND urine_was_missing == 0 AND dzgroup_Colon Cancer == 0 AND dnr_no dnr == 0 AND ca_yes == 0 AND temp >= 37 AND dzgroup_Coma == 0 AND dzgroup_Lung Cancer == 0 AND totmcst <= 1.54e+05 AND dnrday <= 116 AND dzclass_Coma == 0,0.15359020233154297
1,1,0.14854939011853155,0.6829268292682927,41,28,19,19,121 <= sod <= 169 AND dzgroup_Lung Cancer == 0 AND bun <= 110 AND diabetes == 0 AND adlp_was_missing == 1 AND race_asian == 0 AND dnr_no dnr == 0 AND sps <= 57 AND dnrday <= 93.3 AND dnr_dnr before sadm == 0 AND wblc <= 74.7 AND 14.6 <= resp <= 37.4 AND crea <= 13.8 AND 795 <= urine <= 3.14e+03 AND adlp == 0 AND income_was_missing == 1 AND ca_yes == 0 AND 35.1 <= temp <= 40.6 AND dzgroup_Colon Cancer == 0,0.14854939011853155
1,1,0.14820371219650655,0.6826086956521739,230,157,14,14,dzgroup_COPD == 0 AND dzgroup_Cirrhosis == 0 AND dzgroup_Lung Cancer == 0 AND dzclass_COPD/CHF/Cirrhosis == 0 AND dzclass_Cancer == 0 AND race_black == 0 AND race_hispanic == 0 AND dzgroup_MOSF w/Malig == 0 AND dnr_dnr before sadm == 0 AND adlp == 0 AND dzgroup_CHF == 0 AND totcst <= 1.77e+05 AND scoma >= 52.5 AND bun <= 81.3,0.14820371219650655
1,1,0.1473475405306393,0.6818181818181818,44,30,13,13,avtisst >= 23.5 AND aps <= 101 AND adlp == 0 AND dzgroup_COPD == 0 AND totcst <= 1.58e+05 AND glucose_was_missing == 1 AND dzgroup_Colon Cancer == 0 AND bun <= 113 AND charges <= 4.58e+05 AND 42.8 <= pafi <= 557 AND ca_yes == 0 AND dnr_dnr before sadm == 0 AND hrt <= 140,0.1473475405306393
1,1,0.14515327535175207,0.6797752808988764,178,121,13,13,dnr_dnr before sadm == 0 AND bun <= 113 AND dnr_dnr after sadm == 1 AND dzgroup_Coma == 0 AND ca_yes == 0 AND 42.8 <= pafi <= 557 AND adlp == 0 AND dzgroup_Colon Cancer == 0 AND alb <= 14 AND diabetes == 0 AND 1.16e+03 <= urine <= 3.4e+03 AND dzgroup_CHF == 0 AND sod <= 150,0.14515327535175207
1,1,0.14414909063596368,0.6788321167883211,137,93,22,22,dzgroup_Lung Cancer == 0 AND dzclass_COPD/CHF/Cirrhosis == 0 AND bun <= 85.8 AND avtisst >= 30.2 AND race_white == 1 AND dnrday <= 55.5 AND 8.65 <= meanbp <= 147 AND pafi <= 524 AND alb <= 10.6 AND 7.29 <= ph <= 7.61 AND 18.7 <= sps <= 45.5 AND bun_was_missing == 1 AND race_other == 0 AND totcst <= 9.77e+04 AND 21.6 <= hrt <= 185 AND bili <= 11.9 AND sod <= 151 AND glucose <= 326 AND dzgroup_Coma == 0 AND dzclass_Coma == 0 AND race_asian == 0 AND race_black == 0,0.14414909063596368
0,1,0.14138802014491025,0.6762114537444934,454,307,16,15,dzgroup_Cirrhosis == 0 AND race_other == 0 AND dnrday <= 75.1 AND totmcst <= 1.23e+05 AND crea <= 7.15 AND dzgroup_Colon Cancer == 0 AND diabetes == 0 AND meanbp <= 169 AND glucose <= 581 AND dzgroup_CHF == 0 AND race_hispanic == 0 AND ca_yes == 0 AND urine <= 4.44e+03 AND dzgroup_Lung Cancer == 0 AND dzclass_Cancer == 0,0.14138802014491025
1,1,0.13616599312854205,0.6711409395973155,149,100,13,13,165 <= urine <= 3.76e+03 AND avtisst >= 23.5 AND 30.5 <= aps <= 101 AND dementia == 0 AND adlp == 0 AND dzgroup_COPD == 0 AND dzgroup_Cirrhosis == 0 AND glucose_was_missing == 1 AND dzclass_Cancer == 0 AND totmcst <= 1.22e+05 AND race_asian == 0 AND income_was_missing == 1 AND dzgroup_Lung Cancer == 0,0.13616599312854205
1,1,0.13168724279835387,0.6666666666666666,3,2,26,26,num_co == 2 AND 0.575 <= edu <= 11.4 AND charges <= 3.64e+05 AND totcst <= 1.8e+05 AND totmcst <= 2.56e+05 AND 8.36 <= avtisst <= 57.6 AND sps <= 53 AND 0.585 <= aps <= 89.4 AND diabetes == 1 AND 60.7 <= hrt <= 165 AND 18.4 <= resp <= 45.6 AND 36.5 <= temp <= 40.8 AND pafi <= 415 AND crea <= 8.62 AND glucose_was_missing == 1 AND urine_was_missing == 1 AND 4.08 <= adlsc <= 5.92 AND sex == 0 AND dzgroup_CHF == 0 AND dzgroup_COPD == 0 AND dzgroup_Coma == 0 AND dzgroup_Lung Cancer == 0 AND dzclass_COPD/CHF/Cirrhosis == 0 AND ca_no == 0 AND ca_yes == 1 AND dnr_dnr before sadm == 0,0.13168724279835387
1,1,0.13168724279835387,0.6666666666666666,21,14,20,20,dzgroup_COPD == 0 AND ca_yes == 0 AND ca_no == 1 AND dzgroup_MOSF w/Malig == 0 AND race_asian == 0 AND dnr_no dnr == 0 AND dzgroup_Coma == 0 AND bun <= 110 AND dzgroup_CHF == 0 AND glucose <= 540 AND adlp == 0 AND dzgroup_Colon Cancer == 0 AND age >= 47.7 AND totcst <= 2.04e+05 AND 38.1 <= hrt <= 164 AND bun_was_missing == 0 AND dzgroup_Cirrhosis == 0 AND dzclass_COPD/CHF/Cirrhosis == 0 AND dnr_dnr before sadm == 0 AND adls == 6,0.13168724279835387
0,1,0.13168724279835387,0.6666666666666666,3,2,24,24,7.81 <= edu <= 16.2 AND scoma <= 25 AND charges <= 5.49e+05 AND totmcst <= 2.79e+05 AND sps <= 67.1 AND 26 <= aps <= 98 AND dementia == 0 AND dnrday <= 70.1 AND hrt <= 141 AND bili <= 20.1 AND glucose <= 466 AND urine_was_missing == 1 AND adls == 2 AND adlsc <= 4.44 AND income_was_missing == 0 AND dzgroup_COPD == 0 AND dzgroup_Cirrhosis == 0 AND dzgroup_Colon Cancer == 0 AND dzgroup_Coma == 0 AND dzclass_COPD/CHF/Cirrhosis == 1 AND dzclass_Cancer == 0 AND ca_yes == 0 AND dnr_dnr after sadm == 1 AND dnr_no dnr == 0,0.13168724279835387
1,1,0.13168724279835387,0.6666666666666666,3,2,20,20,dnr_dnr before sadm == 0 AND dnr_no dnr == 0 AND 121 <= sod <= 156 AND meanbp <= 127 AND dzgroup_COPD == 0 AND dzgroup_CHF == 0 AND ph >= 7.26 AND race_asian == 0 AND avtisst >= 23.5 AND diabetes == 0 AND dzgroup_Colon Cancer == 0 AND dzclass_Cancer == 0 AND dnr_dnr after sadm == 1 AND dementia == 0 AND dnrday <= 49.6 AND hrt >= 72.9 AND bili <= 10.6 AND adlp == 0 AND race_black == 0 AND bun_was_missing == 0,0.13168724279835387
1,1,0.13168724279835387,0.6666666666666666,9,6,15,15,dnr_dnr before sadm == 0 AND dnr_dnr after sadm == 1 AND 23.5 <= avtisst <= 68.2 AND dementia == 0 AND dnrday <= 114 AND wblc <= 57.4 AND 121 <= sod <= 159 AND dzgroup_Coma == 0 AND dnr_no dnr == 0 AND adlp == 0 AND dzclass_Cancer == 0 AND race_black == 0 AND 8.65 <= meanbp <= 147 AND 7.03 <= ph <= 7.53 AND dzgroup_Cirrhosis == 0,0.13168724279835387
1,1,0.13168724279835387,0.6666666666666666,6,4,21,21,dzgroup_Cirrhosis == 0 AND dzclass_Coma == 0 AND race_hispanic == 0 AND dnr_no dnr == 0 AND dzgroup_Coma == 0 AND dementia == 0 AND adlp == 0 AND dzclass_Cancer == 0 AND dnr_dnr before sadm == 0 AND 25.1 <= age <= 81.9 AND avtisst >= 29.1 AND alb <= 11.2 AND dnrday <= 87.1 AND dzgroup_Colon Cancer == 0 AND race_other == 0 AND bun <= 103 AND urine <= 3.22e+03 AND adlp_was_missing == 1 AND dzgroup_COPD == 0 AND race_asian == 0 AND crea <= 8.79,0.13168724279835387
1,1,0.13168724279835387,0.6666666666666666,6,4,21,21,dzgroup_Cirrhosis == 0 AND dzclass_Coma == 0 AND race_hispanic == 0 AND dnr_no dnr == 0 AND dzgroup_Coma == 0 AND dementia == 0 AND adlp == 0 AND dzclass_Cancer == 0 AND dnr_dnr before sadm == 0 AND 25.1 <= age <= 81.9 AND avtisst >= 29.1 AND alb <= 11.2 AND dnrday <= 87.1 AND dzgroup_Colon Cancer == 0 AND race_other == 0 AND bun <= 103 AND urine <= 3.22e+03 AND adlp_was_missing == 1 AND dzgroup_COPD == 0 AND race_asian == 0 AND dzclass_COPD/CHF/Cirrhosis == 0,0.13168724279835387
1,1,0.13168724279835387,0.6666666666666666,3,2,31,31,num_co == 1 AND charges <= 6.19e+05 AND 10.4 <= avtisst <= 38.1 AND sps <= 67.8 AND 26.3 <= meanbp <= 114 AND wblc <= 69.9 AND 11.7 <= hrt <= 96.3 AND resp <= 48.4 AND 32.1 <= temp <= 39.6 AND 80.8 <= pafi <= 510 AND bili <= 22.9 AND 123 <= sod <= 163 AND bun_was_missing == 0 AND 4.65 <= bun <= 91.4 AND urine_was_missing == 0 AND urine <= 3.68e+03 AND adlp_was_missing == 1 AND adlsc <= 2.41 AND income == 1 AND dzgroup_CHF == 0 AND dzgroup_COPD == 1 AND dzgroup_Colon Cancer == 0 AND dzgroup_Lung Cancer == 0 AND dzgroup_MOSF w/Malig == 0 AND dzclass_COPD/CHF/Cirrhosis == 1 AND race_asian == 0 AND race_hispanic == 0 AND race_white == 1 AND ca_no == 1 AND ca_yes == 0 AND dnr_dnr before sadm == 0,0.13168724279835387
1,1,0.13168724279835387,0.6666666666666666,3,2,17,17,bun_was_missing == 1 AND dzgroup_Cirrhosis == 0 AND dementia == 0 AND bili <= 11.6 AND crea <= 7.51 AND scoma <= 38 AND race_hispanic == 0 AND dnrday <= 55.5 AND dzgroup_Coma == 0 AND totmcst <= 1.92e+05 AND race_other == 0 AND glucose <= 326 AND 165 <= urine <= 4.58e+03 AND dzgroup_CHF == 0 AND dzgroup_Lung Cancer == 0 AND race_asian == 0 AND income_was_missing == 1,0.13168724279835387
1,1,0.13168724279835387,0.6666666666666666,3,2,28,28,num_co == 3 AND totmcst <= 2.82e+05 AND avtisst <= 34.8 AND sps <= 56.4 AND 3.88 <= aps <= 94.1 AND diabetes == 0 AND dementia == 0 AND dnrday <= 55.1 AND meanbp <= 122 AND wblc <= 39 AND 34.1 <= temp <= 39 AND alb <= 11.3 AND 131 <= sod <= 151 AND bun <= 63.3 AND 1.23 <= adlsc <= 5.33 AND sex == 1 AND income_was_missing == 1 AND income == 1 AND dzgroup_CHF == 0 AND dzgroup_COPD == 0 AND dzgroup_Coma == 0 AND dzclass_Cancer == 1 AND race_asian == 0 AND race_black == 0 AND race_hispanic == 0 AND race_other == 0 AND ca_yes == 0 AND dnr_dnr after sadm == 1,0.13168724279835387
0,1,0.13168724279835387,0.6666666666666666,3,2,15,15,dzgroup_Cirrhosis == 0 AND dementia == 0 AND ca_yes == 0 AND race_other == 0 AND dzgroup_MOSF w/Malig == 0 AND dnr_dnr before sadm == 0 AND bun_was_missing == 0 AND totmcst <= 2.62e+05 AND race_white == 1 AND sex == 1 AND dnr_no dnr == 1 AND 3.96 <= resp <= 44.2 AND 117 <= sod <= 155 AND 1.26e+03 <= urine <= 5.04e+03 AND adlp_was_missing == 1,0.13168724279835387
0,1,0.13168724279835387,0.6666666666666666,3,2,14,14,dnr_dnr after sadm == 0 AND dzgroup_Cirrhosis == 0 AND dzgroup_Coma == 0 AND alb <= 9.01 AND race_other == 0 AND race_asian == 0 AND dementia == 1 AND totcst <= 1.26e+05 AND dzclass_COPD/CHF/Cirrhosis == 1 AND dnrday <= 114 AND wblc <= 69.8 AND sex == 1 AND income == 0 AND dzgroup_Colon Cancer == 0,0.13168724279835387
1,1,0.13168724279835387,0.6666666666666666,6,4,15,15,dzgroup_COPD == 0 AND dnr_no dnr == 0 AND pafi <= 524 AND 7.26 <= ph <= 7.54 AND dzclass_Cancer == 0 AND dnr_dnr after sadm == 1 AND dnr_dnr before sadm == 0 AND adlp == 0 AND dzclass_Coma == 0 AND 45 <= age <= 81.9 AND dnrday <= 75.4 AND glucose_was_missing == 1 AND dzgroup_Cirrhosis == 0 AND dzgroup_Coma == 0 AND race_other == 0,0.13168724279835387
1,1,0.13168724279835387,0.6666666666666666,24,16,18,18,dzgroup_Coma == 0 AND dnr_no dnr == 0 AND 525 <= urine <= 4.5e+03 AND 118 <= sod <= 149 AND race_hispanic == 0 AND dzclass_COPD/CHF/Cirrhosis == 0 AND dnr_dnr after sadm == 1 AND 30.8 <= aps <= 101 AND wblc <= 72.3 AND dzgroup_COPD == 0 AND dzgroup_MOSF w/Malig == 0 AND dzclass_Coma == 0 AND diabetes == 1 AND pafi <= 413 AND bun <= 220 AND income == 1 AND 8.29 <= avtisst <= 53.7 AND ca_no == 1,0.13168724279835387
0,1,0.13168724279835387,0.6666666666666666,3,2,25,25,age <= 45.7 AND num_co == 2 AND scoma <= 22.5 AND 5.17e+04 <= charges <= 4.25e+05 AND 32.3 <= avtisst <= 54.7 AND 31.9 <= aps <= 122 AND diabetes == 0 AND meanbp <= 116 AND bili <= 12.5 AND 125 <= sod <= 165 AND 7.06 <= ph <= 7.62 AND bun_was_missing == 1 AND urine <= 5.02e+03 AND adlp_was_missing == 1 AND 0.772 <= adlsc <= 5.23 AND sex == 1 AND income == 1 AND dzgroup_CHF == 0 AND dzgroup_MOSF w/Malig == 1 AND dzclass_COPD/CHF/Cirrhosis == 0 AND dzclass_Cancer == 0 AND race_asian == 0 AND race_hispanic == 0 AND race_other == 0 AND ca_no == 0,0.13168724279835387
0,1,0.13168724279835387,0.6666666666666666,3,2,17,17,2.52 <= avtisst <= 29.5 AND 8.02 <= hrt <= 117 AND 6.16 <= resp <= 37.8 AND 39.7 <= pafi <= 408 AND crea <= 7.72 AND income == 1 AND dzgroup_MOSF w/Malig == 0 AND scoma <= 25 AND sod <= 165 AND dzgroup_Coma == 0 AND dzgroup_Cirrhosis == 0 AND 190 <= urine <= 4.78e+03 AND bun <= 128 AND urine_was_missing == 0 AND adlp_was_missing == 1 AND adlp == 0 AND dnr_dnr after sadm == 1,0.13168724279835387
1,1,0.13168724279835387,0.6666666666666666,6,4,22,22,dzgroup_COPD == 0 AND dnr_dnr after sadm == 1 AND totmcst <= 2.62e+05 AND sps <= 62.2 AND adlp == 0 AND dzclass_COPD/CHF/Cirrhosis == 0 AND urine_was_missing == 1 AND race_other == 0 AND bun <= 119 AND dzgroup_Colon Cancer == 0 AND 39 <= meanbp <= 115 AND dzclass_Coma == 0 AND dnr_dnr before sadm == 0 AND avtisst >= 23.5 AND dnrday <= 49.6 AND crea <= 3.38 AND 7 <= ph <= 7.62 AND adlp_was_missing == 1 AND race_asian == 0 AND 480 <= urine <= 3.45e+03 AND income_was_missing == 1 AND dzgroup_CHF == 0,0.13168724279835387
1,1,0.13168724279835387,0.6666666666666666,3,2,18,18,dzclass_Cancer == 0 AND dnr_dnr before sadm == 0 AND dzclass_COPD/CHF/Cirrhosis == 0 AND pafi <= 391 AND alb <= 7.54 AND 7.22 <= ph <= 7.7 AND race_white == 1 AND dzgroup_Lung Cancer == 0 AND scoma >= 72.5 AND totcst <= 1.09e+05 AND 5.8 <= edu <= 18.2 AND dementia == 0 AND bili <= 16.3 AND 127 <= sod <= 169 AND income_was_missing == 0 AND dzgroup_MOSF w/Malig == 0 AND ca_yes == 0 AND urine_was_missing == 1,0.13168724279835387
0,1,0.13168724279835387,0.6666666666666666,6,4,17,17,2.52 <= avtisst <= 29.5 AND 47 <= meanbp <= 161 AND 8.02 <= hrt <= 117 AND 6.16 <= resp <= 37.8 AND 39.7 <= pafi <= 408 AND crea <= 7.72 AND income == 1 AND dzgroup_MOSF w/Malig == 0 AND scoma <= 25 AND 35.1 <= temp <= 37.6 AND sod <= 165 AND dzgroup_COPD == 0 AND dzgroup_Coma == 0 AND dzgroup_Cirrhosis == 0 AND 190 <= urine <= 4.78e+03 AND adlp == 0 AND dnr_dnr after sadm == 1,0.13168724279835387
1,1,0.13168724279835387,0.6666666666666666,3,2,21,21,bun_was_missing == 1 AND dementia == 0 AND sod <= 156 AND pafi <= 524 AND bili <= 11.6 AND crea <= 7.51 AND 43.6 <= age <= 86.3 AND scoma <= 38 AND race_hispanic == 0 AND 37.8 <= avtisst <= 61.7 AND dnrday <= 55.5 AND wblc <= 19 AND glucose_was_missing == 1 AND dzgroup_Coma == 0 AND totmcst <= 1.92e+05 AND meanbp <= 109 AND adlsc <= 2.33 AND race_white == 1 AND ca_yes == 0 AND 13.5 <= aps <= 107 AND ca_no == 1,0.13168724279835387
1,1,0.13168724279835387,0.6666666666666666,6,4,15,15,dzclass_Cancer == 0 AND dzclass_COPD/CHF/Cirrhosis == 0 AND adlp_was_missing == 1 AND alb <= 7.54 AND 7.22 <= ph <= 7.7 AND race_white == 1 AND dzgroup_Lung Cancer == 0 AND scoma >= 72.5 AND totcst <= 1.09e+05 AND dementia == 0 AND income_was_missing == 0 AND dzgroup_MOSF w/Malig == 0 AND ca_yes == 0 AND bun_was_missing == 0 AND dzgroup_Cirrhosis == 0,0.13168724279835387
0,1,0.13168724279835387,0.6666666666666666,3,2,22,22,sod <= 155 AND avtisst <= 42.7 AND race_other == 0 AND dzgroup_Cirrhosis == 0 AND glucose_was_missing == 0 AND dzgroup_MOSF w/Malig == 0 AND race_asian == 0 AND ca_yes == 0 AND bun <= 143 AND hrt <= 226 AND dnr_dnr before sadm == 0 AND aps <= 31.6 AND dementia == 0 AND 14.2 <= pafi <= 546 AND bun_was_missing == 0 AND adlp_was_missing == 1 AND totcst <= 1.61e+05 AND totmcst <= 2.11e+05 AND race_white == 1 AND alb <= 8.85 AND dzgroup_CHF == 0 AND race_black == 0,0.13168724279835387
0,1,0.13168724279835387,0.6666666666666666,6,4,21,21,race_other == 0 AND dnr_dnr before sadm == 0 AND edu <= 22.4 AND alb <= 6.15 AND totmcst <= 2.62e+05 AND diabetes == 0 AND 3.76 <= resp <= 44.2 AND bun_was_missing == 1 AND charges <= 3.93e+05 AND bili <= 23.2 AND pafi <= 544 AND sex == 1 AND income_was_missing == 1 AND 45.8 <= age <= 86 AND avtisst <= 42.3 AND 32.7 <= temp <= 39.4 AND crea <= 6.42 AND glucose <= 508 AND dzgroup_COPD == 0 AND dzgroup_Lung Cancer == 0 AND hrt >= 109,0.13168724279835387
0,1,0.13168724279835387,0.6666666666666666,12,8,17,17,meanbp <= 169 AND sod <= 155 AND avtisst <= 24.4 AND crea <= 7.15 AND race_other == 0 AND charges <= 6.04e+05 AND scoma <= 34.5 AND dzgroup_COPD == 0 AND glucose <= 581 AND adlsc <= 2.66 AND race_asian == 0 AND ca_yes == 0 AND bun <= 143 AND race_hispanic == 0 AND adls == 0 AND dzclass_COPD/CHF/Cirrhosis == 0 AND dnr_dnr after sadm == 1,0.13168724279835387
1,1,0.13168724279835387,0.6666666666666666,12,8,25,25,pafi <= 524 AND dzclass_COPD/CHF/Cirrhosis == 0 AND adlp == 0 AND sps <= 62.2 AND 9.45 <= hrt <= 198 AND 0.237 <= crea <= 8.02 AND dzgroup_Colon Cancer == 0 AND dzgroup_MOSF w/Malig == 0 AND wblc <= 55.5 AND glucose_was_missing == 1 AND scoma >= 52.5 AND bun <= 103 AND adlp_was_missing == 1 AND dzgroup_Lung Cancer == 0 AND dzclass_Cancer == 0 AND race_asian == 0 AND dnr_dnr after sadm == 1 AND 7.5 <= edu <= 16.5 AND dementia == 0 AND bili <= 9.19 AND urine <= 4.26e+03 AND dzclass_Coma == 1 AND race_other == 0 AND dnr_dnr before sadm == 0 AND charges <= 2.7e+05,0.13168724279835387
1,1,0.13168724279835387,0.6666666666666666,18,12,17,17,dzgroup_Lung Cancer == 0 AND race_asian == 0 AND avtisst >= 37.8 AND adlp == 0 AND dzclass_Coma == 0 AND dnr_dnr before sadm == 0 AND edu <= 16.5 AND bun <= 85.8 AND dzclass_COPD/CHF/Cirrhosis == 0 AND race_white == 1 AND diabetes == 0 AND 39 <= meanbp <= 115 AND glucose <= 477 AND dnrday <= 77.1 AND glucose_was_missing == 0 AND dzclass_Cancer == 0 AND bili <= 9.71,0.13168724279835387
0,1,0.13168724279835387,0.6666666666666666,3,2,20,20,dementia == 0 AND dnrday <= 75.1 AND avtisst <= 24.4 AND alb <= 9.58 AND race_other == 0 AND wblc <= 72.2 AND 7.11 <= ph <= 7.73 AND bun <= 113 AND bili <= 22.6 AND meanbp <= 161 AND 113 <= sod <= 149 AND dzgroup_Cirrhosis == 0 AND ca_yes == 0 AND 37.4 <= hrt <= 217 AND dzgroup_Coma == 0 AND age >= 54.1 AND 15.2 <= aps <= 117 AND 32.9 <= temp <= 38.5 AND adls == 5 AND ca_no == 1,0.13168724279835387
0,1,0.13168724279835387,0.6666666666666666,3,2,19,19,alb <= 7.08 AND dzgroup_Lung Cancer == 0 AND avtisst <= 23.3 AND bun_was_missing == 0 AND bun <= 113 AND dzgroup_Coma == 0 AND dzgroup_MOSF w/Malig == 0 AND dzgroup_Cirrhosis == 0 AND glucose_was_missing == 0 AND 0.631 <= adlsc <= 5.72 AND dzgroup_Colon Cancer == 0 AND diabetes == 0 AND race_hispanic == 0 AND ca_no == 1 AND age >= 43.4 AND dnrday <= 97.6 AND 39 <= resp <= 40.4 AND glucose <= 348 AND urine_was_missing == 0,0.13168724279835387
1,1,0.13168724279835387,0.6666666666666666,3,2,29,29,1.77 <= edu <= 22.2 AND totcst <= 1e+05 AND 46.4 <= aps <= 91.6 AND dnrday <= 75.8 AND meanbp <= 93.5 AND 95.2 <= hrt <= 195 AND 18.4 <= resp <= 61.6 AND 36 <= temp <= 40.8 AND 201 <= pafi <= 604 AND bili <= 14.4 AND 7.17 <= ph <= 7.57 AND glucose_was_missing == 0 AND bun <= 171 AND adlp_was_missing == 1 AND adls == 1 AND income == 1 AND dzgroup_Cirrhosis == 0 AND dzgroup_Colon Cancer == 0 AND dzgroup_Coma == 0 AND dzgroup_MOSF w/Malig == 0 AND dzclass_Cancer == 0 AND dzclass_Coma == 0 AND race_asian == 0 AND race_black == 0 AND race_other == 0 AND ca_no == 1 AND ca_yes == 0 AND dnr_dnr after sadm == 0 AND dnr_dnr before sadm == 0,0.13168724279835387
0,1,0.13168724279835387,0.6666666666666666,3,2,24,24,adlp_was_missing == 0 AND dnr_no dnr == 1 AND sps <= 48.1 AND dzgroup_COPD == 0 AND dzgroup_MOSF w/Malig == 0 AND ca_yes == 0 AND dzgroup_Coma == 0 AND dzclass_COPD/CHF/Cirrhosis == 1 AND ph >= 7.11 AND totmcst <= 2.55e+05 AND glucose <= 503 AND avtisst <= 43.2 AND race_black == 0 AND 1.49 <= edu <= 26.7 AND dzgroup_Cirrhosis == 0 AND diabetes == 1 AND 57.9 <= hrt <= 140 AND resp <= 54.7 AND sod <= 165 AND race_other == 0 AND dnr_dnr before sadm == 0 AND charges <= 5.21e+05 AND 31.7 <= meanbp <= 134 AND pafi <= 460,0.13168724279835387
1,1,0.13168724279835387,0.6666666666666666,3,2,18,18,dzgroup_COPD == 0 AND ca_yes == 0 AND dnr_no dnr == 0 AND aps <= 101 AND 25.4 <= age <= 73.7 AND adlp == 0 AND income_was_missing == 1 AND bun <= 113 AND dzgroup_Cirrhosis == 0 AND dzclass_Cancer == 0 AND dnr_dnr before sadm == 0 AND ca_no == 1 AND charges <= 4.58e+05 AND hrt <= 140 AND pafi <= 557 AND glucose_was_missing == 1 AND dnr_dnr after sadm == 1 AND adls == 0,0.13168724279835387
1,1,0.13168724279835387,0.6666666666666666,3,2,21,21,race_other == 0 AND dnr_dnr before sadm == 0 AND dnr_no dnr == 0 AND meanbp <= 147 AND totcst <= 1.97e+05 AND dzgroup_COPD == 0 AND dzclass_Coma == 0 AND bun <= 120 AND dzgroup_Coma == 0 AND ca_no == 1 AND 7.47 <= edu <= 26.4 AND 7.26 <= ph <= 7.54 AND sex == 0 AND diabetes == 1 AND 55.7 <= hrt <= 116 AND urine_was_missing == 1 AND dzgroup_Lung Cancer == 0 AND race_asian == 0 AND race_black == 0 AND race_hispanic == 0 AND 9.39 <= aps <= 68.6,0.13168724279835387
1,1,0.13168724279835387,0.6666666666666666,27,18,19,19,dzgroup_COPD == 0 AND dnr_dnr before sadm == 0 AND dzgroup_Lung Cancer == 0 AND dnr_dnr after sadm == 1 AND 1.2e+03 <= urine <= 5.7e+03 AND race_other == 0 AND 49.1 <= hrt <= 208 AND dzgroup_Coma == 0 AND dzgroup_MOSF w/Malig == 0 AND dzclass_Coma == 0 AND 113 <= sod <= 169 AND crea <= 5.3 AND bun <= 110 AND race_white == 0 AND totmcst <= 2.33e+05 AND 7.06 <= ph <= 7.76 AND race_asian == 0 AND scoma <= 16 AND 1.2 <= adlsc <= 4.8,0.13168724279835387
1,1,0.13168724279835387,0.6666666666666666,3,2,19,19,dzgroup_COPD == 0 AND dzgroup_Cirrhosis == 0 AND dzgroup_Lung Cancer == 0 AND dzclass_Cancer == 0 AND race_hispanic == 0 AND dzgroup_MOSF w/Malig == 0 AND dzgroup_CHF == 0 AND dnr_dnr after sadm == 1 AND 30.5 <= aps <= 83.2 AND resp <= 25.4 AND glucose_was_missing == 1 AND scoma >= 52.5 AND 23.5 <= avtisst <= 50.8 AND dzclass_Coma == 1 AND 5.8 <= edu <= 18.2 AND ca_yes == 0 AND totcst <= 1.58e+05 AND wblc <= 74.1 AND urine <= 4.12e+03,0.13168724279835387
0,1,0.13168724279835387,0.6666666666666666,9,6,24,24,totcst <= 9.77e+04 AND aps <= 46.8 AND race_black == 0 AND dzgroup_MOSF w/Malig == 0 AND race_asian == 0 AND avtisst <= 42.3 AND urine <= 4.58e+03 AND dzgroup_Coma == 0 AND race_other == 0 AND ca_no == 1 AND ca_yes == 0 AND 25.8 <= age <= 81.1 AND wblc <= 72.2 AND 34.6 <= temp <= 38.4 AND bili <= 11.3 AND dzgroup_Lung Cancer == 0 AND dnr_dnr before sadm == 0 AND num_co == 1 AND scoma <= 17.5 AND glucose_was_missing == 1 AND alb <= 8.16 AND charges <= 3.77e+05 AND 84.4 <= hrt <= 172 AND dnr_dnr after sadm == 1,0.13168724279835387
1,1,0.13168724279835387,0.6666666666666666,6,4,25,25,dnr_no dnr == 0 AND edu <= 26.4 AND dzclass_Cancer == 0 AND race_hispanic == 0 AND 30.5 <= aps <= 111 AND sex == 1 AND dzclass_COPD/CHF/Cirrhosis == 0 AND race_other == 0 AND totmcst <= 2.62e+05 AND 1.13 <= sps <= 62.2 AND bili <= 9.19 AND dzgroup_Lung Cancer == 0 AND race_white == 1 AND ca_yes == 0 AND pafi <= 516 AND dnrday <= 47.5 AND 165 <= urine <= 3.76e+03 AND adlsc >= 4.91 AND dzgroup_Colon Cancer == 0 AND dzgroup_COPD == 0 AND dzgroup_Coma == 1 AND dzgroup_MOSF w/Malig == 0 AND dnr_dnr after sadm == 1 AND dnr_dnr before sadm == 0 AND dementia == 0,0.13168724279835387
0,1,0.12711521784793314,0.6619718309859155,71,47,23,23,dzgroup_Cirrhosis == 0 AND race_asian == 0 AND wblc <= 72.2 AND dzgroup_COPD == 0 AND charges <= 5.12e+05 AND urine_was_missing == 1 AND 159 <= pafi <= 691 AND dementia == 0 AND 117 <= sod <= 165 AND glucose_was_missing == 1 AND urine <= 3.58e+03 AND dzclass_COPD/CHF/Cirrhosis == 0 AND dzclass_Cancer == 1 AND race_black == 0 AND dnr_dnr before sadm == 0 AND bun_was_missing == 1 AND 25.8 <= age <= 81.1 AND glucose <= 445 AND dzgroup_MOSF w/Malig == 0 AND totcst <= 2.21e+05 AND bili <= 18.2 AND dzgroup_Coma == 0 AND dnr_no dnr == 0,0.12711521784793314
1,1,0.1259123951475064,0.6607142857142857,56,37,14,14,dzgroup_COPD == 0 AND dnr_dnr after sadm == 1 AND adlp == 0 AND dnr_dnr before sadm == 0 AND sps <= 54.2 AND race_asian == 0 AND bun_was_missing == 0 AND dzgroup_Coma == 0 AND race_white == 1 AND diabetes == 0 AND scoma <= 28 AND dnr_no dnr == 0 AND adls == 0 AND dzgroup_MOSF w/Malig == 0,0.1259123951475064
1,1,0.11950274109665414,0.6538461538461539,78,51,13,13,dzclass_COPD/CHF/Cirrhosis == 0 AND dnr_no dnr == 0 AND alb <= 11.7 AND 47.7 <= age <= 80.2 AND dzgroup_Colon Cancer == 0 AND dzgroup_Cirrhosis == 0 AND dnr_dnr before sadm == 0 AND charges <= 4.01e+05 AND glucose <= 379 AND dzgroup_COPD == 0 AND race_other == 0 AND ca_yes == 0 AND num_co == 2,0.11950274109665414
1,1,0.11839692445253605,0.6526315789473685,95,62,15,15,diabetes == 0 AND dnr_no dnr == 0 AND bili <= 11.6 AND race_asian == 0 AND hrt <= 146 AND adlp_was_missing == 1 AND income_was_missing == 0 AND dzgroup_CHF == 0 AND alb <= 12.8 AND 7.47 <= edu <= 17.8 AND 8.12 <= resp <= 31.9 AND race_black == 0 AND race_hispanic == 0 AND 32.9 <= temp <= 37.4 AND pafi <= 447,0.11839692445253605
0,1,0.11634147228809108,0.6503496503496503,143,93,19,18,dementia == 0 AND dzclass_Cancer == 0 AND dnr_dnr before sadm == 0 AND 118 <= sod <= 155 AND adlp == 0 AND dzgroup_Colon Cancer == 0 AND totcst <= 2.31e+05 AND totmcst <= 2.79e+05 AND dnrday <= 71.1 AND 21.6 <= hrt <= 141 AND adlp_was_missing == 1 AND dzgroup_Lung Cancer == 0 AND dzclass_Coma == 0 AND 34.8 <= pafi <= 283 AND alb <= 9.58 AND bili <= 11.8 AND glucose <= 314 AND race_other == 0,0.11634147228809108
1,1,0.11438561792546288,0.6481481481481481,54,35,16,16,race_other == 0 AND dzclass_COPD/CHF/Cirrhosis == 0 AND dementia == 0 AND crea <= 8.02 AND adlp == 0 AND urine_was_missing == 0 AND charges <= 4.23e+05 AND totcst <= 1.72e+05 AND bili <= 22.5 AND dzgroup_COPD == 0 AND dzgroup_Lung Cancer == 0 AND dzgroup_MOSF w/Malig == 1 AND ca_yes == 1 AND 46.6 <= age <= 89.3 AND dnr_dnr before sadm == 0 AND race_black == 0,0.11438561792546288
1,1,0.1134276198236865,0.6470588235294118,68,44,16,16,race_other == 0 AND dzclass_COPD/CHF/Cirrhosis == 0 AND 119 <= sod <= 157 AND dementia == 0 AND crea <= 8.02 AND adlp == 0 AND urine_was_missing == 0 AND charges <= 4.23e+05 AND totcst <= 1.72e+05 AND bili <= 22.5 AND dzgroup_COPD == 0 AND dzgroup_Lung Cancer == 0 AND dzgroup_MOSF w/Malig == 1 AND ca_yes == 1 AND 46.6 <= age <= 89.3 AND dnr_dnr before sadm == 0,0.1134276198236865
1,1,0.11198820168717413,0.6454081632653061,392,253,11,10,dementia == 0 AND glucose <= 477 AND bun <= 119 AND dnr_no dnr == 0 AND dzgroup_CHF == 0 AND charges <= 5.18e+05 AND income_was_missing == 0 AND dnrday <= 62 AND dzgroup_Lung Cancer == 0 AND race_other == 0,0.11198820168717413
1,1,0.11140698952326321,0.6447368421052632,76,49,15,15,dzgroup_COPD == 0 AND dzgroup_Cirrhosis == 0 AND race_hispanic == 0 AND dnr_dnr after sadm == 1 AND dnr_no dnr == 0 AND dzgroup_Lung Cancer == 0 AND bun <= 220 AND hrt <= 71.2 AND dzgroup_Coma == 0 AND dzgroup_CHF == 0 AND dnr_dnr before sadm == 0 AND 1.46 <= edu <= 22.5 AND adlp == 0 AND dzclass_Coma == 0 AND avtisst <= 41.4,0.11140698952326321
1,1,0.10979242280002384,0.6428571428571429,14,9,14,14,dzgroup_COPD == 0 AND adlp == 0 AND dnr_dnr before sadm == 0 AND bun <= 119 AND dnr_no dnr == 0 AND totcst <= 1.58e+05 AND 121 <= sod <= 169 AND dnr_dnr after sadm == 1 AND charges <= 3e+05 AND 56.8 <= pafi <= 498 AND alb <= 11.3 AND dzgroup_Coma == 1 AND race_asian == 0 AND adlsc <= 1.56,0.10979242280002384
0,1,0.10979242280002384,0.6428571428571429,28,18,12,12,dzclass_COPD/CHF/Cirrhosis == 1 AND dzgroup_Cirrhosis == 0 AND dzgroup_Colon Cancer == 0 AND race_other == 0 AND race_black == 0 AND dementia == 0 AND crea <= 6.88 AND bun_was_missing == 1 AND urine_was_missing == 1 AND adlp_was_missing == 1 AND ca_yes == 0 AND dnr_dnr after sadm == 1,0.10979242280002384
1,1,0.1043582467665522,0.6363636363636364,11,7,14,14,dzgroup_COPD == 0 AND dnr_no dnr == 0 AND pafi <= 524 AND 121 <= sod <= 144 AND 7.26 <= ph <= 7.54 AND dzclass_Cancer == 0 AND dnr_dnr after sadm == 1 AND dnr_dnr before sadm == 0 AND 705 <= urine <= 3.22e+03 AND totcst <= 1.96e+05 AND dzgroup_MOSF w/Malig == 0 AND 23.6 <= meanbp <= 84.4 AND adlp == 0 AND dzclass_Coma == 0,0.1043582467665522
1,1,0.1043582467665522,0.6363636363636364,44,28,19,19,aps <= 86.2 AND hrt >= 72.9 AND pafi <= 524 AND bun <= 119 AND dnr_no dnr == 0 AND race_hispanic == 0 AND scoma <= 37 AND dnr_dnr after sadm == 1 AND diabetes == 0 AND adlp_was_missing == 1 AND dzgroup_MOSF w/Malig == 0 AND race_other == 0 AND 45 <= age <= 81.9 AND 7.5 <= edu <= 16.5 AND adlp == 0 AND dzgroup_Cirrhosis == 0 AND dzclass_Coma == 0 AND ca_yes == 0 AND resp <= 41.5,0.1043582467665522
0,1,0.1043582467665522,0.6363636363636364,11,7,22,22,dnr_dnr after sadm == 0 AND dnr_no dnr == 1 AND glucose_was_missing == 0 AND dzgroup_Cirrhosis == 0 AND dzclass_Cancer == 0 AND charges <= 4.27e+05 AND income_was_missing == 0 AND dzgroup_Colon Cancer == 0 AND dzgroup_MOSF w/Malig == 0 AND dzclass_Coma == 0 AND alb <= 6.15 AND adlp_was_missing == 1 AND dzgroup_COPD == 0 AND race_other == 0 AND dnr_dnr before sadm == 0 AND 9.45 <= aps <= 78.5 AND num_co == 3 AND bun <= 96.3 AND race_hispanic == 0 AND wblc <= 41.8 AND pafi <= 494 AND ca_no == 1,0.1043582467665522
0,1,0.1043582467665522,0.6363636363636364,22,14,23,23,race_other == 0 AND dzgroup_CHF == 0 AND dnr_dnr before sadm == 0 AND race_asian == 0 AND dementia == 0 AND sex == 0 AND dzgroup_COPD == 0 AND dzgroup_Cirrhosis == 0 AND dnr_dnr after sadm == 1 AND ca_no == 0 AND dzgroup_MOSF w/Malig == 0 AND dzclass_COPD/CHF/Cirrhosis == 0 AND race_hispanic == 0 AND 7.18 <= edu <= 20.8 AND aps <= 58.1 AND charges <= 5.12e+05 AND wblc <= 88.1 AND 159 <= pafi <= 691 AND alb <= 11 AND bun_was_missing == 1 AND income == 1 AND scoma <= 33.5 AND urine_was_missing == 1,0.1043582467665522
1,1,0.10189707818930038,0.6333333333333333,30,19,12,12,adlp == 0 AND dnrday <= 49.6 AND dementia == 0 AND dnr_no dnr == 0 AND race_hispanic == 0 AND dnr_dnr after sadm == 1 AND 11.4 <= meanbp <= 108 AND income == 1 AND 33 <= temp <= 39.4 AND dzgroup_MOSF w/Malig == 0 AND race_white == 1 AND dnr_dnr before sadm == 0,0.10189707818930038
1,1,0.10049355861780968,0.631578947368421,19,12,15,15,dzgroup_MOSF w/Malig == 0 AND dzclass_Cancer == 0 AND avtisst >= 37.9 AND glucose <= 373 AND dzgroup_Cirrhosis == 0 AND race_asian == 0 AND bun <= 103 AND dzgroup_Colon Cancer == 0 AND ca_yes == 0 AND dzgroup_CHF == 0 AND totcst <= 1.41e+05 AND diabetes == 1 AND pafi <= 524 AND race_hispanic == 0 AND race_other == 0,0.10049355861780968
1,1,0.10049355861780968,0.631578947368421,38,24,22,22,avtisst >= 23.5 AND dementia == 0 AND adlp == 0 AND dzgroup_COPD == 0 AND totcst <= 1.58e+05 AND glucose_was_missing == 1 AND bun <= 119 AND 7.28 <= ph <= 7.66 AND urine_was_missing == 1 AND 525 <= urine <= 3.4e+03 AND adlsc <= 3.4 AND dzclass_COPD/CHF/Cirrhosis == 0 AND alb <= 8.07 AND dnrday <= 128 AND hrt <= 146 AND adlp_was_missing == 1 AND dzclass_Cancer == 0 AND race_asian == 0 AND ca_yes == 1 AND dnr_dnr before sadm == 0 AND charges <= 7.16e+05 AND dzgroup_Lung Cancer == 0,0.10049355861780968
1,1,0.10049355861780968,0.631578947368421,19,12,15,15,dnr_dnr after sadm == 1 AND sps <= 57.3 AND dzgroup_Cirrhosis == 0 AND charges <= 5.18e+05 AND dzclass_Cancer == 0 AND 9.18 <= edu <= 22.8 AND alb <= 10.6 AND dnr_no dnr == 0 AND 30.5 <= aps <= 109 AND glucose <= 387 AND urine_was_missing == 0 AND dzgroup_COPD == 0 AND 18.4 <= age <= 80.2 AND totmcst <= 2.58e+05 AND ca_no == 1,0.10049355861780968
1,1,0.1,1.0,0,0,22,22,dzgroup_Cirrhosis == 0 AND dnr_dnr before sadm == 0 AND scoma <= 34.5 AND charges <= 6.04e+05 AND ca_yes == 0 AND avtisst <= 24.4 AND 3.96 <= resp <= 51.3 AND dzgroup_COPD == 0 AND dzgroup_Colon Cancer == 0 AND dnr_no dnr == 1 AND 7.77 <= edu <= 17.1 AND 21.6 <= meanbp <= 129 AND totcst <= 1.27e+05 AND wblc <= 71.5 AND bili <= 28.5 AND 144 <= sod <= 156 AND urine_was_missing == 1 AND adlp == 0 AND sex == 0 AND dzclass_COPD/CHF/Cirrhosis == 1 AND dzclass_Coma == 0 AND income_was_missing == 0,0.1
0,1,0.1,1.0,0,0,22,22,dzgroup_Coma == 0 AND 25.8 <= age <= 81.1 AND race_other == 0 AND dzgroup_COPD == 0 AND dzclass_Coma == 0 AND dzclass_COPD/CHF/Cirrhosis == 1 AND dementia == 0 AND glucose_was_missing == 1 AND dzgroup_MOSF w/Malig == 0 AND avtisst <= 21.5 AND adls == 2 AND 0.995 <= edu <= 23 AND pafi <= 490 AND crea <= 5.92 AND dzclass_Cancer == 0 AND wblc <= 48.5 AND 1.12 <= adlsc <= 3.8 AND dnrday <= 113 AND bun_was_missing == 1 AND 25.6 <= aps <= 76.4 AND sex == 0 AND 6.28 <= resp <= 61.7,0.1
1,1,0.1,1.0,0,0,25,25,dzgroup_COPD == 0 AND dzgroup_MOSF w/Malig == 0 AND race_asian == 0 AND dzgroup_Cirrhosis == 0 AND dementia == 0 AND dnr_dnr after sadm == 1 AND 30.8 <= aps <= 101 AND adlp == 0 AND adlp_was_missing == 1 AND edu <= 26.4 AND crea <= 11.8 AND dzgroup_Colon Cancer == 0 AND alb <= 7.54 AND race_white == 0 AND ca_yes == 0 AND dzgroup_Coma == 1 AND 25.4 <= age <= 63.9 AND diabetes == 0 AND 32 <= meanbp <= 108 AND ca_no == 1 AND resp <= 33.8 AND urine <= 4.12e+03 AND dzclass_Coma == 1 AND dnr_no dnr == 0 AND race_black == 1,0.1
0,1,0.1,1.0,0,0,18,18,42.6 <= aps <= 137 AND 118 <= sod <= 173 AND bun <= 118 AND urine_was_missing == 0 AND urine <= 1.48e+03 AND income_was_missing == 0 AND dzgroup_CHF == 0 AND race_hispanic == 1 AND ca_yes == 0 AND scoma <= 34.5 AND dzgroup_Colon Cancer == 0 AND 11.5 <= edu <= 24.5 AND avtisst >= 23.5 AND dnrday <= 71.1 AND adlp == 0 AND dzgroup_COPD == 0 AND dzclass_Cancer == 0 AND dnr_dnr before sadm == 0,0.1
1,1,0.1,1.0,0,0,25,25,crea <= 5.3 AND dzgroup_Colon Cancer == 0 AND dzclass_Cancer == 0 AND dzgroup_COPD == 0 AND dzgroup_MOSF w/Malig == 0 AND dnr_dnr before sadm == 0 AND dnr_no dnr == 0 AND wblc <= 35.8 AND 34.7 <= temp <= 41.5 AND 25.1 <= age <= 71.2 AND dnrday <= 71.1 AND alb <= 11.2 AND ca_yes == 0 AND 25.5 <= meanbp <= 80.5 AND bili <= 20.7 AND ca_no == 1 AND 21.6 <= hrt <= 96.8 AND glucose_was_missing == 1 AND glucose <= 329 AND urine_was_missing == 1 AND dzgroup_CHF == 0 AND resp <= 54.6 AND 190 <= pafi <= 516 AND adlsc <= 2.49 AND race_other == 0,0.1
0,1,0.1,1.0,0,0,22,22,dnr_no dnr == 1 AND 47 <= meanbp <= 161 AND dnr_dnr after sadm == 0 AND diabetes == 0 AND charges <= 5.05e+05 AND totcst <= 2.11e+05 AND crea <= 3.57 AND adlp == 0 AND 36.7 <= temp <= 40.3 AND dzgroup_Coma == 0 AND dzclass_COPD/CHF/Cirrhosis == 0 AND race_white == 0 AND ca_no == 1 AND dnr_dnr before sadm == 0 AND scoma <= 35.5 AND dementia == 0 AND pafi <= 489 AND glucose_was_missing == 1 AND adlsc <= 2.66 AND race_hispanic == 0 AND race_other == 0 AND dzclass_Coma == 0,0.1
1,1,0.1,1.0,0,0,18,18,165 <= urine <= 3.76e+03 AND avtisst >= 23.5 AND race_hispanic == 0 AND dnr_dnr after sadm == 1 AND 30.5 <= aps <= 101 AND dementia == 0 AND dzgroup_COPD == 0 AND diabetes == 0 AND bun <= 113 AND charges <= 4.58e+05 AND hrt <= 132 AND 34.7 <= temp <= 37.4 AND dzclass_COPD/CHF/Cirrhosis == 1 AND dzclass_Coma == 0 AND race_asian == 0 AND race_black == 0 AND 116 <= sod <= 129 AND sex == 0,0.1
1,1,0.1,1.0,0,0,21,21,dzgroup_COPD == 0 AND dzgroup_MOSF w/Malig == 0 AND dzgroup_Cirrhosis == 0 AND avtisst >= 23.5 AND totmcst <= 2.74e+05 AND dementia == 0 AND ca_no == 1 AND adlp == 0 AND dzclass_Cancer == 0 AND 21.6 <= hrt <= 208 AND dnr_no dnr == 0 AND bun <= 103 AND 25.1 <= age <= 73.7 AND 118 <= sod <= 156 AND dzgroup_Lung Cancer == 0 AND race_black == 0 AND wblc <= 35.8 AND dnr_dnr after sadm == 1 AND dnr_dnr before sadm == 0 AND 28 <= scoma <= 60 AND alb <= 7.09,0.1
0,1,0.1,1.0,0,0,24,24,dzgroup_COPD == 0 AND adlp == 0 AND bun <= 119 AND dnr_no dnr == 0 AND race_hispanic == 0 AND crea <= 3.38 AND adls == 1 AND glucose_was_missing == 1 AND glucose <= 477 AND 525 <= urine <= 3.4e+03 AND dzgroup_Lung Cancer == 0 AND totmcst <= 2.12e+05 AND 4.09 <= edu <= 19.9 AND totcst <= 2.31e+05 AND dnrday <= 71.1 AND alb <= 11.2 AND bun_was_missing == 1 AND dzgroup_CHF == 0 AND dzgroup_Colon Cancer == 0 AND dzclass_Coma == 0 AND race_asian == 0 AND ca_yes == 0 AND dzclass_Cancer == 0 AND ca_no == 1,0.1
0,1,0.1,1.0,0,0,29,29,num_co == 4 AND charges <= 2.47e+05 AND totcst <= 1.8e+05 AND totmcst <= 2.62e+05 AND diabetes == 1 AND dementia == 0 AND dnrday <= 95.5 AND 70.6 <= meanbp <= 131 AND hrt <= 34.2 AND resp <= 34.9 AND 34.4 <= temp <= 37.8 AND pafi <= 344 AND bili <= 18.5 AND 111 <= sod <= 151 AND 7.15 <= ph <= 7.57 AND glucose <= 513 AND bun_was_missing == 1 AND bun <= 93.3 AND urine_was_missing == 1 AND urine <= 4.44e+03 AND sex == 0 AND dzgroup_Cirrhosis == 0 AND dzgroup_Colon Cancer == 0 AND dzgroup_Coma == 0 AND dzgroup_MOSF w/Malig == 0 AND dzclass_Coma == 0 AND race_asian == 0 AND race_black == 0 AND adlp_was_missing == 0,0.1
1,1,0.1,1.0,0,0,22,22,47.7 <= age <= 98.3 AND 9.21 <= avtisst <= 50.8 AND bili <= 9.19 AND dzgroup_COPD == 0 AND dzgroup_Cirrhosis == 0 AND dzgroup_Lung Cancer == 0 AND dzclass_COPD/CHF/Cirrhosis == 0 AND ca_yes == 0 AND dnr_dnr after sadm == 1 AND race_white == 1 AND alb <= 12.1 AND dzclass_Cancer == 0 AND race_black == 0 AND glucose <= 540 AND adlp == 0 AND dzgroup_Colon Cancer == 0 AND race_hispanic == 0 AND totmcst <= 2.62e+05 AND 65.9 <= meanbp <= 140 AND 1.2 <= adlsc <= 1.3 AND charges <= 4.48e+05 AND bun_was_missing == 0,0.1
0,1,0.1,1.0,0,0,20,20,charges <= 3.47e+05 AND dnrday <= 45.3 AND bili <= -4.74 AND crea <= 5.27 AND glucose <= 377 AND bun <= 87.3 AND urine_was_missing == 1 AND adlp_was_missing == 1 AND dzgroup_COPD == 0 AND dzgroup_Cirrhosis == 0 AND dnr_dnr after sadm == 0 AND dnr_dnr before sadm == 0 AND wblc <= 72.2 AND alb <= 6.68 AND race_other == 0 AND 1.33 <= sps <= 26.1 AND sod <= 165 AND scoma <= 24 AND 8.02 <= hrt <= 140 AND adls == 1,0.1
1,1,0.1,1.0,0,0,19,19,dzclass_Cancer == 0 AND dnr_dnr before sadm == 0 AND dnr_dnr after sadm == 1 AND adlp == 0 AND dzclass_COPD/CHF/Cirrhosis == 0 AND totmcst <= 2.58e+05 AND ph >= 7.22 AND urine_was_missing == 0 AND race_hispanic == 0 AND income == 1 AND income_was_missing == 0 AND dzgroup_Coma == 1 AND sod <= 159 AND glucose <= 316 AND dzgroup_COPD == 0 AND dnr_no dnr == 0 AND charges <= 2.88e+05 AND sps <= 57.1 AND 36 <= temp <= 40.8,0.1
1,1,0.1,1.0,0,0,22,21,dzclass_Cancer == 0 AND dnr_dnr before sadm == 0 AND dnr_dnr after sadm == 1 AND adlp == 0 AND 9.18 <= edu <= 22.8 AND dzclass_COPD/CHF/Cirrhosis == 0 AND totmcst <= 1.73e+05 AND 7.22 <= ph <= 7.7 AND urine_was_missing == 0 AND dzgroup_CHF == 0 AND race_hispanic == 0 AND avtisst >= 23.5 AND bun <= 113 AND 2.11 <= adlsc <= 6.78 AND sex == 1 AND dementia == 0 AND dnrday <= 119 AND pafi <= 498 AND alb <= 11.3 AND race_white == 1 AND dzgroup_Coma == 1,0.1
1,1,0.1,1.0,0,0,25,25,dnr_no dnr == 0 AND totcst <= 2.31e+05 AND adlp == 0 AND dzclass_Cancer == 0 AND dnr_dnr before sadm == 0 AND dzgroup_MOSF w/Malig == 0 AND 51.6 <= meanbp <= 152 AND 118 <= sod <= 169 AND bun <= 113 AND 4.09 <= edu <= 22.8 AND totmcst <= 2.74e+05 AND dnrday <= 71.1 AND alb <= 11.3 AND adls == 2 AND race_black == 0 AND ca_no == 1 AND dzgroup_COPD == 0 AND 52.8 <= aps <= 118 AND 7.22 <= ph <= 7.7 AND adlp_was_missing == 1 AND dzclass_COPD/CHF/Cirrhosis == 0 AND race_hispanic == 0 AND dnr_dnr after sadm == 1 AND race_other == 0 AND race_white == 1,0.1
1,1,0.1,1.0,0,0,21,21,race_hispanic == 0 AND dnr_dnr after sadm == 1 AND dnr_no dnr == 0 AND totcst <= 1.97e+05 AND avtisst >= 23.5 AND hrt <= 146 AND dzgroup_Coma == 0 AND dzgroup_CHF == 0 AND 7.22 <= ph <= 7.7 AND adlp == 0 AND dzclass_Cancer == 0 AND dnr_dnr before sadm == 0 AND dzgroup_Colon Cancer == 0 AND ca_yes == 0 AND glucose <= 377 AND 2.11 <= adlsc <= 6.78 AND dzclass_COPD/CHF/Cirrhosis == 0 AND 34.5 <= temp <= 41.1 AND dzclass_Coma == 0 AND dementia == 1 AND 123 <= sod <= 147,0.1
0,1,0.1,1.0,0,0,19,19,scoma <= 24 AND 7.11 <= ph <= 7.73 AND race_other == 0 AND 6.32 <= alb <= 12.3 AND crea <= 5.27 AND dzgroup_Colon Cancer == 0 AND dzgroup_MOSF w/Malig == 0 AND ca_yes == 0 AND charges <= 2.68e+05 AND diabetes == 0 AND dzgroup_Cirrhosis == 0 AND 3 <= edu <= 25 AND glucose_was_missing == 1 AND bun <= 87.3 AND urine_was_missing == 1 AND income_was_missing == 1 AND dzgroup_CHF == 0 AND dnr_no dnr == 1 AND dzclass_COPD/CHF/Cirrhosis == 1,0.1
0,1,0.1,1.0,0,0,15,15,dnr_dnr before sadm == 0 AND crea <= 7.46 AND race_other == 0 AND 4.64 <= edu <= 14.5 AND meanbp <= 161 AND adlp_was_missing == 0 AND 1.87 <= sps <= 49.7 AND ca_no == 1 AND dnrday <= 84.1 AND 16.5 <= scoma <= 29.5 AND dzgroup_Coma == 0 AND sod <= 156 AND 11.1 <= aps <= 46.8 AND alb <= 7.87 AND dzgroup_Cirrhosis == 0,0.1
0,1,0.1,1.0,0,0,27,27,wblc <= 71.5 AND income_was_missing == 0 AND charges <= 4.27e+05 AND 36.4 <= hrt <= 226 AND race_other == 0 AND glucose <= 497 AND totcst <= 1.5e+05 AND avtisst <= 24.4 AND dementia == 0 AND glucose_was_missing == 0 AND race_hispanic == 0 AND totmcst <= 2.62e+05 AND adlsc <= 2.66 AND dzgroup_Cirrhosis == 0 AND dnr_dnr before sadm == 0 AND 60.3 <= age <= 92.1 AND 33.4 <= temp <= 38.3 AND crea <= 11.9 AND 116 <= sod <= 158 AND diabetes == 0 AND bun <= 126 AND urine >= 345 AND adlp == 1 AND dzgroup_Lung Cancer == 0 AND race_asian == 0 AND ca_yes == 0 AND dnr_dnr after sadm == 0,0.1
0,1,0.1,1.0,0,0,20,20,resp <= 34.9 AND crea <= 6.86 AND dzgroup_MOSF w/Malig == 0 AND charges <= 4.16e+05 AND dzgroup_Cirrhosis == 0 AND dnr_dnr after sadm == 0 AND bili <= 21.7 AND diabetes == 0 AND 345 <= urine <= 5.3e+03 AND adlp_was_missing == 0 AND adlsc <= 2.51 AND dzgroup_Colon Cancer == 0 AND dnr_no dnr == 1 AND bun_was_missing == 1 AND race_white == 0 AND 2.39 <= edu <= 21.6 AND wblc <= 66.5 AND 33.4 <= hrt <= 45.7 AND alb <= 9.5 AND dzclass_Coma == 0,0.1
0,1,0.1,1.0,0,0,21,21,num_co == 2 AND totcst <= 2.1e+05 AND totmcst <= 1.87e+05 AND dnrday <= 71.1 AND ph >= 7.3 AND glucose_was_missing == 1 AND adlp_was_missing == 0 AND income_was_missing == 0 AND income == 2 AND dzgroup_CHF == 0 AND dzclass_Cancer == 0 AND dzclass_Coma == 0 AND race_asian == 0 AND race_other == 0 AND dnr_dnr before sadm == 0 AND dnr_no dnr == 0 AND crea <= 5.27 AND dzgroup_Lung Cancer == 0 AND dzclass_COPD/CHF/Cirrhosis == 1 AND 3.06 <= avtisst <= 26.9 AND 22.7 <= resp <= 47.3,0.1
0,1,0.1,1.0,0,0,26,26,wblc <= 66.5 AND adlsc <= 4.58 AND dnr_no dnr == 1 AND adlp_was_missing == 0 AND dzclass_Coma == 0 AND dnr_dnr before sadm == 0 AND diabetes == 0 AND dzgroup_Colon Cancer == 0 AND 4.71 <= edu <= 21.6 AND dzgroup_Cirrhosis == 0 AND race_black == 0 AND alb <= 8.94 AND 49.9 <= age <= 78.2 AND dnrday <= 133 AND bun_was_missing == 0 AND num_co == 1 AND scoma <= 17.5 AND charges <= -2.63e+05 AND totmcst <= 2.75e+05 AND bili <= 24.3 AND bun <= 115 AND urine_was_missing == 0 AND race_other == 0 AND 31.3 <= meanbp <= 121 AND 7.19 <= ph <= 7.65 AND sex == 0,0.1
1,1,0.1,1.0,0,0,33,32,num_co == 3 AND edu <= 10.4 AND scoma <= 13 AND totcst <= 1.47e+05 AND totmcst <= 1.58e+05 AND 8.03 <= sps <= 33.8 AND aps <= 87.3 AND diabetes == 0 AND dementia == 0 AND wblc <= 48.2 AND 43 <= hrt <= 165 AND 34.4 <= temp <= 38.1 AND pafi <= 438 AND bili <= 11.6 AND crea <= 7.04 AND glucose_was_missing == 1 AND glucose <= 345 AND bun_was_missing == 1 AND bun <= 87.3 AND urine_was_missing == 1 AND urine <= 4.4e+03 AND adlp_was_missing == 0 AND 4.94 <= adlsc <= 7.06 AND dzgroup_COPD == 1 AND dzclass_COPD/CHF/Cirrhosis == 1 AND dzclass_Cancer == 0 AND dzclass_Coma == 0 AND race_other == 0 AND race_white == 1 AND ca_yes == 0 AND dnr_dnr after sadm == 1 AND dnr_no dnr == 0,0.1
0,1,0.1,1.0,0,0,36,36,num_co == 3 AND edu <= 10.4 AND scoma <= 13 AND totcst <= 1.47e+05 AND totmcst <= 1.58e+05 AND 8.03 <= sps <= 33.8 AND aps <= 87.3 AND diabetes == 0 AND dementia == 0 AND wblc <= 48.2 AND 43 <= hrt <= 165 AND resp <= 50.2 AND 34.4 <= temp <= 38.1 AND pafi <= 438 AND bili <= 11.6 AND crea <= 7.04 AND glucose_was_missing == 1 AND glucose <= 345 AND bun_was_missing == 1 AND bun <= 87.3 AND urine_was_missing == 1 AND urine <= 4.4e+03 AND adlp_was_missing == 0 AND 4.94 <= adlsc <= 7.06 AND dzgroup_COPD == 1 AND dzclass_COPD/CHF/Cirrhosis == 1 AND dzclass_Cancer == 0 AND dzclass_Coma == 0 AND race_other == 0 AND race_white == 1 AND ca_yes == 0 AND dnr_dnr after sadm == 1 AND dnr_no dnr == 0 AND adls == 6 AND income == 0 AND dzgroup_Coma == 0,0.1
1,1,0.1,1.0,0,0,29,29,num_co == 0 AND 5.64 <= edu <= 18.4 AND scoma >= 79.5 AND charges <= 5.76e+05 AND totcst <= 2.35e+05 AND 3.63 <= aps <= 78.4 AND diabetes == 0 AND dementia == 0 AND dnrday <= 98.5 AND 84.8 <= meanbp <= 151 AND wblc <= 35 AND 21.1 <= resp <= 44.9 AND 33.7 <= temp <= 37.8 AND pafi <= 349 AND alb <= 12.5 AND glucose <= 495 AND bun <= 126 AND adlp == 0 AND sex == 0 AND dzgroup_COPD == 0 AND dzgroup_Lung Cancer == 0 AND dzclass_Cancer == 0 AND dzclass_Coma == 1 AND race_hispanic == 0 AND ca_no == 1 AND dnr_dnr after sadm == 0 AND dnr_dnr before sadm == 0 AND dnr_no dnr == 1 AND 0.257 <= adlsc <= 5,0.1
1,1,0.1,1.0,0,0,15,15,avtisst >= 23.5 AND aps <= 101 AND adlp == 0 AND dzgroup_COPD == 0 AND totcst <= 1.58e+05 AND glucose_was_missing == 1 AND dzgroup_Colon Cancer == 0 AND bun <= 113 AND charges <= 5.1e+05 AND 42.8 <= pafi <= 557 AND ca_yes == 0 AND dnr_dnr before sadm == 0 AND hrt <= 140 AND num_co == 4 AND dnr_no dnr == 1,0.1
1,1,0.1,1.0,0,0,16,16,avtisst >= 23.5 AND aps <= 101 AND adlp == 0 AND dzgroup_COPD == 0 AND totcst <= 1.58e+05 AND glucose_was_missing == 1 AND dzgroup_Colon Cancer == 0 AND bun <= 113 AND 42.8 <= pafi <= 557 AND ca_yes == 0 AND dnr_dnr before sadm == 0 AND hrt <= 140 AND num_co == 4 AND 2.02 <= adlsc <= 5.98 AND sex == 1 AND dzclass_Coma == 1,0.1
0,1,0.1,1.0,0,0,22,22,edu <= 21.5 AND totmcst <= 2.32e+05 AND aps <= 60.4 AND diabetes == 0 AND wblc <= 80.2 AND alb <= -1.39 AND crea <= 6.34 AND income_was_missing == 0 AND dzgroup_CHF == 0 AND dzgroup_Colon Cancer == 0 AND dzgroup_Lung Cancer == 1 AND race_black == 0 AND race_hispanic == 0 AND ca_no == 0 AND ca_yes == 0 AND dnr_dnr before sadm == 0 AND dnr_no dnr == 0 AND totcst <= 1.28e+05 AND dementia == 0 AND dzclass_Cancer == 1 AND race_white == 1 AND dzgroup_MOSF w/Malig == 0,0.1
1,1,0.1,1.0,0,0,33,33,age >= 66.6 AND num_co == 0 AND 6.88 <= edu <= 17.1 AND totcst <= 1.71e+05 AND 2.75 <= avtisst <= 51.3 AND dnrday <= 68.5 AND 22.9 <= meanbp <= 133 AND 58.5 <= pafi <= 461 AND bili <= 22.7 AND crea <= 8.37 AND 120 <= sod <= 162 AND 7.23 <= ph <= 7.53 AND glucose_was_missing == 1 AND glucose <= 308 AND urine_was_missing == 1 AND urine <= 4.22e+03 AND adlp_was_missing == 1 AND adlp == 0 AND adlsc <= 4.55 AND dzgroup_Cirrhosis == 0 AND dzgroup_Colon Cancer == 0 AND dzgroup_Coma == 1 AND dzclass_Cancer == 0 AND dzclass_Coma == 1 AND race_black == 1 AND race_other == 0 AND race_white == 0 AND ca_no == 1 AND ca_yes == 0 AND dnr_dnr after sadm == 0 AND dnr_dnr before sadm == 0 AND dnr_no dnr == 1 AND sex == 1,0.1
1,1,0.1,1.0,0,0,29,29,age >= 49.1 AND 3.79 <= edu <= 20.2 AND totcst <= 1.87e+05 AND avtisst <= 40.5 AND diabetes == 0 AND dementia == 0 AND dnrday <= 123 AND 66.7 <= meanbp <= 167 AND wblc <= 72.9 AND hrt <= 150 AND 32.8 <= temp <= 38.3 AND 134 <= sod <= 158 AND urine_was_missing == 1 AND urine <= 615 AND adlp_was_missing == 1 AND sex == 0 AND income_was_missing == 1 AND income == 1 AND dzgroup_COPD == 1 AND dzgroup_Cirrhosis == 0 AND dzgroup_Lung Cancer == 0 AND dzgroup_MOSF w/Malig == 0 AND dzclass_Cancer == 0 AND race_hispanic == 0 AND race_other == 0 AND race_white == 1 AND ca_yes == 0 AND dnr_dnr after sadm == 1 AND num_co == 1,0.1
0,1,0.1,1.0,0,0,19,19,ca_yes == 0 AND dementia == 0 AND sod <= 159 AND dzgroup_Colon Cancer == 0 AND 21.6 <= hrt <= 208 AND adlp_was_missing == 1 AND 42.6 <= aps <= 93.4 AND dzgroup_CHF == 0 AND race_hispanic == 1 AND bun_was_missing == 0 AND race_other == 0 AND dnr_no dnr == 1 AND age >= 44.6 AND 11.5 <= edu <= 24.5 AND sps <= 48 AND bun <= 103 AND dzgroup_Cirrhosis == 0 AND income_was_missing == 0 AND dzgroup_Lung Cancer == 0,0.1
0,1,0.1,1.0,0,0,23,23,dnr_no dnr == 1 AND resp <= 44.2 AND 117 <= sod <= 159 AND diabetes == 0 AND race_black == 0 AND dzgroup_Colon Cancer == 0 AND dzgroup_Coma == 0 AND dementia == 0 AND 8.02 <= hrt <= 208 AND totcst <= 2.33e+05 AND dzgroup_CHF == 0 AND race_hispanic == 1 AND ca_yes == 0 AND dnr_dnr after sadm == 0 AND totmcst <= 2.74e+05 AND temp >= 36.1 AND alb <= 6.59 AND glucose <= 581 AND dzgroup_Lung Cancer == 0 AND ca_no == 1 AND 229 <= pafi <= 641 AND bun <= 144 AND race_asian == 0,0.1
0,1,0.1,1.0,0,0,19,19,urine_was_missing == 1 AND dzgroup_Coma == 0 AND dnr_dnr after sadm == 0 AND charges <= 5.05e+05 AND aps <= 46.8 AND adlp == 0 AND dnr_no dnr == 1 AND adls == 1 AND diabetes == 0 AND glucose <= 503 AND sex == 0 AND income == 1 AND scoma <= 16.5 AND 1.43 <= alb <= 11.6 AND race_asian == 0 AND ca_yes == 0 AND adlp_was_missing == 1 AND 1.52 <= adlsc <= 4.85 AND race_white == 0,0.1
0,1,0.1,1.0,0,0,15,15,race_other == 0 AND diabetes == 1 AND race_asian == 0 AND totmcst <= 1.54e+05 AND 136 <= sod <= 154 AND income_was_missing == 0 AND dzclass_COPD/CHF/Cirrhosis == 1 AND dnr_dnr after sadm == 0 AND 65.7 <= age <= 89.2 AND 7.77 <= edu <= 17.6 AND charges <= 4.16e+05 AND totcst <= 1.88e+05 AND avtisst <= 42.7 AND 35.5 <= meanbp <= 129 AND dzgroup_CHF == 1,0.1
1,1,0.1,1.0,0,0,21,21,urine <= 3.76e+03 AND dementia == 0 AND dzgroup_COPD == 0 AND dzgroup_MOSF w/Malig == 0 AND 34.7 <= temp <= 41.5 AND 7.5 <= edu <= 19.9 AND 21.6 <= hrt <= 132 AND adlp_was_missing == 1 AND totcst <= 2.67e+05 AND race_asian == 0 AND 25.1 <= age <= 73.7 AND avtisst >= 23.5 AND dzgroup_CHF == 0 AND dzclass_Coma == 0 AND dzclass_COPD/CHF/Cirrhosis == 1 AND race_black == 0 AND race_hispanic == 0 AND dnr_dnr after sadm == 1 AND charges <= 3.94e+05 AND race_white == 1 AND ca_no == 1,0.1
1,1,0.1,1.0,0,0,29,29,age <= 55.5 AND num_co == 0 AND 5.64 <= edu <= 18.4 AND scoma >= 79.5 AND charges <= 5.76e+05 AND totcst <= 2.35e+05 AND 3.63 <= aps <= 78.4 AND diabetes == 0 AND dementia == 0 AND dnrday <= 98.5 AND 84.8 <= meanbp <= 151 AND wblc <= 35 AND 21.1 <= resp <= 44.9 AND 33.7 <= temp <= 37.8 AND pafi <= 349 AND alb <= 12.5 AND glucose <= 495 AND bun <= 126 AND adlp == 0 AND sex == 0 AND dzgroup_COPD == 0 AND dzgroup_Lung Cancer == 0 AND dzclass_Cancer == 0 AND dzclass_Coma == 1 AND race_hispanic == 0 AND ca_no == 1 AND dnr_dnr after sadm == 0 AND dnr_dnr before sadm == 0 AND dnr_no dnr == 1,0.1
1,1,0.1,1.0,0,0,23,23,dzgroup_COPD == 0 AND dzgroup_MOSF w/Malig == 0 AND dzclass_Coma == 0 AND 14.9 <= avtisst <= 50.8 AND race_hispanic == 0 AND adls == 1 AND dnr_dnr before sadm == 0 AND dnr_dnr after sadm == 1 AND 30.5 <= aps <= 109 AND dementia == 0 AND urine_was_missing == 1 AND 165 <= urine <= 3.76e+03 AND dzgroup_Lung Cancer == 0 AND 1.62 <= edu <= 26.4 AND totcst <= 4.77e+05 AND dnrday <= 92.3 AND glucose_was_missing == 0 AND dzclass_COPD/CHF/Cirrhosis == 0 AND pafi <= 462 AND alb <= 7.64 AND meanbp <= 144 AND dzgroup_Colon Cancer == 0 AND race_white == 0,0.1
0,1,0.1,1.0,0,0,22,22,dzgroup_MOSF w/Malig == 0 AND dzgroup_Coma == 0 AND totcst <= 1.69e+05 AND avtisst <= 30.5 AND glucose_was_missing == 1 AND dzclass_Coma == 0 AND dzclass_Cancer == 0 AND ca_yes == 0 AND dnr_dnr before sadm == 0 AND dnr_no dnr == 1 AND income_was_missing == 0 AND dzgroup_Cirrhosis == 1 AND 25.8 <= age <= 80.8 AND 2.39 <= edu <= 21.6 AND dzgroup_COPD == 0 AND dzclass_COPD/CHF/Cirrhosis == 1 AND race_black == 0 AND crea <= 7.84 AND 7.19 <= ph <= 7.75 AND 1.1 <= adlsc <= 5.7 AND 116 <= sod <= 160 AND race_hispanic == 1,0.1
0,1,0.1,1.0,0,0,22,22,dzgroup_Coma == 0 AND 25.8 <= age <= 81.1 AND race_other == 0 AND dzgroup_COPD == 0 AND urine <= 3.58e+03 AND race_black == 0 AND dnr_dnr before sadm == 0 AND dzclass_Coma == 0 AND dzclass_COPD/CHF/Cirrhosis == 1 AND sps <= 61.1 AND dementia == 0 AND glucose_was_missing == 1 AND dzgroup_MOSF w/Malig == 0 AND ca_no == 1 AND adls == 2 AND race_hispanic == 0 AND dnr_no dnr == 0 AND charges <= 4.27e+05 AND race_white == 1 AND ph >= 7.11 AND num_co == 4 AND adlp == 0,0.1
1,1,0.1,1.0,0,0,19,19,dnr_no dnr == 0 AND avtisst >= 23.5 AND 3.4e+03 <= urine <= 3.93e+03 AND dzgroup_CHF == 0 AND adlp == 0 AND pafi <= 524 AND glucose_was_missing == 1 AND dzgroup_COPD == 0 AND dementia == 0 AND wblc <= 64.5 AND race_other == 0 AND dnr_dnr after sadm == 1 AND 30.8 <= aps <= 77.2 AND crea <= 6.12 AND 118 <= sod <= 156 AND dzgroup_MOSF w/Malig == 0 AND dzclass_Cancer == 0 AND 48.4 <= age <= 71 AND sex == 1,0.1
1,1,0.1,1.0,0,0,23,23,bun <= 103 AND dementia == 0 AND dzgroup_COPD == 0 AND dnr_dnr before sadm == 0 AND dnr_no dnr == 0 AND 34.7 <= temp <= 41.5 AND 7.5 <= edu <= 19.9 AND adlp_was_missing == 1 AND race_asian == 0 AND avtisst >= 31 AND dnrday <= 71.1 AND dzgroup_CHF == 0 AND ca_yes == 0 AND adlp == 0 AND 58.1 <= age <= 63.8 AND bili <= 11.3 AND glucose <= 477 AND dzgroup_Cirrhosis == 0 AND dzgroup_Lung Cancer == 0 AND 4.77e+05 <= charges <= 1.06e+06 AND totcst <= 1.42e+05 AND pafi <= 333 AND race_black == 0,0.1
1,1,0.1,1.0,0,0,19,19,dzgroup_COPD == 0 AND ca_yes == 0 AND totcst <= 2.67e+05 AND avtisst >= 31 AND dementia == 0 AND 1.16e+03 <= urine <= 4.94e+03 AND adlp_was_missing == 1 AND dzgroup_Cirrhosis == 0 AND dzclass_Coma == 0 AND temp >= 36.8 AND 7.28 <= ph <= 7.66 AND race_other == 0 AND scoma <= 37 AND 34.9 <= aps <= 77.2 AND wblc <= 64.5 AND dzgroup_MOSF w/Malig == 0 AND dnr_no dnr == 0 AND income == 2 AND dzgroup_Lung Cancer == 0,0.1
0,1,0.1,1.0,0,0,18,18,bun_was_missing == 0 AND race_hispanic == 0 AND dzclass_COPD/CHF/Cirrhosis == 0 AND dzgroup_Colon Cancer == 0 AND dnr_dnr after sadm == 0 AND 12.6 <= sps <= 43.2 AND dementia == 0 AND age >= 21.2 AND totcst <= -1.48e+05 AND totmcst <= 2.37e+05 AND adlp_was_missing == 0 AND aps <= 46.8 AND 54.8 <= hrt <= 189 AND 256 <= pafi <= 496 AND crea <= 6.88 AND income_was_missing == 0 AND bun <= 124 AND sex == 1,0.1
0,1,0.1,1.0,0,0,19,19,avtisst <= 21.5 AND charges <= 4.09e+05 AND urine_was_missing == 1 AND race_hispanic == 0 AND income_was_missing == 0 AND crea <= 8.39 AND adlp_was_missing == 0 AND dzgroup_Cirrhosis == 0 AND income == 1 AND sex == 0 AND dzgroup_Coma == 0 AND dzclass_Cancer == 0 AND num_co == 3 AND bili <= 18.5 AND urine <= 5.3e+03 AND race_black == 0 AND ca_yes == 1 AND dnr_no dnr == 1 AND adlp == 0,0.1
0,1,0.1,1.0,0,0,16,16,crea <= 7.3 AND dnrday <= 75.1 AND dzclass_Cancer == 0 AND dnr_no dnr == 1 AND 140 <= meanbp <= 170 AND glucose_was_missing == 1 AND urine_was_missing == 1 AND income == 1 AND adlsc <= 1.56 AND 7.77 <= edu <= 14.5 AND totcst <= 1.5e+05 AND resp <= 58.6 AND glucose <= 340 AND adlp == 0 AND ca_no == 1 AND dzgroup_COPD == 0,0.1
0,1,0.1,1.0,0,0,29,29,dzgroup_Cirrhosis == 0 AND glucose_was_missing == 0 AND dzgroup_Lung Cancer == 0 AND dzclass_Coma == 0 AND race_hispanic == 0 AND sod <= 149 AND adlsc <= 2.66 AND sex == 0 AND race_other == 0 AND 53.4 <= age <= 96.1 AND meanbp >= 42.8 AND 7.26 <= ph <= 7.75 AND glucose <= 482 AND income_was_missing == 0 AND 7.08 <= resp <= 44.9 AND dzclass_Cancer == 1 AND race_black == 0 AND 4.56 <= avtisst <= 24.4 AND diabetes == 0 AND dementia == 0 AND 64 <= hrt <= 176 AND alb <= 12.5 AND crea <= 7.15 AND bun_was_missing == 0 AND adlp == 0 AND dzgroup_COPD == 0 AND race_asian == 0 AND ca_yes == 0 AND dnr_dnr after sadm == 1,0.1
1,1,0.1,1.0,0,0,19,19,dnr_dnr after sadm == 1 AND adlp == 0 AND dzgroup_Cirrhosis == 0 AND glucose_was_missing == 1 AND dzgroup_Colon Cancer == 0 AND bun <= 91.8 AND charges <= 4.58e+05 AND diabetes == 0 AND bili <= 12.2 AND bun_was_missing == 1 AND dzgroup_Coma == 0 AND dzclass_COPD/CHF/Cirrhosis == 0 AND race_black == 0 AND race_white == 0 AND dnr_no dnr == 0 AND urine_was_missing == 1 AND dnrday <= 103 AND dzgroup_Lung Cancer == 1 AND race_asian == 1,0.1
1,1,0.1,1.0,0,0,21,21,dnr_dnr before sadm == 0 AND dzclass_Coma == 0 AND dzgroup_Cirrhosis == 0 AND dnr_no dnr == 0 AND 45 <= age <= 81.9 AND glucose <= 377 AND 51.7 <= meanbp <= 192 AND 30.5 <= aps <= 109 AND 121 <= sod <= 159 AND race_asian == 0 AND ca_yes == 1 AND dnr_dnr after sadm == 1 AND 93.9 <= hrt <= 166 AND crea <= 4.61 AND totmcst <= 2.47e+05 AND 34.4 <= temp <= 40.9 AND 270 <= pafi <= 501 AND 13.1 <= bili <= 60.3 AND bun <= 59.8 AND dzgroup_CHF == 0 AND ca_no == 0,0.1
1,1,0.1,1.0,0,0,30,30,age <= 40.8 AND num_co == 2 AND 5.92 <= edu <= 26.1 AND 3.5 <= scoma <= 48.5 AND 25.6 <= sps <= 57.2 AND 112 <= meanbp <= 172 AND wblc <= 46.1 AND 25.2 <= hrt <= 105 AND resp <= 44.4 AND glucose <= 487 AND 58.2 <= bun <= 172 AND urine_was_missing == 0 AND adlp_was_missing == 1 AND adls == 1 AND 0.00378 <= adlsc <= 5.31 AND sex == 1 AND income_was_missing == 0 AND dzgroup_Colon Cancer == 0 AND dzgroup_Coma == 0 AND dzgroup_Lung Cancer == 0 AND dzclass_COPD/CHF/Cirrhosis == 0 AND dzclass_Cancer == 0 AND dzclass_Coma == 0 AND race_asian == 0 AND race_black == 0 AND race_hispanic == 0 AND race_other == 0 AND ca_yes == 1 AND totcst <= 2.41e+05 AND race_white == 1,0.1
0,1,0.1,1.0,0,0,21,21,1.64 <= edu <= 13 AND scoma <= 33.7 AND totmcst <= 2.72e+05 AND 29.5 <= meanbp <= 124 AND resp <= 18.2 AND 183 <= pafi <= 525 AND sod <= 155 AND glucose_was_missing == 0 AND 1.92e+03 <= urine <= 5.44e+03 AND adlp == 1 AND income_was_missing == 1 AND dzgroup_COPD == 1 AND dzgroup_Coma == 0 AND dzgroup_Lung Cancer == 0 AND race_asian == 0 AND race_other == 0 AND ca_no == 1 AND dnr_dnr before sadm == 0 AND 7.22 <= ph <= 7.73 AND adls == 0 AND dzgroup_Colon Cancer == 0,0.1
1,1,0.1,1.0,0,0,17,17,sex == 1 AND charges <= 3e+05 AND dnr_no dnr == 0 AND bili <= 11.6 AND totcst <= 1.97e+05 AND dzclass_COPD/CHF/Cirrhosis == 0 AND race_other == 0 AND urine <= 3.62e+03 AND dzclass_Cancer == 0 AND 7.5 <= edu <= 18.2 AND pafi <= 524 AND dzgroup_Coma == 1 AND 4.24 <= resp <= 51.8 AND alb <= 7.54 AND income_was_missing == 0 AND ca_yes == 0 AND income == 3,0.1
1,1,0.1,1.0,0,0,19,19,bun <= 113 AND dnr_no dnr == 0 AND dementia == 0 AND adlp == 0 AND avtisst >= 23.5 AND dzgroup_COPD == 0 AND 7.28 <= ph <= 7.66 AND dzgroup_Cirrhosis == 0 AND num_co == 2 AND 51.6 <= meanbp <= 152 AND temp >= 34.5 AND adlsc <= 2.41 AND dnr_dnr before sadm == 0 AND scoma <= 37 AND aps <= 118 AND income_was_missing == 1 AND dzgroup_Colon Cancer == 0 AND race_asian == 0 AND race_white == 0,0.1
0,1,0.1,1.0,0,0,24,24,25.5 <= scoma <= 56.5 AND totcst <= 2.96e+05 AND sps <= 53.2 AND 117 <= sod <= 157 AND bun <= 130 AND dzgroup_Cirrhosis == 0 AND dzclass_Coma == 1 AND race_black == 0 AND race_other == 0 AND race_white == 1 AND ca_yes == 0 AND dnr_dnr after sadm == 0 AND race_asian == 0 AND dementia == 0 AND dzgroup_Lung Cancer == 0 AND urine <= 4.8e+03 AND age >= 51.3 AND 17.5 <= avtisst <= 49.8 AND diabetes == 0 AND 25.2 <= glucose <= 551 AND dzgroup_CHF == 0 AND ca_no == 1 AND dnr_no dnr == 1 AND dzgroup_COPD == 0,0.1
0,1,0.1,1.0,0,0,21,21,avtisst <= 24.4 AND crea <= 7.28 AND race_other == 0 AND charges <= 6.04e+05 AND dzgroup_Cirrhosis == 0 AND dzgroup_COPD == 0 AND adlsc <= 2.05 AND bun <= 143 AND race_hispanic == 0 AND aps <= 45.6 AND dnrday <= 78.7 AND wblc <= 42.9 AND bun_was_missing == 0 AND income_was_missing == 1 AND dzgroup_MOSF w/Malig == 0 AND dzclass_Coma == 0 AND race_black == 0 AND totcst <= 2.55e+05 AND income == 1 AND adlp_was_missing == 1 AND sex == 1,0.1
0,1,0.1,1.0,0,0,33,33,num_co == 3 AND scoma <= 24.5 AND charges <= 1.89e+05 AND totcst <= 1.49e+05 AND totmcst <= 1.73e+05 AND 8.39 <= aps <= 67.6 AND diabetes == 1 AND 71.2 <= meanbp <= 157 AND 8.28 <= hrt <= 148 AND 4.16 <= resp <= 35.8 AND 35.2 <= temp <= 40.4 AND 221 <= pafi <= 436 AND alb <= 12.1 AND bili <= 14.6 AND 118 <= sod <= 156 AND glucose_was_missing == 1 AND glucose <= 287 AND bun_was_missing == 1 AND bun <= 90.3 AND urine_was_missing == 1 AND 120 <= urine <= 3.81e+03 AND adlp == 4 AND sex == 1 AND income_was_missing == 1 AND income == 1 AND dzgroup_COPD == 0 AND dzgroup_Lung Cancer == 0 AND race_black == 1 AND race_other == 0 AND race_white == 0 AND dnr_dnr after sadm == 0 AND dnrday <= 58.9 AND adlp_was_missing == 0,0.1
1,1,0.1,1.0,0,0,14,14,wblc <= 72.3 AND pafi <= 492 AND dzgroup_Cirrhosis == 0 AND dnr_no dnr == 0 AND adlp == 0 AND totcst <= -6.73e+04 AND 36.8 <= temp <= 40.3 AND glucose_was_missing == 0 AND 44.8 <= age <= 96.7 AND income_was_missing == 0 AND dzclass_COPD/CHF/Cirrhosis == 0 AND sex == 0 AND race_other == 0 AND ca_yes == 1,0.1
0,1,0.1,1.0,0,0,23,23,dnr_dnr after sadm == 0 AND race_hispanic == 0 AND sex == 1 AND avtisst <= 42.3 AND race_asian == 0 AND dzgroup_MOSF w/Malig == 0 AND dzgroup_Coma == 0 AND dementia == 0 AND race_other == 0 AND dzclass_COPD/CHF/Cirrhosis == 0 AND totcst <= 1.7e+05 AND crea <= 7.15 AND 121 <= sod <= 167 AND dzgroup_Cirrhosis == 0 AND dnr_dnr before sadm == 0 AND diabetes == 1 AND dnrday <= 43.5 AND adlp == 0 AND adls == 1 AND 31.5 <= meanbp <= 169 AND glucose_was_missing == 0 AND adlsc <= 2.66 AND dnr_no dnr == 1,0.1
0,1,0.1,1.0,0,0,19,18,avtisst <= 42.3 AND race_other == 0 AND dnr_no dnr == 1 AND race_black == 0 AND pafi <= 457 AND charges <= 2.05e+05 AND aps <= 74.9 AND ca_no == 0 AND dnr_dnr before sadm == 0 AND dzclass_Coma == 0 AND glucose_was_missing == 0 AND race_hispanic == 0 AND dnr_dnr after sadm == 0 AND dzgroup_MOSF w/Malig == 1 AND age >= 25.8 AND resp <= 51.3 AND dzgroup_CHF == 0 AND dzclass_Cancer == 0,0.1
0,1,0.1,1.0,0,0,20,20,dzgroup_Lung Cancer == 0 AND race_hispanic == 0 AND charges <= 4.05e+05 AND dzclass_Cancer == 0 AND sps <= 48.1 AND 1.43 <= alb <= 11.6 AND dnr_no dnr == 1 AND crea <= 7.64 AND avtisst <= 41.8 AND diabetes == 1 AND 36.4 <= hrt <= 141 AND urine <= 5.3e+03 AND adlsc <= 1.13 AND income == 0 AND race_asian == 0 AND race_black == 1 AND race_white == 0 AND wblc <= 58.1 AND income_was_missing == 0 AND dnr_dnr after sadm == 0,0.1
0,1,0.1,1.0,0,0,19,19,num_co == 2 AND sps <= 46 AND edu <= 22.4 AND totmcst <= 2.72e+05 AND wblc <= 53.4 AND totcst <= 1.7e+05 AND diabetes == 0 AND urine <= 5.3e+03 AND sex == 1 AND dzgroup_Coma == 0 AND race_black == 1 AND dementia == 0 AND 7.32 <= ph <= 7.58 AND glucose_was_missing == 1 AND urine_was_missing == 1 AND dzgroup_CHF == 0 AND dzgroup_MOSF w/Malig == 1 AND race_asian == 0 AND dnr_dnr after sadm == 0,0.1
1,1,0.1,1.0,0,0,23,23,7.06 <= ph <= 7.72 AND urine <= 2.9e+03 AND sex == 1 AND dzgroup_Colon Cancer == 0 AND dzgroup_Lung Cancer == 0 AND dzclass_Cancer == 0 AND race_black == 0 AND dementia == 0 AND bili <= 11.3 AND dzgroup_MOSF w/Malig == 0 AND race_hispanic == 0 AND ca_yes == 0 AND dnr_no dnr == 0 AND dzclass_COPD/CHF/Cirrhosis == 0 AND income == 1 AND race_white == 1 AND 4.24 <= resp <= 51.8 AND alb <= 7.54 AND income_was_missing == 0 AND dzgroup_Coma == 1 AND race_other == 0 AND 26.6 <= bun <= 107 AND ca_no == 1,0.1
1,1,0.1,1.0,0,0,33,33,age >= 58.9 AND num_co == 1 AND charges <= 3.54e+05 AND totmcst <= 2.58e+05 AND 16.5 <= avtisst <= 53.5 AND aps <= 104 AND dementia == 0 AND dnrday <= 86.5 AND wblc <= 80 AND alb <= 11 AND 112 <= sod <= 156 AND 6.96 <= ph <= 7.43 AND glucose <= 540 AND urine_was_missing == 0 AND 1.1e+03 <= urine <= 3.44e+03 AND adlp_was_missing == 0 AND adlp == 5 AND adlsc <= 2.51 AND sex == 1 AND income_was_missing == 0 AND income == 2 AND dzgroup_CHF == 0 AND dzgroup_Coma == 0 AND dzgroup_Lung Cancer == 0 AND dzgroup_MOSF w/Malig == 0 AND race_black == 0 AND race_hispanic == 0 AND race_white == 1 AND ca_yes == 0 AND dnr_dnr after sadm == 1 AND dnr_no dnr == 0 AND 74 <= meanbp <= 152 AND glucose_was_missing == 0,0.1
0,1,0.1,1.0,0,0,23,23,race_other == 0 AND scoma <= 34.5 AND dzgroup_Colon Cancer == 1 AND race_black == 0 AND crea <= 9.62 AND dzgroup_COPD == 0 AND race_asian == 0 AND dnrday <= 110 AND dzgroup_CHF == 0 AND 35.8 <= temp <= 39.9 AND dzclass_Cancer == 1 AND 1.9 <= edu <= 20.9 AND totmcst <= 1.67e+05 AND bun <= 100 AND num_co == 1 AND totcst <= 1.86e+05 AND diabetes == 0 AND dementia == 0 AND adlp_was_missing == 0 AND income == 1 AND dzgroup_Coma == 0 AND charges <= 2.04e+05 AND race_hispanic == 1,0.1
0,1,0.1,1.0,0,0,17,17,urine <= 5.3e+03 AND dzgroup_Coma == 0 AND totcst <= 3.01e+05 AND avtisst <= 21.5 AND glucose_was_missing == 1 AND dzclass_Coma == 0 AND bun_was_missing == 1 AND bun <= 125 AND adlp_was_missing == 1 AND 45.3 <= meanbp <= 94.7 AND pafi <= 533 AND 7.09 <= ph <= 7.75 AND race_other == 0 AND 65.3 <= hrt <= 215 AND alb <= -1.63 AND dzgroup_COPD == 0 AND race_black == 0,0.1
1,1,0.1,1.0,0,0,19,19,dnrday <= 119 AND dementia == 0 AND bun <= 119 AND dnr_no dnr == 0 AND race_hispanic == 0 AND dzgroup_Colon Cancer == 0 AND crea <= 3.38 AND charges <= 5.18e+05 AND urine_was_missing == 0 AND dzclass_COPD/CHF/Cirrhosis == 0 AND dzclass_Cancer == 0 AND scoma >= 10.5 AND 56.8 <= pafi <= 391 AND adlp == 0 AND income_was_missing == 0 AND 1.92 <= sps <= 66.3 AND 111 <= sod <= 151 AND dzgroup_Coma == 0 AND dzgroup_Lung Cancer == 0,0.1
1,1,0.1,1.0,0,0,18,18,dementia == 0 AND dnr_no dnr == 0 AND race_hispanic == 0 AND dzgroup_Colon Cancer == 0 AND charges <= 5.18e+05 AND urine_was_missing == 0 AND dzclass_COPD/CHF/Cirrhosis == 0 AND dzclass_Cancer == 0 AND 56.8 <= pafi <= 391 AND adlp == 0 AND income_was_missing == 0 AND 1.92 <= sps <= 66.3 AND glucose <= 477 AND dzgroup_Coma == 0 AND dzgroup_Lung Cancer == 0 AND 81.8 <= age <= 98.3 AND dzgroup_COPD == 0 AND ca_no == 1,0.1
0,1,0.1,1.0,0,0,29,29,55.9 <= age <= 86.9 AND 5.33 <= edu <= 18.7 AND scoma <= 27 AND totmcst <= 1.73e+05 AND 8.14 <= aps <= 51.9 AND diabetes == 0 AND 11.6 <= dnrday <= 42.6 AND 67.7 <= meanbp <= 132 AND alb <= 8.06 AND glucose_was_missing == 1 AND glucose <= 350 AND urine_was_missing == 1 AND adlp_was_missing == 1 AND sex == 1 AND income_was_missing == 0 AND dzgroup_Cirrhosis == 0 AND dzgroup_Coma == 0 AND dzgroup_Lung Cancer == 0 AND dzclass_COPD/CHF/Cirrhosis == 1 AND race_asian == 0 AND race_hispanic == 0 AND ca_no == 0 AND ca_yes == 1 AND dnr_dnr before sadm == 0 AND dnr_no dnr == 0 AND dzclass_Coma == 0 AND adls == 0 AND bun <= 120 AND 210 <= urine <= 3.72e+03,0.1
1,1,0.1,1.0,0,0,18,18,pafi <= 524 AND avtisst >= 31.4 AND diabetes == 0 AND 30.8 <= aps <= 74.7 AND adlp == 0 AND alb <= 10.6 AND dzgroup_Coma == 0 AND 65.2 <= hrt <= 155 AND 33.1 <= temp <= 40 AND 124 <= sod <= 154 AND income == 0 AND dzgroup_MOSF w/Malig == 1 AND dzclass_Cancer == 0 AND ca_no == 0 AND ca_yes == 1 AND num_co == 2 AND crea <= 8.45 AND glucose_was_missing == 1,0.1
1,1,0.1,1.0,0,0,28,28,scoma <= 15 AND totmcst <= 1.34e+05 AND 25.3 <= aps <= 86.2 AND diabetes == 0 AND dementia == 0 AND dnrday <= 71.4 AND meanbp <= 115 AND pafi <= 260 AND alb <= 11.9 AND bili <= 39.3 AND glucose_was_missing == 1 AND adlp == 0 AND adls == 5 AND income_was_missing == 0 AND dzgroup_COPD == 0 AND dzgroup_Cirrhosis == 0 AND dzgroup_Colon Cancer == 0 AND dzgroup_Lung Cancer == 0 AND dzclass_Coma == 0 AND race_asian == 0 AND race_black == 0 AND race_other == 0 AND race_white == 1 AND dzclass_COPD/CHF/Cirrhosis == 0 AND dnr_dnr before sadm == 0 AND dnr_no dnr == 0 AND 34.8 <= temp <= 38.4 AND dnr_dnr after sadm == 1,0.1
0,1,0.1,1.0,0,0,23,23,dementia == 0 AND pafi <= 464 AND dzgroup_Cirrhosis == 0 AND race_white == 1 AND diabetes == 0 AND ca_yes == 0 AND income_was_missing == 0 AND dzgroup_Coma == 0 AND dzgroup_Lung Cancer == 0 AND adlp_was_missing == 0 AND 21.3 <= age <= 78.2 AND totmcst <= 2.23e+05 AND 18.1 <= sps <= 65.7 AND 39 <= aps <= 125 AND wblc <= 111 AND 1.46 <= crea <= 12.5 AND sod <= 157 AND glucose <= 357 AND adlp == 5 AND adls == 6 AND sex == 1 AND dzgroup_COPD == 0 AND dnr_no dnr == 0,0.1
1,1,0.1,1.0,0,0,15,15,dzgroup_COPD == 0 AND ca_yes == 0 AND dnr_no dnr == 0 AND 30.8 <= aps <= 77.2 AND 25.4 <= age <= 63.9 AND pafi <= 379 AND 32 <= meanbp <= 108 AND dementia == 0 AND adlp == 0 AND income_was_missing == 1 AND 33 <= temp <= 39.4 AND dzgroup_MOSF w/Malig == 0 AND totcst <= 1.49e+05 AND dzgroup_Cirrhosis == 0 AND dnr_dnr after sadm == 1,0.1
0,1,0.1,1.0,0,0,13,13,7.09 <= ph <= 7.64 AND race_other == 0 AND aps <= 46.8 AND dzgroup_Cirrhosis == 0 AND dzgroup_Lung Cancer == 0 AND dzclass_Coma == 0 AND avtisst <= 42.3 AND alb <= 12.2 AND bili <= 11.3 AND glucose <= 482 AND sex == 0 AND dnr_dnr after sadm == 0 AND dnr_no dnr == 0,0.1
0,1,0.1,1.0,0,0,25,25,dzgroup_Cirrhosis == 0 AND dnr_dnr after sadm == 0 AND dzgroup_Coma == 0 AND ca_yes == 0 AND 6.26 <= edu <= 26.7 AND 11.1 <= meanbp <= 169 AND urine_was_missing == 1 AND race_other == 0 AND dnr_no dnr == 1 AND scoma <= 34.5 AND sps <= 48 AND wblc <= 71.5 AND 7.11 <= ph <= 7.65 AND race_black == 0 AND ca_no == 0 AND dzgroup_Lung Cancer == 0 AND num_co == 1 AND totcst <= 8.4e+04 AND avtisst <= 28.4 AND diabetes == 0 AND dnr_dnr before sadm == 0 AND adls == 1 AND dzgroup_COPD == 0 AND dzclass_COPD/CHF/Cirrhosis == 0 AND race_white == 1,0.1
1,1,0.1,1.0,0,0,20,20,dzgroup_Cirrhosis == 0 AND dnr_no dnr == 0 AND totcst <= 2.31e+05 AND dementia == 0 AND adlp == 0 AND dzclass_Cancer == 0 AND dnr_dnr before sadm == 0 AND 45 <= age <= 73.7 AND dzgroup_MOSF w/Malig == 0 AND 118 <= sod <= 169 AND bun <= 113 AND dzgroup_Lung Cancer == 0 AND totmcst <= 2.74e+05 AND avtisst >= 31 AND 21.6 <= hrt <= 208 AND alb <= 11.2 AND adlp_was_missing == 1 AND dzgroup_CHF == 0 AND dzgroup_Colon Cancer == 0 AND 58.1 <= sps <= 98.7,0.1
0,1,0.1,1.0,0,0,18,18,bili <= 22.5 AND dzclass_Cancer == 0 AND 120 <= sod <= 144 AND charges <= 6.04e+05 AND avtisst <= 33.7 AND sex == 0 AND income == 1 AND dzgroup_MOSF w/Malig == 0 AND bun <= 143 AND income_was_missing == 1 AND scoma <= 17.5 AND totcst <= 2.55e+05 AND bun_was_missing == 0 AND dzgroup_COPD == 0 AND race_black == 0 AND race_hispanic == 0 AND 7.17 <= ph <= 7.71 AND adlp == 3,0.1
0,1,0.1,1.0,0,0,19,19,avtisst <= 24.4 AND 5.63 <= crea <= 7.28 AND race_other == 0 AND dzgroup_Cirrhosis == 0 AND adlsc <= 2.05 AND aps <= 45.6 AND dnrday <= 78.7 AND wblc <= 42.9 AND income_was_missing == 1 AND dzgroup_MOSF w/Malig == 0 AND dzclass_Coma == 0 AND income == 1 AND dementia == 0 AND 54.8 <= hrt <= 189 AND dzgroup_Colon Cancer == 0 AND dzgroup_Coma == 0 AND race_asian == 0 AND 67.8 <= meanbp <= 134 AND adlp == 3,0.1
1,1,0.1,1.0,0,0,23,23,21.7 <= avtisst <= 43.3 AND diabetes == 0 AND glucose_was_missing == 0 AND glucose <= 492 AND bun_was_missing == 0 AND urine_was_missing == 1 AND adlp_was_missing == 1 AND adlp == 0 AND income == 1 AND dzgroup_CHF == 0 AND dzgroup_COPD == 1 AND dzclass_Cancer == 0 AND race_black == 0 AND race_white == 1 AND ca_no == 1 AND ca_yes == 0 AND dnr_dnr before sadm == 0 AND dnr_no dnr == 0 AND dementia == 0 AND dzgroup_Cirrhosis == 0 AND dzclass_Coma == 0 AND race_hispanic == 0 AND totcst <= 1.26e+05,0.1
1,1,0.1,1.0,0,0,18,18,dzgroup_COPD == 0 AND dzgroup_Cirrhosis == 0 AND dzgroup_Lung Cancer == 0 AND dzclass_COPD/CHF/Cirrhosis == 0 AND dzclass_Cancer == 0 AND race_black == 0 AND race_hispanic == 0 AND dzgroup_MOSF w/Malig == 0 AND scoma >= 52.5 AND bun <= 81.3 AND dnrday <= 101 AND bun_was_missing == 1 AND dzgroup_Coma == 0 AND race_white == 1 AND dnr_no dnr == 1 AND adlp == 0 AND diabetes == 1 AND avtisst >= 55.9,0.1
0,1,0.1,1.0,0,0,15,15,race_other == 0 AND dnr_dnr after sadm == 0 AND 1.7e+05 <= totmcst <= 2.62e+05 AND scoma <= 34.5 AND dzgroup_Cirrhosis == 0 AND avtisst <= 23.3 AND dnrday <= 114 AND wblc <= 69.8 AND race_asian == 0 AND sex == 1 AND aps <= 46.8 AND 7.9 <= meanbp <= 118 AND race_black == 0 AND dnr_dnr before sadm == 0 AND race_white == 1,0.1
1,1,0.1,1.0,0,0,21,21,dnr_dnr before sadm == 0 AND dnr_dnr after sadm == 1 AND bun <= 99.7 AND bun_was_missing == 1 AND 7.47 <= edu <= 18.1 AND sps <= 57.9 AND meanbp <= 140 AND 570 <= urine <= 3.45e+03 AND 118 <= hrt <= 242 AND 10.5 <= resp <= 61.5 AND 118 <= sod <= 156 AND num_co == 2 AND 40.2 <= age <= 89.6 AND adlp_was_missing == 1 AND adls == 5 AND dzgroup_Lung Cancer == 0 AND dzgroup_MOSF w/Malig == 1 AND race_white == 1 AND ca_no == 0 AND pafi <= 263 AND sex == 1,0.1
1,1,0.1,1.0,0,0,16,16,aps <= 118 AND dzgroup_COPD == 0 AND adlp == 0 AND dzclass_Cancer == 0 AND race_asian == 0 AND dnrday <= 49.6 AND dementia == 0 AND pafi <= 524 AND dnr_no dnr == 0 AND dzgroup_Cirrhosis == 1 AND totcst <= 1.25e+05 AND 11.4 <= meanbp <= 103 AND glucose_was_missing == 0 AND 27 <= scoma <= 55 AND 18.8 <= resp <= 45.2 AND dzgroup_CHF == 0,0.1
0,1,0.1,1.0,0,0,20,20,dzclass_Coma == 0 AND dnr_dnr after sadm == 0 AND 36.4 <= hrt <= 141 AND dzgroup_Cirrhosis == 0 AND wblc <= 42.3 AND 0.134 <= bili <= 21.7 AND aps <= 46.8 AND edu <= 26.7 AND scoma <= 34.5 AND dementia == 0 AND glucose_was_missing == 0 AND dzgroup_Coma == 0 AND race_hispanic == 0 AND 133 <= sod <= 157 AND urine <= 3.68e+03 AND totcst <= 2.17e+05 AND dnr_dnr before sadm == 1 AND ph <= 7.31 AND glucose <= 294 AND income_was_missing == 0,0.1
0,1,0.1,1.0,0,0,24,24,dnr_dnr after sadm == 0 AND totmcst <= 2.97e+05 AND glucose_was_missing == 0 AND avtisst <= 42.8 AND race_asian == 0 AND dnr_dnr before sadm == 0 AND 7.11 <= ph <= 7.73 AND race_black == 1 AND race_white == 0 AND dnr_no dnr == 1 AND age >= 43.4 AND 31.5 <= meanbp <= 169 AND hrt <= 162 AND 11.6 <= resp <= 72.4 AND crea <= 5.27 AND bun <= 113 AND income == 1 AND dzgroup_Coma == 0 AND ca_yes == 0 AND alb <= 7.13 AND sex == 0 AND dnrday <= 84.7 AND adlp_was_missing == 1 AND dzgroup_Colon Cancer == 0,0.1
0,1,0.1,1.0,0,0,17,17,aps <= 118 AND dzgroup_COPD == 0 AND adlp == 0 AND dzclass_Cancer == 0 AND race_asian == 0 AND dnrday <= 49.6 AND hrt >= 72.9 AND dementia == 0 AND pafi <= 524 AND bun <= 119 AND dnr_no dnr == 0 AND avtisst >= 23.5 AND race_hispanic == 0 AND dzgroup_Cirrhosis == 1 AND adls == 0 AND dzclass_Coma == 0 AND race_other == 1,0.1
0,1,0.1,1.0,0,0,24,24,34.7 <= age <= 61.5 AND num_co == 2 AND charges <= 2.11e+05 AND totmcst <= 2.55e+05 AND avtisst <= 33.1 AND dementia == 0 AND hrt <= 152 AND 4.6 <= resp <= 35.4 AND pafi <= 464 AND alb <= 8.26 AND crea <= 5.7 AND glucose_was_missing == 1 AND 660 <= urine <= 3.27e+03 AND adlp_was_missing == 0 AND income_was_missing == 0 AND income == 1 AND dzgroup_COPD == 0 AND dzgroup_Cirrhosis == 1 AND dzgroup_Lung Cancer == 0 AND dzgroup_MOSF w/Malig == 0 AND race_asian == 0 AND race_other == 0 AND ca_yes == 0 AND dnr_dnr before sadm == 0,0.1
0,1,0.1,1.0,0,0,29,29,49.6 <= age <= 83.1 AND totcst <= 2.33e+05 AND sps <= 54.8 AND dementia == 0 AND 40.3 <= meanbp <= 91.7 AND 60.8 <= hrt <= 195 AND resp <= 61 AND pafi <= 483 AND alb <= 10.4 AND bili <= 9.62 AND 117 <= sod <= 159 AND bun_was_missing == 1 AND bun <= 84.3 AND urine_was_missing == 1 AND adlp_was_missing == 0 AND adlp == 1 AND adls == 3 AND sex == 1 AND dzgroup_CHF == 0 AND dzgroup_Cirrhosis == 0 AND dzgroup_Coma == 0 AND race_asian == 0 AND race_black == 0 AND race_other == 0 AND race_white == 1 AND dnr_dnr after sadm == 1 AND dnr_dnr before sadm == 0 AND dnr_no dnr == 0 AND dzgroup_COPD == 1,0.1
1,1,0.1,1.0,0,0,29,29,59.2 <= age <= 83.1 AND totcst <= 2.33e+05 AND sps <= 54.8 AND 40.3 <= meanbp <= 91.7 AND 60.8 <= hrt <= 195 AND resp <= 61 AND pafi <= 483 AND alb <= 10.4 AND bili <= 9.62 AND 117 <= sod <= 159 AND bun_was_missing == 1 AND bun <= 84.3 AND urine_was_missing == 1 AND adlp_was_missing == 0 AND adlp == 1 AND adls == 3 AND sex == 1 AND dzgroup_CHF == 0 AND dzgroup_Cirrhosis == 0 AND dzgroup_Coma == 0 AND race_asian == 0 AND race_black == 0 AND race_other == 0 AND race_white == 1 AND dnr_dnr after sadm == 1 AND dnr_dnr before sadm == 0 AND dnr_no dnr == 0 AND wblc <= 57.1 AND dzclass_COPD/CHF/Cirrhosis == 1,0.1
0,1,0.1,1.0,0,0,21,21,num_co == 2 AND charges <= 5.37e+05 AND totcst <= 1.15e+05 AND avtisst <= 46.6 AND 3.83 <= dnrday <= 92.2 AND meanbp <= 112 AND wblc <= 55.1 AND 44.4 <= hrt <= 224 AND glucose <= -4.83 AND adlp_was_missing == 1 AND income_was_missing == 0 AND dzgroup_CHF == 0 AND dzgroup_Coma == 0 AND dzgroup_MOSF w/Malig == 1 AND dzclass_Coma == 0 AND race_black == 0 AND race_white == 1 AND dnr_dnr after sadm == 0 AND dnr_no dnr == 1 AND edu <= 22.4 AND race_other == 0,0.1
1,1,0.1,1.0,0,0,29,29,crea <= 6.12 AND bun <= 103 AND dzgroup_Colon Cancer == 0 AND dzclass_Cancer == 0 AND dementia == 0 AND dzgroup_COPD == 0 AND dzgroup_MOSF w/Malig == 0 AND dnr_dnr before sadm == 0 AND dnr_no dnr == 0 AND 7.5 <= edu <= 19.9 AND adlp_was_missing == 1 AND totmcst <= 2.74e+05 AND totcst <= 2.67e+05 AND race_asian == 0 AND avtisst >= 31 AND dnrday <= 71.1 AND dzclass_Coma == 0 AND ca_yes == 0 AND adlp == 0 AND dzgroup_Cirrhosis == 0 AND urine <= 4.94e+03 AND 25.5 <= meanbp <= 80.5 AND ca_no == 1 AND adlsc <= 1.91 AND race_hispanic == 0 AND income_was_missing == 1 AND dzclass_COPD/CHF/Cirrhosis == 0 AND age <= 68.2 AND dzgroup_CHF == 0,0.1
1,1,0.1,1.0,0,0,23,23,dementia == 0 AND adlp == 0 AND sex == 0 AND glucose <= 33 AND dzclass_Coma == 0 AND dnr_dnr after sadm == 1 AND dzgroup_Cirrhosis == 0 AND 30.5 <= aps <= 109 AND charges <= 7.56e+05 AND ca_yes == 1 AND 45 <= age <= 81.9 AND diabetes == 0 AND alb <= 10.6 AND race_asian == 0 AND 51.7 <= meanbp <= 192 AND 93.9 <= hrt <= 166 AND crea <= 4.61 AND 7.35 <= ph <= 7.65 AND 165 <= urine <= 7.71e+03 AND dzgroup_Lung Cancer == 0 AND race_hispanic == 0 AND dnr_no dnr == 0 AND income == 2,0.1
0,1,0.1,1.0,0,0,20,19,glucose_was_missing == 1 AND dzclass_Cancer == 1 AND dnr_dnr after sadm == 0 AND dnr_dnr before sadm == 0 AND adlp == 0 AND resp <= 47.4 AND charges <= 3.45e+05 AND sps <= 60.7 AND aps <= 46.8 AND dzclass_COPD/CHF/Cirrhosis == 0 AND dzgroup_Lung Cancer == 1 AND race_asian == 0 AND wblc <= 71.5 AND bili <= 12.2 AND income == 3 AND dzgroup_COPD == 0 AND dzgroup_Cirrhosis == 0 AND dzgroup_MOSF w/Malig == 0 AND dnr_no dnr == 1,0.1
1,1,0.1,1.0,0,0,26,26,dzgroup_Cirrhosis == 0 AND dzclass_Coma == 0 AND race_hispanic == 0 AND dnr_dnr after sadm == 1 AND avtisst >= 31 AND urine <= 4.94e+03 AND dzclass_Cancer == 0 AND dnr_dnr before sadm == 0 AND ca_yes == 0 AND 25.1 <= age <= 73.7 AND 118 <= sod <= 156 AND adlp == 0 AND dzgroup_MOSF w/Malig == 0 AND charges <= 4.02e+05 AND totcst <= 2.31e+05 AND dnrday <= 71.1 AND alb <= 11.2 AND adlp_was_missing == 1 AND dzgroup_COPD == 0 AND race_asian == 0 AND bun_was_missing == 1 AND 41.4 <= bun <= 103 AND dzgroup_CHF == 0 AND dzgroup_Lung Cancer == 0 AND race_black == 0 AND ca_no == 1,0.1
0,1,0.1,1.0,0,0,19,19,dementia == 0 AND urine <= 3.94e+03 AND adlp_was_missing == 0 AND dzgroup_Coma == 0 AND race_asian == 0 AND race_other == 0 AND dnr_dnr after sadm == 0 AND bili <= 21.7 AND glucose_was_missing == 0 AND dzgroup_Colon Cancer == 0 AND race_white == 0 AND ca_no == 1 AND diabetes == 0 AND 113 <= sod <= 149 AND bun_was_missing == 0 AND dzgroup_Cirrhosis == 0 AND dnr_dnr before sadm == 0 AND aps <= 70.7 AND 117 <= meanbp <= 183,0.1
0,1,0.1,1.0,0,0,18,18,avtisst <= 23.3 AND alb <= 9.58 AND race_other == 0 AND wblc <= 72.2 AND meanbp <= 161 AND ca_yes == 0 AND 37.4 <= hrt <= 202 AND dzgroup_Coma == 0 AND dzgroup_COPD == 0 AND totmcst <= 2.62e+05 AND race_asian == 0 AND dnr_dnr after sadm == 0 AND resp <= 48.6 AND dzgroup_MOSF w/Malig == 1 AND diabetes == 0 AND urine <= 5.16e+03 AND income_was_missing == 0 AND dzgroup_Lung Cancer == 0,0.1
0,1,0.1,1.0,0,0,19,19,dnr_dnr after sadm == 0 AND dzgroup_Coma == 0 AND bun <= 67.8 AND 25.3 <= hrt <= 217 AND dzgroup_CHF == 0 AND adls == 4 AND race_asian == 0 AND race_black == 0 AND dnr_dnr before sadm == 0 AND 45.8 <= age <= 86 AND scoma <= 34.5 AND dementia == 0 AND dnrday <= 114 AND bili <= 23.2 AND 7.11 <= ph <= 7.73 AND sex == 1 AND dzgroup_Cirrhosis == 0 AND avtisst <= 46.7 AND dzgroup_MOSF w/Malig == 1,0.1
0,1,0.1,1.0,0,0,20,20,dzgroup_Cirrhosis == 0 AND income_was_missing == 1 AND ca_no == 1 AND dnr_dnr after sadm == 0 AND avtisst <= 20.4 AND dzgroup_MOSF w/Malig == 0 AND totcst <= 1.39e+05 AND diabetes == 0 AND crea <= 5.27 AND 345 <= urine <= 3.58e+03 AND adlp == 0 AND dzgroup_CHF == 1 AND dzclass_Coma == 0 AND aps <= 46.8 AND 7.9 <= meanbp <= 118 AND wblc <= 69.8 AND race_black == 0 AND race_other == 0 AND num_co == 5 AND dzgroup_Colon Cancer == 0,0.1
1,1,0.1,1.0,0,0,17,17,dzclass_Coma == 0 AND race_hispanic == 0 AND dnr_no dnr == 0 AND totcst <= 1.97e+05 AND dementia == 0 AND adlp == 0 AND dzclass_Cancer == 0 AND dnr_dnr before sadm == 0 AND dzgroup_Colon Cancer == 0 AND 23.6 <= meanbp <= 84.4 AND 25.1 <= age <= 81.9 AND bun_was_missing == 1 AND race_asian == 0 AND race_black == 0 AND ca_no == 1 AND ca_yes == 0 AND wblc <= 70.3,0.1
0,1,0.1,1.0,0,0,17,17,dzclass_Cancer == 1 AND dnr_dnr after sadm == 0 AND scoma <= 34.5 AND race_other == 0 AND 46.8 <= aps <= 55.7 AND race_black == 0 AND pafi <= 354 AND race_white == 1 AND diabetes == 0 AND 35.8 <= temp <= 39.9 AND urine <= 4.3e+03 AND 6.2 <= meanbp <= 118 AND adlsc <= 1.58 AND dzgroup_Colon Cancer == 0 AND dzclass_COPD/CHF/Cirrhosis == 0 AND dzclass_Coma == 0 AND income_was_missing == 0,0.1
0,1,0.1,1.0,0,0,20,20,scoma <= 34.5 AND race_white == 1 AND dnr_dnr after sadm == 0 AND avtisst <= 37.3 AND adlp_was_missing == 1 AND alb <= -1.47 AND dnr_dnr before sadm == 0 AND 1.3 <= adlsc <= 4.13 AND dzgroup_Coma == 0 AND 25.8 <= age <= 56.8 AND bili <= 28.5 AND adls == 1 AND income_was_missing == 1 AND dzgroup_Lung Cancer == 0 AND race_hispanic == 0 AND 7.3 <= ph <= 7.54 AND sex == 0 AND 33.2 <= meanbp <= 157 AND glucose_was_missing == 1 AND bun <= 84.3,0.1
1,1,0.1,1.0,0,0,35,35,num_co == 3 AND 2.39 <= edu <= 21.6 AND totcst <= 2.22e+05 AND totmcst <= 2.18e+05 AND 9.99 <= avtisst <= 30 AND dnrday <= 90.1 AND wblc <= 85.4 AND hrt >= 106 AND resp <= 30.7 AND 37.5 <= temp <= 40 AND pafi <= 507 AND alb <= 13.8 AND crea <= 6.6 AND 128 <= sod <= 154 AND 7.2 <= ph <= 7.64 AND glucose <= 530 AND bun_was_missing == 0 AND 30.2 <= bun <= 144 AND urine_was_missing == 0 AND adlsc <= 0.955 AND sex == 1 AND income == 0 AND dzgroup_CHF == 0 AND dzgroup_Colon Cancer == 0 AND dzgroup_MOSF w/Malig == 0 AND dzclass_COPD/CHF/Cirrhosis == 1 AND dzclass_Coma == 0 AND race_asian == 0 AND race_hispanic == 0 AND race_other == 0 AND ca_no == 1 AND dnr_dnr after sadm == 0 AND dnr_no dnr == 1 AND adlp_was_missing == 1 AND adlp == 0,0.1
1,1,0.1,1.0,0,0,33,33,num_co == 3 AND 2.39 <= edu <= 21.6 AND totcst <= 2.22e+05 AND totmcst <= 2.18e+05 AND 9.99 <= avtisst <= 30 AND dnrday <= 90.1 AND wblc <= 85.4 AND hrt >= 106 AND resp <= 30.7 AND 37.5 <= temp <= 40 AND pafi <= 507 AND alb <= 13.8 AND crea <= 6.6 AND 128 <= sod <= 154 AND 7.2 <= ph <= 7.64 AND glucose <= 530 AND bun_was_missing == 0 AND 30.2 <= bun <= 144 AND urine_was_missing == 0 AND adlsc <= 0.955 AND sex == 1 AND income == 0 AND dzgroup_CHF == 0 AND dzgroup_Colon Cancer == 0 AND dzgroup_MOSF w/Malig == 0 AND dzclass_COPD/CHF/Cirrhosis == 1 AND dzclass_Coma == 0 AND race_hispanic == 0 AND race_other == 0 AND ca_no == 1 AND dnr_dnr after sadm == 0 AND dnr_no dnr == 1 AND dzgroup_Coma == 0,0.1
1,1,0.1,1.0,0,0,14,14,avtisst >= 23.5 AND race_hispanic == 0 AND dnr_dnr after sadm == 1 AND adlp == 0 AND 2.11 <= adlsc <= 6.78 AND dzclass_Coma == 0 AND dnr_dnr before sadm == 0 AND dnr_no dnr == 0 AND dzclass_Cancer == 0 AND urine_was_missing == 0 AND dzgroup_COPD == 0 AND 51.8 <= aps <= 122 AND crea <= 8.48 AND 7.29 <= ph <= 7.53,0.1
0,1,0.1,1.0,0,0,16,16,dnrday <= 85.4 AND resp <= 53.9 AND alb <= 11 AND crea <= 3.67 AND 127 <= sod <= 161 AND dzgroup_Cirrhosis == 1 AND dzgroup_Coma == 0 AND dzclass_COPD/CHF/Cirrhosis == 1 AND dzclass_Cancer == 0 AND race_white == 0 AND totcst <= 9.77e+04 AND 113 <= pafi <= 335 AND bun_was_missing == 0 AND race_other == 0 AND num_co == 6 AND urine_was_missing == 0,0.1
0,1,0.1,1.0,0,0,37,37,55.9 <= age <= 86.9 AND 5.33 <= edu <= 18.7 AND scoma <= 27 AND totcst <= 2.15e+05 AND totmcst <= 1.73e+05 AND 8.14 <= aps <= 51.9 AND diabetes == 0 AND dementia == 0 AND 67.7 <= meanbp <= 132 AND wblc <= 50.3 AND 45.2 <= hrt <= 155 AND 33.7 <= temp <= 38.5 AND 33.5 <= pafi <= 677 AND alb <= 8.06 AND 117 <= sod <= 165 AND 7.14 <= ph <= 7.7 AND glucose_was_missing == 1 AND glucose <= 350 AND urine_was_missing == 1 AND adlp_was_missing == 1 AND adls == 0 AND sex == 1 AND income_was_missing == 0 AND dzgroup_Cirrhosis == 0 AND dzgroup_Coma == 0 AND dzgroup_Lung Cancer == 0 AND dzclass_COPD/CHF/Cirrhosis == 1 AND race_asian == 0 AND race_hispanic == 0 AND ca_no == 0 AND ca_yes == 1 AND dnr_dnr before sadm == 0 AND dnr_no dnr == 0 AND dzclass_Coma == 0 AND num_co == 5 AND charges <= 2.62e+05 AND adlsc <= 2.16,0.1
0,1,0.1,1.0,0,0,31,31,age >= 73.6 AND num_co == 1 AND 6.88 <= edu <= 17.1 AND scoma <= 24.5 AND 3.31 <= sps <= 63.7 AND 32 <= aps <= 94 AND dementia == 0 AND 21.6 <= meanbp <= 84.3 AND 21.5 <= resp <= 50.5 AND 32.1 <= temp <= 39.1 AND bili <= 24.1 AND 0.703 <= crea <= 13.7 AND 7.05 <= ph <= 7.61 AND bun_was_missing == 1 AND urine_was_missing == 1 AND urine <= 3.99e+03 AND adlp == 4 AND adls == 1 AND 0.884 <= adlsc <= 5.48 AND income_was_missing == 0 AND dzgroup_CHF == 0 AND dzgroup_COPD == 0 AND dzgroup_Coma == 0 AND dzgroup_MOSF w/Malig == 0 AND dzclass_Coma == 0 AND race_black == 0 AND ca_no == 1 AND dnr_dnr after sadm == 0 AND dnr_dnr before sadm == 1 AND dnr_no dnr == 0 AND dzgroup_Lung Cancer == 0,0.1
0,1,0.1,1.0,0,0,31,31,age >= 73.6 AND num_co == 1 AND 6.88 <= edu <= 17.1 AND scoma <= 24.5 AND 3.31 <= sps <= 63.7 AND 32 <= aps <= 94 AND dementia == 0 AND 21.6 <= meanbp <= 84.3 AND 21.5 <= resp <= 50.5 AND 32.1 <= temp <= 39.1 AND bili <= 24.1 AND 0.703 <= crea <= 13.7 AND 7.05 <= ph <= 7.61 AND bun_was_missing == 1 AND urine_was_missing == 1 AND urine <= 3.99e+03 AND adlp == 4 AND adls == 1 AND 0.884 <= adlsc <= 5.48 AND income_was_missing == 0 AND dzgroup_CHF == 0 AND dzgroup_COPD == 0 AND dzgroup_Coma == 0 AND dzgroup_MOSF w/Malig == 0 AND dzclass_Coma == 0 AND race_black == 0 AND ca_no == 1 AND dnr_dnr after sadm == 0 AND dnr_dnr before sadm == 1 AND dnr_no dnr == 0 AND dnrday <= 78.8,0.1
1,1,0.1,1.0,0,0,26,26,num_co == 3 AND 4.88 <= edu <= 15.1 AND scoma <= 59 AND diabetes == 0 AND dementia == 0 AND 20.9 <= meanbp <= 95.1 AND wblc <= 78.5 AND 95.3 <= hrt <= 235 AND 35.7 <= temp <= 41.4 AND pafi <= 415 AND 4.61 <= bili <= 21.6 AND ph >= 7.36 AND glucose <= 467 AND adlp_was_missing == 1 AND adlp == 0 AND 3.05 <= adlsc <= 6.95 AND dzgroup_MOSF w/Malig == 0 AND dzclass_COPD/CHF/Cirrhosis == 0 AND race_asian == 0 AND race_black == 0 AND race_other == 0 AND race_white == 1 AND dnr_dnr after sadm == 1 AND dnr_no dnr == 0 AND dzgroup_CHF == 0 AND dzclass_Cancer == 0,0.1
1,1,0.1,1.0,0,0,33,33,53.7 <= age <= 95.5 AND 6.11 <= edu <= 17.9 AND charges <= 2.31e+05 AND totmcst <= 2.69e+05 AND 2.88 <= sps <= 38.5 AND diabetes == 0 AND wblc <= 85 AND alb <= 10.6 AND 9.93 <= bili <= 38.9 AND 129 <= sod <= 161 AND 7.15 <= ph <= 7.77 AND 37.4 <= glucose <= 721 AND 16.3 <= bun <= 226 AND urine_was_missing == 0 AND adlp_was_missing == 0 AND adls == 2 AND sex == 0 AND income_was_missing == 0 AND income == 0 AND dzgroup_CHF == 0 AND dzgroup_COPD == 1 AND dzgroup_Colon Cancer == 0 AND dzgroup_Coma == 0 AND dzgroup_Lung Cancer == 0 AND dzgroup_MOSF w/Malig == 0 AND dzclass_Cancer == 0 AND dzclass_Coma == 0 AND race_asian == 0 AND race_hispanic == 0 AND race_other == 0 AND race_white == 1 AND ca_yes == 0 AND dnr_dnr after sadm == 1,0.1
1,1,0.1,1.0,0,0,36,36,53.7 <= age <= 95.5 AND 6.11 <= edu <= 17.9 AND charges <= 2.31e+05 AND totmcst <= 2.69e+05 AND 2.88 <= sps <= 38.5 AND diabetes == 0 AND wblc <= 85 AND alb <= 10.6 AND 9.93 <= bili <= 38.9 AND crea <= 5.83 AND 129 <= sod <= 161 AND 7.15 <= ph <= 7.77 AND 37.4 <= glucose <= 721 AND bun >= 16.3 AND urine_was_missing == 0 AND adlp_was_missing == 0 AND adls == 2 AND sex == 0 AND income_was_missing == 0 AND income == 0 AND dzgroup_CHF == 0 AND dzgroup_COPD == 1 AND dzgroup_Colon Cancer == 0 AND dzgroup_Coma == 0 AND dzgroup_MOSF w/Malig == 0 AND dzclass_Cancer == 0 AND dzclass_Coma == 0 AND race_asian == 0 AND race_other == 0 AND race_white == 1 AND ca_no == 1 AND ca_yes == 0 AND dnr_dnr after sadm == 1 AND scoma <= 22 AND dnrday <= 47.8 AND temp >= 34.4,0.1
1,1,0.1,1.0,0,0,28,28,27.7 <= age <= 88.8 AND charges <= 5.09e+05 AND 2.86 <= aps <= 69.1 AND bun <= 110 AND 935 <= urine <= 6.42e+03 AND adlp_was_missing == 1 AND adlp == 0 AND adls == 3 AND 1.51 <= adlsc <= 4.49 AND income == 0 AND dzgroup_CHF == 0 AND dzgroup_Colon Cancer == 0 AND dzgroup_Coma == 0 AND dzgroup_Lung Cancer == 0 AND dzclass_COPD/CHF/Cirrhosis == 0 AND dzclass_Cancer == 0 AND race_black == 0 AND ca_yes == 0 AND dnr_dnr after sadm == 1 AND 23.5 <= avtisst <= 60 AND diabetes == 1 AND dementia == 0 AND pafi <= 368 AND race_hispanic == 0 AND dnr_dnr before sadm == 0 AND dnr_no dnr == 0 AND dnrday <= 135 AND 7.84 <= resp <= 42.2,0.1
0,1,0.1,1.0,0,0,21,21,dzgroup_COPD == 0 AND race_other == 0 AND alb <= -0.145 AND bili <= 23 AND meanbp >= 42.8 AND dzgroup_Coma == 0 AND scoma <= 14.5 AND glucose_was_missing == 0 AND race_hispanic == 0 AND num_co == 4 AND ca_yes == 0 AND totcst <= 9.77e+04 AND totmcst <= 2.37e+05 AND wblc <= 88.1 AND 54.8 <= hrt <= 140 AND resp <= 47.4 AND urine_was_missing == 0 AND adlp_was_missing == 0 AND dzgroup_MOSF w/Malig == 0 AND dnr_dnr after sadm == 0 AND dzgroup_Colon Cancer == 0,0.1
0,1,0.1,1.0,0,0,29,29,31.6 <= age <= 53.4 AND num_co == 2 AND 2.23 <= edu <= 21.8 AND scoma <= 17.5 AND totmcst <= 1.73e+05 AND 22.4 <= aps <= 67.6 AND 46.2 <= meanbp <= 168 AND 98.9 <= hrt <= 181 AND 33.3 <= temp <= 38.9 AND bili <= 13.8 AND 7.28 <= ph <= 7.7 AND glucose_was_missing == 1 AND 615 <= urine <= 3.32e+03 AND adlp_was_missing == 0 AND adlp == 2 AND income_was_missing == 0 AND income == 2 AND dzgroup_CHF == 0 AND dzgroup_Coma == 0 AND dzgroup_Lung Cancer == 1 AND dzclass_Coma == 0 AND race_asian == 0 AND race_black == 0 AND race_hispanic == 0 AND race_other == 0 AND race_white == 1 AND ca_yes == 0 AND dnr_no dnr == 0 AND dzgroup_Cirrhosis == 0,0.1
0,1,0.1,1.0,0,0,20,20,dnr_no dnr == 1 AND adlsc <= 1.13 AND dnr_dnr before sadm == 0 AND avtisst <= 41.8 AND diabetes == 1 AND crea <= 7.64 AND dzgroup_Lung Cancer == 0 AND dzclass_Coma == 0 AND race_asian == 0 AND 30.5 <= hrt <= 141 AND bun_was_missing == 0 AND 985 <= urine <= 5.3e+03 AND race_black == 1 AND totcst <= 2.11e+05 AND sps <= 48.1 AND pafi <= 512 AND bili <= 19.8 AND race_hispanic == 0 AND race_other == 0 AND dnr_dnr after sadm == 0,0.1
0,1,0.1,1.0,0,0,26,26,dnr_dnr after sadm == 0 AND income_was_missing == 0 AND dzgroup_Coma == 0 AND dzgroup_Colon Cancer == 0 AND race_white == 1 AND dzclass_COPD/CHF/Cirrhosis == 0 AND adlsc <= 2.58 AND race_other == 0 AND scoma <= 34.5 AND charges <= 4.09e+05 AND 34.9 <= temp <= 38.8 AND 46.1 <= age <= 88 AND 3.94 <= edu <= 20.1 AND resp <= 48.6 AND sod <= 152 AND adlp == 2 AND sex == 0 AND dzgroup_CHF == 0 AND dzgroup_COPD == 0 AND dzgroup_Cirrhosis == 0 AND dzgroup_Lung Cancer == 0 AND dzclass_Cancer == 0 AND ca_no == 0 AND dnr_dnr before sadm == 0 AND dnr_no dnr == 1 AND adlp_was_missing == 0,0.1
0,1,0.1,1.0,0,0,18,18,charges <= 5e+05 AND urine_was_missing == 1 AND race_hispanic == 0 AND adlp_was_missing == 0 AND dzgroup_Cirrhosis == 0 AND sex == 0 AND dzgroup_Coma == 0 AND dzclass_Cancer == 0 AND dnrday <= 49.6 AND wblc <= 69.8 AND dzgroup_Colon Cancer == 0 AND race_asian == 0 AND race_other == 0 AND 5.76 <= resp <= 46.2 AND bun <= 125 AND adlp == 0 AND dzclass_COPD/CHF/Cirrhosis == 1 AND adls == 1,0.1
0,1,0.1,1.0,0,0,15,15,race_hispanic == 0 AND scoma <= 34.5 AND dzgroup_Coma == 0 AND 64.1 <= hrt <= 162 AND dnrday <= 113 AND dzgroup_Cirrhosis == 0 AND 7.09 <= ph <= 7.75 AND glucose_was_missing == 0 AND 435 <= urine <= 3.5e+03 AND adlp_was_missing == 0 AND income_was_missing == 0 AND income == 1 AND dzgroup_Lung Cancer == 0 AND alb <= 6.59 AND dnr_dnr before sadm == 1,0.1
1,1,0.1,1.0,0,0,26,26,num_co == 1 AND 5.96 <= edu <= 18 AND 10.5 <= scoma <= 41.5 AND totmcst <= 1.98e+05 AND 30.2 <= avtisst <= 53.3 AND 12.6 <= meanbp <= 113 AND resp <= 29.4 AND 88.2 <= pafi <= 380 AND alb <= 13.3 AND bili <= 10.8 AND 1.59 <= crea <= 11.6 AND urine_was_missing == 1 AND income_was_missing == 1 AND income == 1 AND dzgroup_CHF == 0 AND dzgroup_COPD == 0 AND dzgroup_Cirrhosis == 0 AND dzgroup_Colon Cancer == 0 AND dzgroup_Coma == 0 AND dzclass_COPD/CHF/Cirrhosis == 0 AND dzclass_Cancer == 0 AND dzclass_Coma == 0 AND race_other == 0 AND ca_no == 0 AND ca_yes == 1 AND glucose <= 492,0.1
0,1,0.1,1.0,0,0,21,21,scoma <= 34.5 AND race_white == 1 AND dnr_dnr after sadm == 0 AND avtisst <= 37.3 AND adlp_was_missing == 1 AND alb <= 8.94 AND dnr_dnr before sadm == 0 AND 1.3 <= adlsc <= 4.13 AND dzgroup_Coma == 0 AND 25.8 <= age <= 56.8 AND bili <= 28.5 AND income_was_missing == 1 AND dzgroup_Lung Cancer == 0 AND race_hispanic == 0 AND 7.3 <= ph <= 7.54 AND sex == 0 AND num_co == 2 AND dementia == 0 AND wblc <= 54.1 AND 425 <= pafi <= 647 AND glucose <= 368,0.1
0,1,0.1,1.0,0,0,15,15,bun_was_missing == 0 AND adlp == 0 AND dzgroup_Coma == 0 AND income_was_missing == 1 AND race_other == 0 AND ca_yes == 0 AND bun <= 113 AND dnr_dnr after sadm == 0 AND scoma <= 22.5 AND crea <= 9.15 AND 7.13 <= ph <= 7.71 AND adlsc <= 3.98 AND dzclass_COPD/CHF/Cirrhosis == 1 AND race_hispanic == 0 AND dzgroup_Colon Cancer == 0,0.1
0,1,0.1,1.0,0,0,26,26,64.7 <= age <= 101 AND num_co == 2 AND charges <= 4.76e+05 AND totmcst <= 1.23e+05 AND avtisst <= 44.4 AND diabetes == 0 AND dementia == 0 AND 47.3 <= meanbp <= 98.7 AND wblc <= 40.8 AND pafi <= 444 AND alb <= 12 AND bili <= 16.6 AND 7.15 <= ph <= 7.59 AND bun_was_missing == 0 AND urine_was_missing == 0 AND 230 <= urine <= 4.37e+03 AND income == 1 AND dzgroup_CHF == 1 AND dzclass_COPD/CHF/Cirrhosis == 1 AND race_black == 0 AND race_other == 0 AND ca_yes == 0 AND dnr_dnr after sadm == 0 AND dnr_dnr before sadm == 1 AND totcst <= 2.36e+05 AND adlp == 0,0.1
1,1,0.1,1.0,0,0,22,22,dzgroup_COPD == 0 AND dzgroup_MOSF w/Malig == 0 AND adlp == 0 AND dnr_no dnr == 0 AND 58.1 <= age <= 63.9 AND scoma <= 23 AND wblc <= 64.5 AND income_was_missing == 1 AND ca_yes == 0 AND 4.09 <= edu <= 19.9 AND totmcst <= 2.74e+05 AND dementia == 0 AND dnrday <= 49.6 AND 118 <= sod <= 156 AND dzgroup_Lung Cancer == 0 AND race_asian == 0 AND ca_no == 1 AND 32 <= meanbp <= 108 AND 33 <= temp <= 39.4 AND pafi <= 379 AND glucose <= 533 AND race_white == 0,0.1
1,1,0.1,1.0,0,0,17,17,dnr_no dnr == 0 AND dzgroup_Colon Cancer == 0 AND dzclass_Cancer == 0 AND 1.92 <= sps <= 66.3 AND 111 <= sod <= 156 AND aps <= 118 AND adlp_was_missing == 1 AND dzgroup_CHF == 0 AND totmcst <= 2.74e+05 AND avtisst >= 23.5 AND wblc <= 35.8 AND 34.7 <= temp <= 41.5 AND bun_was_missing == 0 AND 1.35 <= adlsc <= 4.18 AND dzgroup_Cirrhosis == 0 AND dzgroup_Lung Cancer == 0 AND ca_yes == 0,0.1
1,1,0.1,1.0,0,0,19,19,dzgroup_MOSF w/Malig == 0 AND dnr_dnr before sadm == 0 AND bun <= 113 AND dnr_dnr after sadm == 1 AND 23.5 <= avtisst <= 50.8 AND dzgroup_Cirrhosis == 0 AND dzgroup_Coma == 0 AND ca_yes == 0 AND 42.8 <= pafi <= 557 AND scoma <= 39.5 AND adlp == 0 AND dzgroup_Colon Cancer == 0 AND resp <= 1.53 AND 40.1 <= age <= 83.7 AND num_co == 1 AND dzclass_COPD/CHF/Cirrhosis == 0 AND dzclass_Cancer == 0 AND dnr_no dnr == 0 AND 2.47 <= edu <= 19.5,0.1
0,1,0.1,1.0,0,0,21,21,race_other == 0 AND dnr_dnr after sadm == 0 AND dzgroup_Cirrhosis == 0 AND race_hispanic == 0 AND dnr_dnr before sadm == 0 AND dzgroup_COPD == 0 AND avtisst <= 36.5 AND bili <= 16.9 AND race_asian == 0 AND dzclass_Coma == 0 AND sex == 1 AND totmcst <= 2.55e+05 AND aps <= 93.1 AND ca_yes == 0 AND 5.3 <= edu <= 26.7 AND diabetes == 1 AND dementia == 0 AND 47 <= meanbp <= 103 AND 15.6 <= hrt <= 192 AND race_white == 1 AND adlp_was_missing == 0,0.1
1,1,0.1,1.0,0,0,24,24,dzgroup_COPD == 0 AND dnr_dnr before sadm == 0 AND adlp_was_missing == 1 AND dzclass_Cancer == 0 AND dnr_no dnr == 0 AND dnrday <= 71.1 AND dzgroup_Colon Cancer == 0 AND alb <= 11.2 AND 52.8 <= aps <= 101 AND charges <= 5.18e+05 AND glucose_was_missing == 1 AND dnr_dnr after sadm == 1 AND pafi <= 739 AND dzgroup_Coma == 0 AND 47.7 <= age <= 98.3 AND 9.18 <= edu <= 22.8 AND crea <= 7.51 AND urine_was_missing == 0 AND adlp == 0 AND dzclass_COPD/CHF/Cirrhosis == 0 AND race_hispanic == 0 AND race_other == 0 AND 117 <= sod <= 153 AND ca_yes == 0,0.1
1,1,0.1,1.0,0,0,13,13,dnr_no dnr == 0 AND adlp == 0 AND dzgroup_COPD == 0 AND glucose_was_missing == 1 AND dzgroup_Coma == 0 AND aps <= 118 AND dzgroup_Cirrhosis == 1 AND totcst <= 2.87e+05 AND 42.8 <= pafi <= 557 AND bun <= 113 AND dnr_dnr before sadm == 0 AND adls == 0 AND dzclass_Cancer == 0,0.1
1,1,0.1,1.0,0,0,38,38,55.8 <= age <= 81.7 AND num_co == 1 AND 3.02 <= edu <= 17 AND charges <= 2.52e+05 AND 29.6 <= sps <= 83 AND aps >= 72.9 AND dnrday <= 51.5 AND 17.5 <= meanbp <= 72.5 AND 1.7 <= wblc <= 51.7 AND 52.3 <= hrt <= 192 AND 24.6 <= resp <= 63.4 AND 39.2 <= pafi <= 571 AND bili <= 22.1 AND 2.06 <= crea <= 9.94 AND glucose <= 294 AND bun_was_missing == 0 AND urine_was_missing == 0 AND adlp_was_missing == 1 AND adlp == 0 AND adls == 0 AND sex == 1 AND income_was_missing == 0 AND income == 0 AND dzgroup_Cirrhosis == 0 AND dzgroup_Colon Cancer == 0 AND dzgroup_Coma == 0 AND dzclass_COPD/CHF/Cirrhosis == 0 AND race_asian == 0 AND race_black == 1 AND race_hispanic == 0 AND race_other == 0 AND race_white == 0 AND ca_yes == 1 AND dnr_dnr after sadm == 1 AND dnr_dnr before sadm == 0 AND adlsc <= 2.05 AND dzgroup_CHF == 0 AND dzclass_Cancer == 0,0.1
0,1,0.1,1.0,0,0,29,29,num_co == 4 AND 1.3 <= edu <= 18.8 AND scoma <= 23.5 AND 5.12e+05 <= charges <= 1.06e+06 AND totcst <= 3.45e+05 AND totmcst <= 4.38e+05 AND 16.1 <= aps <= 97.9 AND diabetes == 1 AND dementia == 0 AND dnrday <= 109 AND 7.36 <= resp <= 56.6 AND 35.5 <= temp <= 38 AND pafi <= 502 AND bili <= 28.5 AND crea <= 8.68 AND 7.19 <= ph <= 7.69 AND bun <= 141 AND urine_was_missing == 0 AND adls == 6 AND sex == 0 AND income_was_missing == 0 AND dzgroup_COPD == 0 AND dzgroup_Colon Cancer == 0 AND dzgroup_Lung Cancer == 0 AND dzgroup_MOSF w/Malig == 1 AND dzclass_Cancer == 0 AND race_asian == 0 AND race_hispanic == 0 AND ca_no == 0,0.1
0,1,0.1,1.0,0,0,15,15,dzgroup_COPD == 0 AND dnr_dnr after sadm == 0 AND aps <= 46.8 AND alb <= 9.01 AND race_other == 0 AND dnr_dnr before sadm == 0 AND resp <= 25.6 AND sod <= 157 AND dzgroup_CHF == 0 AND dzclass_Coma == 1 AND race_hispanic == 0 AND ca_no == 1 AND ca_yes == 0 AND totcst <= 1.53e+05 AND income == 3,0.1
0,1,0.1,1.0,0,0,20,20,dzgroup_COPD == 0 AND dnr_dnr after sadm == 0 AND aps <= 46.8 AND alb <= 9.01 AND race_other == 0 AND dnr_dnr before sadm == 0 AND resp <= 25.6 AND dzgroup_CHF == 0 AND dzclass_Coma == 1 AND race_hispanic == 0 AND ca_no == 1 AND ca_yes == 0 AND totcst <= 1.53e+05 AND income == 3 AND dzclass_COPD/CHF/Cirrhosis == 0 AND age <= 58 AND diabetes == 0 AND dzgroup_Cirrhosis == 0 AND dzclass_Cancer == 0 AND dnr_no dnr == 1,0.1
0,1,0.1,1.0,0,0,17,17,dnr_dnr after sadm == 0 AND dzgroup_Cirrhosis == 0 AND wblc <= 97.7 AND sex == 1 AND 2.56 <= edu <= 26.7 AND 1.93 <= avtisst <= 42.7 AND glucose <= 429 AND income_was_missing == 1 AND dnr_dnr before sadm == 0 AND 31.4 <= resp <= 58.6 AND charges <= 4.27e+05 AND adlp_was_missing == 0 AND dzgroup_CHF == 0 AND num_co == 5 AND dzgroup_Coma == 0 AND dzclass_Coma == 0 AND ca_yes == 1,0.1
1,1,0.1,1.0,0,0,14,14,avtisst >= 23.5 AND adlp == 0 AND dzgroup_COPD == 0 AND totcst <= 3.31e+05 AND glucose_was_missing == 1 AND dzgroup_Colon Cancer == 0 AND charges <= 4.58e+05 AND hrt <= 140 AND dzclass_COPD/CHF/Cirrhosis == 1 AND race_other == 0 AND dementia == 0 AND race_asian == 0 AND race_white == 1 AND scoma <= 24,0.1
0,1,0.1,1.0,0,0,18,18,dnr_dnr after sadm == 0 AND 7.09 <= ph <= 7.75 AND race_hispanic == 0 AND dzgroup_Cirrhosis == 0 AND dnr_no dnr == 1 AND avtisst <= 47.2 AND glucose_was_missing == 1 AND crea <= 8.39 AND race_other == 0 AND 25.8 <= age <= 90 AND 81.9 <= meanbp <= 156 AND ca_yes == 0 AND 6.33 <= edu <= 19.7 AND aps <= 80.6 AND urine <= 5.06e+03 AND race_black == 1 AND charges <= 4.69e+05 AND urine_was_missing == 1,0.1
0,1,0.1,1.0,0,0,26,26,74.4 <= age <= 101 AND totmcst <= 2.51e+05 AND 11.4 <= avtisst <= 39.1 AND sps <= 67.4 AND dementia == 0 AND wblc <= 84.8 AND 131 <= hrt <= 199 AND 23.2 <= resp <= 48.8 AND bili <= 18.2 AND crea <= 7.85 AND bun_was_missing == 1 AND 3.14e+03 <= urine <= 4.94e+03 AND adlp_was_missing == 1 AND adls == 1 AND income == 0 AND dzgroup_CHF == 0 AND dzgroup_COPD == 1 AND dzgroup_Coma == 0 AND dzclass_Coma == 0 AND race_asian == 0 AND race_other == 0 AND ca_yes == 0 AND dnr_dnr after sadm == 1 AND dnr_dnr before sadm == 0 AND dnr_no dnr == 0 AND num_co == 1,0.1
0,1,0.1,1.0,0,0,26,26,74.4 <= age <= 101 AND totmcst <= 2.51e+05 AND 11.4 <= avtisst <= 39.1 AND sps <= 67.4 AND dementia == 0 AND wblc <= 84.8 AND 131 <= hrt <= 199 AND 23.2 <= resp <= 48.8 AND bili <= 18.2 AND crea <= 7.85 AND bun_was_missing == 1 AND urine <= 4.94e+03 AND adlp_was_missing == 1 AND adls == 1 AND income == 0 AND dzgroup_CHF == 0 AND dzgroup_COPD == 1 AND dzgroup_Coma == 0 AND dzclass_Coma == 0 AND race_asian == 0 AND race_other == 0 AND ca_yes == 0 AND dnr_dnr after sadm == 1 AND dnr_dnr before sadm == 0 AND dnr_no dnr == 0 AND ca_no == 1,0.1
0,1,0.1,1.0,0,0,21,21,dnr_no dnr == 1 AND urine_was_missing == 1 AND charges <= 5.05e+05 AND dzgroup_Lung Cancer == 0 AND dzgroup_MOSF w/Malig == 0 AND race_other == 0 AND glucose <= 335 AND glucose_was_missing == 1 AND race_asian == 0 AND scoma <= 34.5 AND totcst <= 1.88e+05 AND dzgroup_Cirrhosis == 0 AND dnr_dnr after sadm == 0 AND sod <= 165 AND adlp_was_missing == 0 AND dzgroup_Coma == 0 AND dzclass_Cancer == 1 AND aps <= 56.1 AND bun <= 90.3 AND dzclass_COPD/CHF/Cirrhosis == 0 AND ca_no == 0,0.1
0,1,0.1,1.0,0,0,23,23,num_co == 1 AND charges <= 3.86e+05 AND totcst <= 2.85e+05 AND 7.14 <= avtisst <= 34.9 AND diabetes == 0 AND dementia == 0 AND alb <= 7.47 AND 7.15 <= ph <= 7.67 AND adlp_was_missing == 0 AND adlp == 5 AND sex == 1 AND dzgroup_Cirrhosis == 0 AND dzgroup_Lung Cancer == 0 AND dzclass_COPD/CHF/Cirrhosis == 0 AND race_black == 1 AND race_hispanic == 0 AND dnr_dnr after sadm == 0 AND dnr_dnr before sadm == 0 AND bili <= 22.5 AND dzgroup_Colon Cancer == 0 AND dzgroup_Coma == 0 AND race_other == 0 AND glucose_was_missing == 1,0.1
1,1,0.1,1.0,0,0,16,16,charges <= 5.18e+05 AND dnr_dnr after sadm == 1 AND dzclass_Cancer == 0 AND adlp_was_missing == 1 AND aps <= 133 AND pafi <= 524 AND num_co == 2 AND 63.2 <= age <= 90 AND glucose <= 379 AND dzgroup_CHF == 0 AND ca_yes == 1 AND 6.44 <= sps <= 74.7 AND urine_was_missing == 0 AND 3.28e+03 <= urine <= 5.62e+03 AND adlp == 0 AND dnr_no dnr == 0,0.1
0,1,0.1,1.0,0,0,17,17,dzgroup_Cirrhosis == 0 AND scoma <= 34.5 AND race_black == 0 AND dnr_no dnr == 1 AND dzclass_COPD/CHF/Cirrhosis == 0 AND race_other == 0 AND dnr_dnr after sadm == 0 AND 9.41 <= sps <= 71.8 AND meanbp <= 122 AND dzgroup_Colon Cancer == 0 AND aps <= 46.8 AND bili <= 12.2 AND dzgroup_CHF == 0 AND charges <= 3.79e+05 AND wblc <= 64.8 AND adlp_was_missing == 0 AND adlsc >= 5.9,0.1
0,1,0.1,1.0,0,0,18,18,dzclass_COPD/CHF/Cirrhosis == 1 AND adlp_was_missing == 0 AND dzclass_Coma == 0 AND dzgroup_Lung Cancer == 0 AND 1.49 <= edu <= 17.4 AND dzgroup_Cirrhosis == 0 AND dzgroup_MOSF w/Malig == 0 AND sod <= 155 AND ca_no == 1 AND dnr_no dnr == 1 AND sps <= 49.5 AND wblc <= 66.8 AND 33.8 <= temp <= 39.2 AND income_was_missing == 0 AND race_white == 1 AND ca_yes == 0 AND dnr_dnr before sadm == 0 AND 2.68 <= crea <= 9.92,0.1
1,1,0.1,1.0,0,0,23,23,dzclass_Coma == 0 AND dnr_dnr after sadm == 0 AND wblc <= 42.3 AND 0.134 <= bili <= 16.9 AND aps <= 46.8 AND edu <= 26.7 AND dementia == 0 AND glucose_was_missing == 0 AND dzgroup_Coma == 0 AND race_hispanic == 0 AND urine <= 3.68e+03 AND totcst <= 2.17e+05 AND dnr_dnr before sadm == 1 AND totmcst <= 2.72e+05 AND 20.3 <= glucose <= 340 AND dzgroup_Colon Cancer == 0 AND dzgroup_MOSF w/Malig == 0 AND dzclass_Cancer == 0 AND race_white == 1 AND ca_yes == 0 AND urine_was_missing == 0 AND bun_was_missing == 0 AND sex == 0,0.1
0,1,0.1,1.0,0,0,22,22,7.35 <= edu <= 19.6 AND totcst <= 1.81e+05 AND totmcst <= 2.3e+05 AND dementia == 1 AND dnrday <= 130 AND meanbp >= 71.5 AND 35.6 <= temp <= 41 AND 0.803 <= crea <= 13.8 AND glucose_was_missing == 0 AND glucose <= 263 AND bun_was_missing == 0 AND bun <= 166 AND urine_was_missing == 0 AND adlp == 0 AND income == 0 AND dzgroup_Coma == 1 AND dzgroup_Lung Cancer == 0 AND dzgroup_MOSF w/Malig == 0 AND race_black == 0 AND race_other == 0 AND ca_no == 1 AND race_white == 1,0.1
0,1,0.1,1.0,0,0,23,23,edu <= 19.6 AND scoma <= 31.5 AND totcst <= 1.81e+05 AND totmcst <= 2.3e+05 AND dementia == 1 AND dnrday <= 130 AND meanbp >= 71.5 AND 35.6 <= temp <= 41 AND 0.803 <= crea <= 13.8 AND glucose_was_missing == 0 AND glucose <= 263 AND bun_was_missing == 0 AND bun <= 166 AND urine_was_missing == 0 AND adlp == 0 AND income == 0 AND dzgroup_COPD == 0 AND dzgroup_Coma == 1 AND dzgroup_Lung Cancer == 0 AND dzgroup_MOSF w/Malig == 0 AND race_black == 0 AND race_other == 0 AND ca_no == 1,0.1
1,1,0.1,1.0,0,0,21,21,age <= 63.7 AND 9.18 <= edu <= 20.8 AND scoma <= 25.5 AND 53.9 <= aps <= 118 AND diabetes == 0 AND 36 <= temp <= 41 AND crea <= 13.3 AND glucose_was_missing == 1 AND bun <= 87.3 AND urine <= 3.99e+03 AND income == 1 AND dzgroup_CHF == 0 AND dzgroup_Colon Cancer == 0 AND dzgroup_Lung Cancer == 0 AND race_hispanic == 0 AND dnr_dnr before sadm == 0 AND totmcst <= 2.58e+05 AND 48.2 <= sps <= 84.8 AND dzgroup_MOSF w/Malig == 1 AND 113 <= sod <= 137 AND dnr_dnr after sadm == 0,0.1
1,1,0.1,1.0,0,0,21,21,age <= 63.7 AND 9.18 <= edu <= 20.8 AND scoma <= 25.5 AND 53.9 <= aps <= 118 AND diabetes == 0 AND 36 <= temp <= 41 AND crea <= 13.3 AND glucose_was_missing == 1 AND bun <= 87.3 AND urine <= 3.99e+03 AND income == 1 AND dzgroup_CHF == 0 AND dzgroup_COPD == 0 AND dzgroup_Colon Cancer == 0 AND dzgroup_Lung Cancer == 0 AND dzclass_Cancer == 0 AND race_hispanic == 0 AND dnr_dnr before sadm == 0 AND totmcst <= 2.58e+05 AND 48.2 <= sps <= 84.8 AND dzgroup_MOSF w/Malig == 1,0.1
0,1,0.1,1.0,0,0,17,17,dnr_dnr after sadm == 0 AND income_was_missing == 0 AND diabetes == 0 AND dnrday <= 80.5 AND dzgroup_COPD == 0 AND ca_no == 1 AND totmcst <= 2.37e+05 AND dzgroup_Coma == 0 AND race_other == 0 AND glucose_was_missing == 0 AND avtisst <= 23.3 AND 36.1 <= temp <= 41.6 AND dzgroup_Cirrhosis == 0 AND ca_yes == 0 AND edu <= 21.2 AND income == 1 AND race_white == 1,0.1
1,1,0.1,1.0,0,0,21,21,dzgroup_MOSF w/Malig == 0 AND dzgroup_Cirrhosis == 0 AND avtisst >= 23.5 AND adlp == 0 AND dzclass_Cancer == 0 AND hrt <= 208 AND dnr_no dnr == 0 AND totcst <= 2.31e+05 AND 116 <= sod <= 156 AND race_black == 0 AND scoma >= 52.5 AND 165 <= urine <= 4.58e+03 AND race_hispanic == 0 AND charges <= 4.58e+05 AND 30.5 <= aps <= 101 AND diabetes == 0 AND dementia == 0 AND 34.7 <= temp <= 37.4 AND alb <= 9.57 AND dzclass_Coma == 0 AND race_asian == 0,0.1
1,1,0.1,1.0,0,0,19,19,dementia == 0 AND adlp == 0 AND dnr_dnr before sadm == 0 AND dzclass_Cancer == 0 AND sex == 0 AND 121 <= sod <= 159 AND dnr_dnr after sadm == 1 AND urine_was_missing == 0 AND aps >= 30.5 AND adlp_was_missing == 1 AND dzgroup_COPD == 0 AND charges <= 3.31e+05 AND ca_yes == 1 AND bili <= 16 AND dzgroup_Colon Cancer == 0 AND num_co == 1 AND alb <= 12.3 AND dzgroup_Coma == 0 AND race_asian == 0,0.1
1,1,0.1,1.0,0,0,19,19,dementia == 0 AND dnr_dnr before sadm == 0 AND dzclass_Cancer == 0 AND sex == 0 AND dzclass_Coma == 0 AND dnr_dnr after sadm == 1 AND urine_was_missing == 0 AND dzgroup_Cirrhosis == 0 AND aps >= 30.5 AND adlp_was_missing == 1 AND dzgroup_COPD == 0 AND charges <= 3.31e+05 AND ca_yes == 1 AND bili <= 16 AND dzgroup_Colon Cancer == 0 AND num_co == 1 AND wblc <= 62.7 AND dzclass_COPD/CHF/Cirrhosis == 0 AND race_other == 0,0.1
1,1,0.1,1.0,0,0,25,25,aps <= 50.8 AND dzgroup_Lung Cancer == 0 AND dzgroup_MOSF w/Malig == 0 AND dnr_dnr after sadm == 1 AND totmcst <= 2.58e+05 AND dzgroup_CHF == 0 AND bun <= 127 AND race_black == 1 AND num_co == 2 AND 55.4 <= pafi <= 97.6 AND 7.12 <= ph <= 7.76 AND totcst <= 2.57e+05 AND sps <= 45 AND dnrday <= 57.3 AND 26.5 <= hrt <= 134 AND 10.4 <= resp <= 37.6 AND 32.4 <= temp <= 38.7 AND alb <= 9.15 AND 124 <= sod <= 164 AND bun_was_missing == 0 AND urine_was_missing == 0 AND 965 <= urine <= 4.84e+03 AND dzgroup_Cirrhosis == 0 AND dzclass_Coma == 0 AND dnr_no dnr == 0,0.1
0,1,0.1,1.0,0,0,18,18,race_other == 0 AND dzgroup_Cirrhosis == 0 AND dzgroup_COPD == 0 AND race_asian == 0 AND adlp_was_missing == 0 AND avtisst <= 42.8 AND 72.2 <= hrt <= 161 AND dnr_dnr before sadm == 0 AND diabetes == 0 AND sod <= 155 AND dzclass_Coma == 0 AND race_white == 0 AND dnr_dnr after sadm == 0 AND 28.6 <= aps <= 69.4 AND meanbp >= 64.5 AND 32.9 <= temp <= 40.2 AND sex == 0 AND ca_no == 0,0.1
1,1,0.1,1.0,0,0,24,24,dzgroup_MOSF w/Malig == 0 AND dzgroup_Cirrhosis == 0 AND avtisst >= 31 AND totmcst <= 2.07e+05 AND adlp == 0 AND adlp_was_missing == 1 AND dzclass_Cancer == 0 AND dnr_no dnr == 0 AND dnrday <= 71.1 AND totcst <= 2.31e+05 AND 118 <= sod <= 130 AND 4.09 <= edu <= 19.9 AND race_black == 0 AND scoma >= 52.5 AND race_hispanic == 0 AND dnr_dnr after sadm == 1 AND num_co == 2 AND dementia == 0 AND wblc <= 35.8 AND dzgroup_Colon Cancer == 0 AND dzgroup_Lung Cancer == 0 AND race_asian == 0 AND income == 0 AND dzgroup_CHF == 0,0.1
1,1,0.1,1.0,0,0,20,20,dzclass_COPD/CHF/Cirrhosis == 0 AND dzgroup_Colon Cancer == 0 AND race_other == 0 AND sex == 1 AND glucose <= 379 AND race_hispanic == 0 AND income_was_missing == 0 AND adlsc >= 4.91 AND edu <= 26.4 AND 30.5 <= aps <= 109 AND pafi <= 702 AND alb <= 10.6 AND 121 <= sod <= 159 AND 165 <= urine <= 3.76e+03 AND race_asian == 0 AND ca_no == 0 AND dnr_no dnr == 0 AND totmcst <= 1.88e+05 AND bun <= 121 AND dnr_dnr before sadm == 1,0.1
0,1,0.1,1.0,0,0,22,22,dnr_no dnr == 1 AND dzgroup_COPD == 0 AND 47 <= meanbp <= 161 AND wblc <= 63.8 AND dnr_dnr after sadm == 0 AND ca_no == 1 AND aps <= 46.8 AND diabetes == 0 AND 1.43 <= alb <= 11.6 AND dzgroup_Coma == 0 AND bun_was_missing == 0 AND urine <= 3.94e+03 AND adlp_was_missing == 0 AND adlsc <= 2.66 AND charges <= 3.19e+05 AND dementia == 0 AND 119 <= sod <= 153 AND urine_was_missing == 0 AND dzgroup_Colon Cancer == 0 AND dzgroup_MOSF w/Malig == 0 AND race_asian == 0 AND race_white == 1,0.1
0,1,0.1,1.0,0,0,26,26,40 <= age <= 66.7 AND num_co == 0 AND 2.62e+05 <= charges <= 7.06e+05 AND 25.5 <= avtisst <= 52.5 AND 30.1 <= aps <= 112 AND 118 <= dnrday <= 123 AND wblc <= 62.5 AND 101 <= hrt <= 215 AND alb <= 13.8 AND glucose <= 519 AND bun_was_missing == 1 AND bun <= 76.8 AND adls == 6 AND adlsc >= 3.81 AND sex == 0 AND income == 3 AND dzgroup_CHF == 0 AND dzgroup_Coma == 0 AND dzgroup_Lung Cancer == 0 AND dzgroup_MOSF w/Malig == 0 AND race_black == 0 AND race_hispanic == 0 AND race_other == 0 AND race_white == 0 AND ca_no == 1 AND dnr_no dnr == 1,0.1
0,1,0.1,1.0,0,0,26,26,40 <= age <= 66.7 AND num_co == 0 AND 2.62e+05 <= charges <= 7.06e+05 AND 2e+05 <= totcst <= 3.71e+05 AND 25.5 <= avtisst <= 52.5 AND 30.1 <= aps <= 112 AND dnrday <= 123 AND wblc <= 62.5 AND 101 <= hrt <= 215 AND alb <= 13.8 AND glucose <= 519 AND bun_was_missing == 1 AND bun <= 76.8 AND adls == 6 AND adlsc >= 3.81 AND sex == 0 AND income == 3 AND dzgroup_CHF == 0 AND dzgroup_Lung Cancer == 0 AND dzgroup_MOSF w/Malig == 0 AND race_black == 0 AND race_hispanic == 0 AND race_other == 0 AND race_white == 0 AND ca_no == 1 AND dnr_no dnr == 1,0.1
1,1,0.1,1.0,0,0,21,21,totmcst <= 2.69e+05 AND avtisst >= 23.5 AND urine_was_missing == 1 AND dzgroup_Cirrhosis == 0 AND dzgroup_Colon Cancer == 0 AND dzgroup_Lung Cancer == 0 AND dzclass_Cancer == 0 AND race_other == 0 AND adlp == 0 AND scoma >= 52.5 AND totcst <= 1.41e+05 AND race_black == 0 AND race_hispanic == 0 AND urine <= 4.58e+03 AND 54.8 <= hrt <= 211 AND 15.5 <= resp <= 52.5 AND bun <= 76.8 AND 28.2 <= aps <= 95.8 AND alb <= 9.43 AND bun_was_missing == 1 AND dnr_no dnr == 1,0.1
1,1,0.1,1.0,0,0,19,19,dzgroup_Cirrhosis == 0 AND dzclass_Coma == 0 AND avtisst >= 23.5 AND bili <= 11.3 AND dzgroup_Coma == 0 AND 1.16e+03 <= urine <= 3.4e+03 AND dzgroup_CHF == 0 AND adlp == 0 AND dzclass_Cancer == 0 AND dnr_dnr before sadm == 0 AND dzgroup_Colon Cancer == 0 AND ca_yes == 0 AND income == 2 AND wblc <= 79.3 AND hrt <= 146 AND pafi <= 557 AND dzgroup_COPD == 0 AND dzgroup_MOSF w/Malig == 1 AND dnr_no dnr == 0,0.1
0,1,0.1,1.0,0,0,17,17,dzgroup_Coma == 0 AND dnr_no dnr == 1 AND totcst <= 1.5e+05 AND adlsc <= 2.51 AND 1.49 <= edu <= 14.5 AND scoma <= -16.5 AND aps <= 46.8 AND bun_was_missing == 1 AND avtisst <= 36.6 AND 7.09 <= ph <= 7.73 AND adls == 1 AND dzgroup_Cirrhosis == 0 AND race_asian == 0 AND race_black == 1 AND race_hispanic == 0 AND ca_no == 1 AND glucose <= 335,0.1
0,1,0.1,1.0,0,0,18,18,totcst <= 2.96e+05 AND sps <= 53.2 AND crea <= 9.77 AND dzgroup_Cirrhosis == 0 AND dzgroup_Coma == 1 AND dzclass_Coma == 1 AND race_black == 0 AND race_other == 0 AND race_white == 1 AND ca_yes == 0 AND dnrday <= 93.3 AND dnr_dnr after sadm == 0 AND 14.1 <= hrt <= 186 AND 1.94 <= edu <= 22.2 AND dzgroup_CHF == 0 AND bun_was_missing == 0 AND 7.25 <= ph <= 7.59 AND dnr_no dnr == 1,0.1
0,1,0.1,1.0,0,0,17,17,25.5 <= scoma <= 56.5 AND totcst <= 2.96e+05 AND crea <= 9.77 AND dzgroup_Cirrhosis == 0 AND dzgroup_Coma == 1 AND dzclass_Coma == 1 AND race_black == 0 AND race_other == 0 AND race_white == 1 AND ca_yes == 0 AND dnr_dnr after sadm == 0 AND 14.1 <= hrt <= 186 AND 1.94 <= edu <= 22.2 AND dzgroup_CHF == 0 AND 27.3 <= resp <= 60.7 AND 132 <= sod <= 158 AND dzclass_COPD/CHF/Cirrhosis == 0,0.1
0,1,0.1,1.0,0,0,23,23,bili <= 21.7 AND dzgroup_MOSF w/Malig == 0 AND race_asian == 0 AND urine <= 4.61e+03 AND dnr_no dnr == 1 AND race_black == 1 AND dnrday <= 80.5 AND wblc <= 87.9 AND dzclass_Coma == 0 AND adlp_was_missing == 0 AND avtisst <= 30.5 AND resp <= 34.9 AND alb <= 9.01 AND bun_was_missing == 0 AND adlsc <= 2.06 AND dzgroup_Lung Cancer == 0 AND race_other == 0 AND sex == 1 AND glucose <= 641 AND dzgroup_Colon Cancer == 0 AND race_hispanic == 0 AND race_white == 0 AND num_co == 0,0.1
0,1,0.1,1.0,0,0,20,20,scoma <= 34.5 AND crea <= 6.67 AND 31.5 <= meanbp <= 169 AND charges <= 5.12e+05 AND wblc <= 118 AND income_was_missing == 1 AND race_black == 0 AND ca_no == 1 AND bili <= 13.5 AND dzgroup_CHF == 0 AND dementia == 0 AND alb <= 1.43 AND urine_was_missing == 1 AND dzgroup_COPD == 0 AND dzgroup_Coma == 0 AND dzgroup_Lung Cancer == 0 AND ca_yes == 0 AND dnr_no dnr == 1 AND urine <= 4.48e+03 AND race_other == 0,0.1
0,1,0.1,1.0,0,0,32,32,34.5 <= age <= 63.8 AND 7.5 <= edu <= 16.5 AND charges <= 3.83e+05 AND avtisst <= 62.3 AND 10.3 <= sps <= 42.9 AND 9.62 <= aps <= 60.4 AND dementia == 0 AND 19.9 <= meanbp <= 90.2 AND wblc <= 45.1 AND 5.56 <= resp <= 50.4 AND 35.1 <= temp <= 41.5 AND pafi <= 503 AND bili <= 11 AND crea <= 5.6 AND 116 <= sod <= 142 AND 7.1 <= ph <= 7.74 AND glucose <= 356 AND bun <= 116 AND 255 <= urine <= 3.68e+03 AND adlp == 3 AND income == 0 AND dzgroup_CHF == 0 AND dzgroup_COPD == 0 AND dzgroup_Cirrhosis == 0 AND dzclass_Cancer == 1 AND dzclass_Coma == 0 AND race_asian == 0 AND race_black == 1 AND race_hispanic == 0 AND race_other == 0 AND dnr_dnr after sadm == 1 AND dzgroup_Colon Cancer == 0,0.1
1,1,0.1,1.0,0,0,30,30,age >= 60.8 AND num_co == 3 AND edu >= 20.5 AND totmcst <= 2.62e+05 AND dnrday <= 56.6 AND 89.6 <= meanbp <= 150 AND wblc <= 51.4 AND hrt <= 168 AND 36.3 <= temp <= 39.5 AND alb <= 9.29 AND 127 <= sod <= 145 AND glucose_was_missing == 1 AND glucose <= 408 AND bun_was_missing == 1 AND bun <= 125 AND urine <= 4.98e+03 AND adlp == 1 AND adls == 1 AND sex == 1 AND income_was_missing == 0 AND dzgroup_COPD == 0 AND dzgroup_Cirrhosis == 0 AND dzgroup_Coma == 0 AND dzclass_Coma == 0 AND race_black == 0 AND race_white == 1 AND ca_yes == 1 AND dnr_dnr before sadm == 0 AND resp <= 57.9 AND crea <= 8.67,0.1
1,1,0.1,1.0,0,0,24,24,bun <= 119 AND adlp == 0 AND dnr_dnr before sadm == 0 AND dnr_no dnr == 0 AND glucose_was_missing == 1 AND dzgroup_COPD == 0 AND 38 <= aps <= 86 AND wblc <= 36.5 AND 37.9 <= resp <= 66.1 AND 33.3 <= temp <= 39.2 AND alb <= 9.72 AND 7.21 <= ph <= 7.52 AND dzgroup_Colon Cancer == 0 AND dzgroup_Coma == 0 AND dzgroup_MOSF w/Malig == 1 AND race_black == 0 AND race_other == 0 AND ca_no == 0 AND ca_yes == 1 AND 3.63 <= edu <= 20.4 AND adls == 1 AND income_was_missing == 1 AND totmcst <= 2.17e+05 AND bun_was_missing == 1,0.1
1,1,0.1,1.0,0,0,31,31,38.1 <= age <= 92.5 AND 2.39 <= edu <= 21.6 AND 24.5 <= scoma <= 63.5 AND totcst <= 1.21e+05 AND totmcst <= 1.31e+05 AND 28.6 <= sps <= 65.2 AND diabetes == 0 AND meanbp <= 95.4 AND wblc <= 78.5 AND temp >= 35.6 AND pafi <= 322 AND bili <= 16 AND crea <= 8.64 AND bun <= 120 AND urine_was_missing == 1 AND urine <= 4.44e+03 AND adlp_was_missing == 1 AND adlp == 0 AND income_was_missing == 0 AND income == 1 AND dzgroup_CHF == 1 AND dzgroup_COPD == 0 AND dzgroup_Cirrhosis == 0 AND dzgroup_Lung Cancer == 0 AND dzgroup_MOSF w/Malig == 0 AND dzclass_COPD/CHF/Cirrhosis == 1 AND race_other == 0 AND ca_no == 1 AND dnr_dnr after sadm == 1 AND dnr_no dnr == 0 AND dementia == 0,0.1
0,1,0.1,1.0,0,0,19,19,dnr_dnr before sadm == 0 AND dzclass_COPD/CHF/Cirrhosis == 1 AND dzgroup_Lung Cancer == 0 AND crea <= 7.4 AND ca_yes == 0 AND dzgroup_Coma == 0 AND avtisst <= 20.4 AND num_co == 1 AND diabetes == 0 AND race_other == 0 AND totcst <= 2.11e+05 AND dzgroup_COPD == 0 AND race_black == 0 AND sps <= 48.1 AND dementia == 0 AND dnr_no dnr == 1 AND 8.88 <= edu <= 19.1 AND bun_was_missing == 0 AND dzgroup_CHF == 1,0.1
0,1,0.1,1.0,0,0,26,26,dzgroup_Coma == 0 AND race_other == 0 AND dzgroup_MOSF w/Malig == 0 AND dnr_no dnr == 1 AND sps <= 48 AND dzclass_Coma == 0 AND avtisst <= 42.3 AND dzgroup_Colon Cancer == 0 AND totcst <= 1.8e+05 AND crea <= 7.64 AND bun_was_missing == 0 AND diabetes == 0 AND dzgroup_COPD == 1 AND 7.04 <= ph <= 7.73 AND wblc <= 56.7 AND alb <= 6.15 AND income_was_missing == 0 AND income == 0 AND dzgroup_CHF == 0 AND race_hispanic == 0 AND dnr_dnr after sadm == 0 AND ca_no == 1 AND dnr_dnr before sadm == 0 AND 38.5 <= temp <= 41.3 AND adls == 0 AND race_asian == 0,0.1
0,1,0.1,1.0,0,0,24,24,totcst <= 2.53e+05 AND avtisst <= 46.8 AND 0.509 <= sps <= 42.1 AND dnrday <= 127 AND wblc <= 68.5 AND 34.3 <= temp <= 37 AND glucose_was_missing == 0 AND bun_was_missing == 0 AND adlp == 0 AND adls == 4 AND 2.48 <= adlsc <= 5.52 AND dzgroup_CHF == 0 AND dzgroup_Cirrhosis == 0 AND dzgroup_Coma == 1 AND dzgroup_MOSF w/Malig == 0 AND race_asian == 0 AND race_hispanic == 0 AND race_other == 0 AND 73.8 <= meanbp <= 158 AND 36.4 <= hrt <= 141 AND dnr_no dnr == 1 AND dementia == 0 AND glucose <= 366 AND dzgroup_Lung Cancer == 0,0.1
0,1,0.1,1.0,0,0,17,17,dnr_dnr after sadm == 0 AND dzgroup_Coma == 0 AND dnr_no dnr == 1 AND adlp_was_missing == 0 AND race_other == 0 AND totmcst <= 1.69e+05 AND wblc <= 71.5 AND resp <= 51.3 AND adlsc <= 2.51 AND dzgroup_COPD == 0 AND 199 <= pafi <= 696 AND bun <= 126 AND age >= 25.8 AND dementia == 0 AND glucose_was_missing == 0 AND ca_no == 0 AND 21.5 <= scoma <= 60.5,0.1
0,1,0.1,1.0,0,0,17,17,dnr_dnr before sadm == 0 AND dnr_no dnr == 0 AND 121 <= sod <= 156 AND meanbp <= 76.8 AND dzgroup_CHF == 0 AND 7.26 <= ph <= 7.54 AND race_asian == 0 AND avtisst >= 23.5 AND diabetes == 0 AND dzgroup_Colon Cancer == 0 AND dzgroup_MOSF w/Malig == 0 AND dzclass_Cancer == 0 AND dnr_dnr after sadm == 1 AND totcst <= 1.96e+05 AND scoma <= 44.5 AND adlp == 7 AND ca_no == 1,0.1
0,1,0.1,1.0,0,0,24,24,dnr_dnr before sadm == 0 AND urine <= 4.84e+03 AND wblc <= 72.2 AND scoma <= 34.5 AND totmcst <= 1.55e+05 AND 3.02 <= hrt <= 172 AND glucose_was_missing == 1 AND avtisst <= 42.7 AND dnrday <= 98.2 AND adlp_was_missing == 1 AND adlsc <= 2.48 AND dzgroup_COPD == 0 AND dzgroup_Colon Cancer == 0 AND dzgroup_Lung Cancer == 0 AND dzclass_Cancer == 0 AND dzgroup_Cirrhosis == 0 AND race_white == 0 AND ca_yes == 0 AND age >= 75.6 AND aps <= 46.8 AND dementia == 0 AND 35.5 <= meanbp <= 129 AND dzclass_Coma == 0 AND race_hispanic == 0,0.1
0,1,0.1,1.0,0,0,26,26,wblc <= 87.9 AND resp <= 42.1 AND bili <= 11.3 AND urine <= 5.3e+03 AND race_black == 0 AND charges <= 4.09e+05 AND dnr_no dnr == 1 AND race_asian == 0 AND avtisst <= 42.3 AND 32.8 <= temp <= 39.7 AND age >= 28.1 AND adlp == 0 AND dzgroup_Cirrhosis == 0 AND dzgroup_Coma == 0 AND dzclass_COPD/CHF/Cirrhosis == 1 AND 28.2 <= bun <= 148 AND dzgroup_Lung Cancer == 0 AND scoma <= 34.5 AND aps <= 46.8 AND dnrday <= 65.1 AND crea <= 7.5 AND dzclass_Coma == 0 AND race_other == 0 AND num_co == 4 AND glucose <= 551 AND bun_was_missing == 0,0.1
0,1,0.1,1.0,0,0,18,18,dnr_dnr after sadm == 0 AND avtisst <= 23.3 AND race_other == 0 AND dnr_dnr before sadm == 0 AND resp <= 54.7 AND diabetes == 1 AND sod <= 165 AND dzgroup_Lung Cancer == 0 AND dzclass_Coma == 0 AND totcst <= 2.11e+05 AND charges <= 4.27e+05 AND sps <= 48.1 AND 47 <= meanbp <= 161 AND glucose_was_missing == 1 AND dnr_no dnr == 1 AND adlp == 2 AND sex == 0 AND dzgroup_Coma == 0,0.1
0,1,0.1,1.0,0,0,29,29,44.2 <= age <= 97 AND num_co == 0 AND totcst <= 1.43e+05 AND totmcst <= 2.55e+05 AND sps <= 47.9 AND aps <= 85.5 AND dnrday <= 100 AND 49.5 <= meanbp <= 108 AND 49.1 <= hrt <= 211 AND pafi <= 503 AND crea <= 8.43 AND 7.28 <= ph <= 7.56 AND glucose <= 375 AND bun <= 106 AND urine <= 5.06e+03 AND sex == 0 AND income == 1 AND dzgroup_Colon Cancer == 0 AND dzgroup_Coma == 1 AND dzgroup_Lung Cancer == 0 AND dzclass_COPD/CHF/Cirrhosis == 0 AND dzclass_Cancer == 0 AND dzclass_Coma == 1 AND race_hispanic == 0 AND race_other == 0 AND race_white == 0 AND dnr_dnr before sadm == 0 AND dnr_no dnr == 1 AND 124 <= sod <= 158,0.1
0,1,0.1,1.0,0,0,29,29,44.2 <= age <= 97 AND num_co == 0 AND totcst <= 1.43e+05 AND totmcst <= 2.55e+05 AND sps <= 47.9 AND aps <= 85.5 AND dnrday <= 100 AND 49.5 <= meanbp <= 108 AND 49.1 <= hrt <= 211 AND pafi <= 503 AND crea <= 8.43 AND 7.28 <= ph <= 7.56 AND glucose <= 375 AND bun <= 106 AND urine <= 5.06e+03 AND adlp_was_missing == 1 AND sex == 0 AND income == 1 AND dzgroup_Colon Cancer == 0 AND dzgroup_Coma == 1 AND dzgroup_Lung Cancer == 0 AND dzclass_COPD/CHF/Cirrhosis == 0 AND dzclass_Cancer == 0 AND dzclass_Coma == 1 AND race_other == 0 AND race_white == 0 AND dnr_dnr before sadm == 0 AND dnr_no dnr == 1 AND 5.04 <= edu <= 15,0.1
0,1,0.1,1.0,0,0,28,28,9.34 <= edu <= 22.7 AND 20.5 <= scoma <= 61.5 AND charges <= 4.67e+05 AND totmcst <= 1.62e+05 AND wblc <= 83.9 AND 7.32 <= resp <= 48.7 AND 116 <= pafi <= 588 AND alb <= 11.6 AND crea <= 5.13 AND 126 <= sod <= 142 AND 7.36 <= ph <= 7.72 AND bun_was_missing == 1 AND urine_was_missing == 1 AND urine <= 4.17e+03 AND adlp_was_missing == 1 AND adlp == 0 AND 0.879 <= adlsc <= 3.64 AND income_was_missing == 0 AND income == 3 AND dzgroup_COPD == 0 AND dzgroup_Cirrhosis == 0 AND dzgroup_Colon Cancer == 0 AND dzgroup_MOSF w/Malig == 0 AND dzclass_Cancer == 0 AND dzclass_Coma == 1 AND race_hispanic == 0 AND race_white == 1 AND dnr_dnr before sadm == 0,0.1
1,1,0.1,1.0,0,0,31,31,num_co == 1 AND 9.34 <= edu <= 22.7 AND 20.5 <= scoma <= 61.5 AND charges <= 4.67e+05 AND totmcst <= 1.62e+05 AND dnrday <= 78.7 AND wblc <= 83.9 AND 7.32 <= resp <= 48.7 AND 116 <= pafi <= 588 AND alb <= 11.6 AND crea <= 5.13 AND 126 <= sod <= 142 AND 7.36 <= ph <= 7.72 AND bun_was_missing == 1 AND urine_was_missing == 1 AND urine <= 4.17e+03 AND adlp_was_missing == 1 AND adlp == 0 AND 0.879 <= adlsc <= 3.64 AND income_was_missing == 0 AND income == 3 AND dzgroup_COPD == 0 AND dzgroup_Cirrhosis == 0 AND dzgroup_Colon Cancer == 0 AND dzgroup_MOSF w/Malig == 0 AND dzclass_Cancer == 0 AND dzclass_Coma == 1 AND race_hispanic == 0 AND race_white == 1 AND dnr_dnr before sadm == 0 AND dementia == 0,0.1
1,1,0.1,1.0,0,0,26,26,num_co == 0 AND 1.92 <= edu <= 22.1 AND 41.6 <= avtisst <= 72.4 AND meanbp >= 60.6 AND 32.2 <= temp <= 38.6 AND alb <= 13.8 AND bun_was_missing == 1 AND urine_was_missing == 1 AND adlp == 0 AND adls == 1 AND adlsc <= 4.69 AND income_was_missing == 1 AND dzgroup_COPD == 0 AND dzgroup_Cirrhosis == 0 AND dzgroup_MOSF w/Malig == 0 AND dzclass_COPD/CHF/Cirrhosis == 0 AND dzclass_Cancer == 0 AND race_black == 0 AND race_hispanic == 0 AND race_other == 0 AND race_white == 1 AND ca_no == 1 AND dnr_dnr after sadm == 0 AND dnr_no dnr == 1 AND aps <= 62.6 AND wblc <= 81.6,0.1
1,1,0.1,1.0,0,0,23,23,num_co == 2 AND 0.84 <= edu <= 23.2 AND aps <= 86.7 AND dementia == 1 AND meanbp >= 39.7 AND 87.6 <= pafi <= 329 AND crea <= 5.77 AND bun <= 90.8 AND adls == 6 AND adlsc >= 4.34 AND income == 0 AND dzgroup_CHF == 0 AND dzgroup_Coma == 0 AND dzgroup_MOSF w/Malig == 0 AND race_asian == 0 AND race_black == 1 AND race_other == 0 AND charges <= 2.77e+05 AND glucose_was_missing == 0 AND adlp == 0 AND dzgroup_COPD == 0 AND dzclass_Cancer == 0 AND dnr_dnr before sadm == 0,0.1
1,1,0.1,1.0,0,0,27,27,dzgroup_Cirrhosis == 0 AND sex == 1 AND 29.3 <= aps <= 93.1 AND dementia == 0 AND wblc <= 31.1 AND income_was_missing == 0 AND dzgroup_Lung Cancer == 0 AND dnr_no dnr == 0 AND bili <= 11.6 AND totcst <= 1.97e+05 AND dnrday <= 44.3 AND 121 <= sod <= 159 AND glucose <= 373 AND dzclass_COPD/CHF/Cirrhosis == 0 AND dzclass_Cancer == 0 AND 34.8 <= temp <= 41.2 AND bun_was_missing == 0 AND 19.2 <= bun <= 121 AND adlsc <= 1.27 AND dzgroup_COPD == 0 AND dzgroup_Coma == 0 AND dzclass_Coma == 0 AND dnr_dnr after sadm == 1 AND ca_yes == 1 AND age >= 57.9 AND crea <= 7.49 AND race_black == 0,0.1
1,1,0.1,1.0,0,0,25,25,dzgroup_Cirrhosis == 0 AND sex == 1 AND 29.3 <= aps <= 93.1 AND dementia == 0 AND wblc <= 31.1 AND income_was_missing == 0 AND dzgroup_Lung Cancer == 0 AND dnr_no dnr == 0 AND bili <= 11.6 AND totcst <= 1.97e+05 AND 20.2 <= sps <= 56.8 AND dnrday <= 44.3 AND 121 <= sod <= 159 AND glucose <= 373 AND dzclass_COPD/CHF/Cirrhosis == 0 AND dzclass_Cancer == 0 AND 34.8 <= temp <= 41.2 AND 19.2 <= bun <= 121 AND adlsc <= 1.27 AND dzgroup_COPD == 0 AND dzgroup_Coma == 0 AND dzgroup_MOSF w/Malig == 1 AND dnr_dnr after sadm == 1 AND ca_yes == 1 AND num_co == 1,0.1
1,1,0.1,1.0,0,0,22,22,dzgroup_COPD == 0 AND adlp == 0 AND dzclass_Cancer == 0 AND dementia == 0 AND glucose <= 477 AND bun <= 119 AND dnr_no dnr == 0 AND 11.4 <= meanbp <= 103 AND charges <= 4.73e+05 AND totcst <= 1.97e+05 AND 49 <= sps <= 51.8 AND urine_was_missing == 1 AND dzgroup_Colon Cancer == 0 AND dnr_dnr after sadm == 1 AND resp <= 44.6 AND race_hispanic == 0 AND age <= 81.9 AND 30.5 <= aps <= 101 AND alb <= 10.6 AND 30 <= urine <= 3.9e+03 AND totmcst <= 2.51e+05 AND sex == 1,0.1
0,1,0.1,1.0,0,0,21,21,6.16 <= resp <= 57.5 AND bili <= 11.3 AND dzclass_Cancer == 0 AND dzgroup_Coma == 0 AND dnr_no dnr == 1 AND income == 0 AND dzgroup_COPD == 1 AND 7.11 <= ph <= 7.73 AND dzgroup_MOSF w/Malig == 0 AND 1.87 <= sps <= 45.1 AND race_hispanic == 0 AND race_asian == 0 AND avtisst <= 42.3 AND urine_was_missing == 1 AND adls == 1 AND adlsc <= 2.51 AND dzgroup_Cirrhosis == 0 AND 154 <= pafi <= 446 AND income_was_missing == 0 AND race_other == 0 AND race_white == 0,0.1
1,1,0.1,1.0,0,0,19,19,dzgroup_COPD == 0 AND dnr_dnr before sadm == 0 AND dzclass_Cancer == 0 AND dementia == 0 AND glucose <= 477 AND bun <= 119 AND dnr_no dnr == 0 AND 11.4 <= meanbp <= 103 AND charges <= 4.73e+05 AND totcst <= 1.58e+05 AND 49 <= sps <= 51.8 AND 525 <= urine <= 3.4e+03 AND dzgroup_Colon Cancer == 0 AND dnr_dnr after sadm == 1 AND resp <= 44.6 AND race_hispanic == 0 AND sex == 0 AND income == 1 AND ca_yes == 0,0.1
1,1,0.1,1.0,0,0,31,31,num_co == 1 AND scoma >= 79 AND charges <= 3.05e+05 AND totmcst <= 2.58e+05 AND 13.1 <= avtisst <= 46.9 AND 59.7 <= aps <= 106 AND dementia == 0 AND meanbp <= 100 AND 18.6 <= resp <= 57.4 AND pafi <= 241 AND alb <= 9.86 AND crea <= 7.38 AND 121 <= sod <= 163 AND glucose_was_missing == 0 AND glucose <= 583 AND bun_was_missing == 0 AND urine_was_missing == 0 AND 3.83e+03 <= urine <= 7.07e+03 AND income_was_missing == 1 AND income == 1 AND dzgroup_CHF == 0 AND dzgroup_MOSF w/Malig == 0 AND dzclass_Coma == 1 AND race_asian == 0 AND race_black == 1 AND race_white == 0 AND ca_yes == 0 AND dnr_dnr after sadm == 0 AND dnr_dnr before sadm == 0 AND dzclass_COPD/CHF/Cirrhosis == 0 AND ca_no == 0,0.1
1,1,0.1,1.0,0,0,28,28,num_co == 1 AND scoma >= 79 AND charges <= 3.05e+05 AND totmcst <= 2.58e+05 AND 13.1 <= avtisst <= 46.9 AND 59.7 <= aps <= 106 AND dementia == 0 AND meanbp <= 100 AND 18.6 <= resp <= 57.4 AND pafi <= 241 AND alb <= 9.86 AND crea <= 7.38 AND 121 <= sod <= 163 AND glucose_was_missing == 0 AND glucose <= 583 AND bun_was_missing == 0 AND urine_was_missing == 0 AND 3.83e+03 <= urine <= 7.07e+03 AND income_was_missing == 1 AND income == 1 AND dzclass_Coma == 1 AND race_asian == 0 AND race_black == 1 AND race_white == 0 AND ca_yes == 0 AND dnr_dnr after sadm == 0 AND dnr_dnr before sadm == 0 AND dzgroup_Coma == 1,0.1
1,1,0.1,1.0,0,0,17,17,race_hispanic == 0 AND dnr_dnr before sadm == 0 AND adlp_was_missing == 1 AND dzgroup_CHF == 0 AND dnr_no dnr == 0 AND 7.11 <= ph <= 7.73 AND urine <= 3.02e+03 AND income_was_missing == 0 AND income == 3 AND dzclass_Cancer == 0 AND dzclass_Coma == 0 AND glucose_was_missing == 0 AND bun <= 99.7 AND diabetes == 0 AND bun_was_missing == 0 AND dzgroup_COPD == 0 AND bili <= 20.1,0.1
1,1,0.1,1.0,0,0,15,15,race_hispanic == 0 AND dnr_dnr before sadm == 0 AND aps <= 101 AND 8.12 <= resp <= 31.9 AND adlp_was_missing == 1 AND dzgroup_CHF == 0 AND race_asian == 0 AND dnr_no dnr == 0 AND 7.11 <= ph <= 7.73 AND income_was_missing == 0 AND income == 3 AND dzclass_Cancer == 0 AND dzclass_Coma == 0 AND dzclass_COPD/CHF/Cirrhosis == 0 AND race_other == 0,0.1
0,1,0.1,1.0,0,0,19,19,race_hispanic == 0 AND dzgroup_Cirrhosis == 0 AND race_other == 0 AND aps <= 50.9 AND crea <= 8.78 AND glucose_was_missing == 0 AND totmcst <= 2.78e+05 AND dzgroup_MOSF w/Malig == 0 AND bun_was_missing == 0 AND avtisst <= 32.8 AND dnrday <= 85.6 AND bili <= 11.6 AND 7.25 <= ph <= 7.56 AND race_black == 1 AND race_white == 0 AND ca_no == 0 AND 8.02 <= hrt <= 140 AND dzclass_Cancer == 1 AND bun <= 50.9,0.1
0,1,0.1,1.0,0,0,25,25,race_other == 0 AND dnr_dnr after sadm == 0 AND totmcst <= 2.62e+05 AND dzgroup_Cirrhosis == 0 AND bun_was_missing == 0 AND aps <= 46.8 AND 7.9 <= meanbp <= 169 AND dnr_dnr before sadm == 0 AND dzgroup_COPD == 0 AND bili <= 23.2 AND crea <= 6.74 AND 127 <= pafi <= 581 AND 112 <= sod <= 152 AND totcst <= 1.57e+05 AND sps <= 43.3 AND dementia == 1 AND resp <= 35.3 AND bun <= 95.2 AND dzgroup_Coma == 0 AND dzgroup_MOSF w/Malig == 0 AND dzclass_COPD/CHF/Cirrhosis == 0 AND ca_no == 1 AND diabetes == 0 AND income_was_missing == 1 AND dzgroup_Colon Cancer == 0,0.1
1,1,0.1,1.0,0,0,20,20,diabetes == 0 AND dnrday <= 117 AND 60.5 <= meanbp <= 154 AND resp <= 42.8 AND 35 <= temp <= 37.6 AND glucose <= 587 AND bun <= 134 AND urine_was_missing == 1 AND adlp_was_missing == 0 AND adlsc <= 3.44 AND sex == 0 AND income == 2 AND dzgroup_COPD == 0 AND dzgroup_Cirrhosis == 0 AND dzgroup_Lung Cancer == 0 AND dzgroup_MOSF w/Malig == 1 AND dzclass_Coma == 0 AND race_black == 0 AND dnr_no dnr == 0 AND dementia == 0,0.1
0,1,0.1,1.0,0,0,27,27,num_co == 3 AND 3.2 <= edu <= 12.8 AND scoma <= 18 AND charges <= 4.62e+05 AND totmcst <= 2.55e+05 AND avtisst <= 32.7 AND dementia == 0 AND wblc <= 78.3 AND 54 <= hrt <= 176 AND resp <= 36 AND 36.7 <= temp <= 40.3 AND 32.8 <= pafi <= 607 AND crea <= 8.57 AND 7.37 <= ph <= 7.65 AND urine_was_missing == 0 AND 375 <= urine <= 2.62e+03 AND adls == 5 AND sex == 1 AND income_was_missing == 0 AND dzgroup_CHF == 0 AND dzgroup_Colon Cancer == 0 AND dzclass_Cancer == 1 AND race_hispanic == 0 AND dnr_dnr after sadm == 1 AND dnr_dnr before sadm == 0 AND dnr_no dnr == 0 AND ca_yes == 0,0.1
0,1,0.1,1.0,0,0,30,30,53.8 <= age <= 89.8 AND avtisst <= 40.3 AND sps <= 56.3 AND diabetes == 1 AND dementia == 0 AND 38.4 <= meanbp <= 168 AND 37.4 <= hrt <= 115 AND alb <= 9.58 AND crea <= 7.5 AND 118 <= sod <= 166 AND 7.26 <= ph <= 7.58 AND glucose_was_missing == 1 AND glucose <= 366 AND bun_was_missing == 1 AND adlp_was_missing == 0 AND adls == 5 AND 3.13 <= adlsc <= 6.87 AND dzgroup_CHF == 0 AND dzgroup_COPD == 0 AND dzgroup_Cirrhosis == 0 AND dzgroup_Coma == 0 AND dzgroup_MOSF w/Malig == 0 AND dzclass_Cancer == 1 AND dzclass_Coma == 0 AND race_other == 0 AND dnr_dnr after sadm == 1 AND dnr_no dnr == 0 AND urine_was_missing == 1 AND adlp == 0 AND race_black == 0,0.1
0,1,0.1,1.0,0,0,22,22,dzgroup_Cirrhosis == 0 AND 90.8 <= hrt <= 141 AND pafi <= 520 AND race_black == 0 AND resp <= 57.5 AND dnr_no dnr == 1 AND age >= 25.8 AND dzgroup_Lung Cancer == 0 AND dzclass_Coma == 0 AND avtisst <= 47.2 AND adls == 1 AND charges <= 5.05e+05 AND totmcst <= 2.79e+05 AND 32.4 <= meanbp <= 85.6 AND crea <= 7.3 AND ph >= 7.11 AND 20.3 <= glucose <= 340 AND urine_was_missing == 1 AND dzgroup_COPD == 0 AND dzgroup_Colon Cancer == 0 AND adlsc <= 0.253 AND adlp_was_missing == 1,0.1
1,1,0.1,1.0,0,0,24,24,bun <= 119 AND adlp == 0 AND dnr_dnr before sadm == 0 AND dnr_no dnr == 0 AND dementia == 0 AND glucose_was_missing == 1 AND dzgroup_COPD == 0 AND 38 <= aps <= 86 AND wblc <= 36.5 AND 37.9 <= resp <= 66.1 AND 33.3 <= temp <= 39.2 AND alb <= 9.72 AND 7.21 <= ph <= 7.52 AND dzgroup_Colon Cancer == 0 AND dzgroup_Coma == 0 AND dzgroup_MOSF w/Malig == 1 AND race_black == 0 AND race_other == 0 AND ca_no == 0 AND ca_yes == 1 AND 3.63 <= edu <= 20.4 AND adls == 1 AND income_was_missing == 1 AND dnr_dnr after sadm == 1,0.1
0,1,0.1,1.0,0,0,22,22,race_other == 0 AND aps <= 29.6 AND dzgroup_Cirrhosis == 0 AND diabetes == 0 AND totcst <= 1.42e+05 AND dzgroup_Coma == 0 AND dzgroup_Lung Cancer == 0 AND avtisst <= 23.3 AND race_black == 0 AND dnr_dnr before sadm == 0 AND glucose_was_missing == 0 AND wblc <= 72.2 AND sex == 1 AND dzclass_COPD/CHF/Cirrhosis == 1 AND dnr_dnr after sadm == 1 AND 1.94 <= edu <= 22.2 AND dementia == 0 AND dnrday <= 114 AND bun_was_missing == 0 AND dnr_no dnr == 0 AND bun <= 90.3 AND adlp == 0,0.1
0,1,0.1,1.0,0,0,23,23,urine_was_missing == 1 AND charges <= 5.05e+05 AND avtisst <= 47.2 AND urine <= 3.81e+03 AND dzgroup_COPD == 0 AND dzgroup_Lung Cancer == 0 AND race_other == 0 AND glucose <= 287 AND glucose_was_missing == 1 AND race_asian == 0 AND race_black == 1 AND scoma <= 34.5 AND totcst <= 1.88e+05 AND dnr_dnr after sadm == 0 AND num_co == 3 AND totmcst <= 1.73e+05 AND 8.28 <= hrt <= 148 AND 4.16 <= resp <= 35.8 AND 35.2 <= temp <= 40.4 AND race_hispanic == 0 AND race_white == 0 AND 1.29 <= adlsc <= 6.17 AND dzgroup_MOSF w/Malig == 0,0.1
0,1,0.1,1.0,0,0,30,30,charges <= 1.89e+05 AND totcst <= 1.49e+05 AND aps <= 80.6 AND diabetes == 1 AND 221 <= pafi <= 436 AND alb <= 12.1 AND bili <= 19 AND 118 <= sod <= 144 AND glucose_was_missing == 1 AND glucose <= 335 AND bun_was_missing == 1 AND bun <= 90.3 AND 120 <= urine <= 5.06e+03 AND sex == 1 AND income_was_missing == 1 AND income == 1 AND dzgroup_COPD == 0 AND dzgroup_Lung Cancer == 0 AND race_black == 1 AND race_other == 0 AND dnr_dnr after sadm == 0 AND 6.33 <= edu <= 19.7 AND crea <= 6.67 AND dzgroup_Cirrhosis == 0 AND dzgroup_MOSF w/Malig == 0 AND dnr_no dnr == 1 AND 4.24 <= resp <= 51.8 AND dzgroup_Coma == 0 AND ca_yes == 0 AND dnr_dnr before sadm == 0,0.1
0,1,0.1,1.0,0,0,16,16,race_other == 0 AND dzgroup_Cirrhosis == 0 AND aps <= 74.9 AND bun <= 161 AND totmcst <= 2.62e+05 AND dzgroup_MOSF w/Malig == 0 AND temp >= 36.4 AND dzclass_Cancer == 0 AND totcst <= 8.4e+04 AND alb <= 14.2 AND bili <= 11.3 AND dzgroup_Coma == 0 AND race_asian == 0 AND 74.6 <= wblc <= 153 AND urine_was_missing == 0 AND adls == 0,0.1
1,1,0.1,1.0,0,0,19,19,charges <= -4.54e+03 AND aps <= 98.9 AND wblc <= 65.3 AND temp <= 38.3 AND bun <= 119 AND urine <= 3.09e+03 AND adlp_was_missing == 1 AND income == 1 AND dzgroup_COPD == 0 AND dzgroup_Lung Cancer == 0 AND dzgroup_MOSF w/Malig == 0 AND dnr_dnr after sadm == 1 AND bili <= 23.1 AND crea <= 6.14 AND 119 <= sod <= 159 AND 7.08 <= ph <= 7.68 AND race_other == 0 AND dnr_dnr before sadm == 0 AND age >= 68.3,0.1
1,1,0.1,1.0,0,0,23,23,58.1 <= age <= 98.3 AND totcst <= 1.42e+05 AND totmcst <= 9.78e+04 AND 9.21 <= avtisst <= 64 AND wblc <= 72.3 AND pafi <= 492 AND bili <= -0.943 AND sex == 0 AND dzgroup_COPD == 0 AND dzgroup_Cirrhosis == 0 AND dzgroup_Lung Cancer == 0 AND dzclass_COPD/CHF/Cirrhosis == 0 AND race_other == 0 AND ca_no == 1 AND ca_yes == 0 AND dnr_dnr after sadm == 1 AND dnr_no dnr == 0 AND race_white == 1 AND dementia == 0 AND 7.47 <= edu <= 20.8 AND 0.489 <= adlsc <= 5.51 AND race_hispanic == 0 AND dzgroup_Coma == 0,0.1
0,1,0.1,1.0,0,0,20,20,edu <= 19.2 AND scoma <= 32.6 AND totmcst <= 2.37e+05 AND diabetes == 0 AND dementia == 0 AND pafi <= 533 AND alb <= 11.7 AND 7.26 <= ph <= 7.58 AND glucose_was_missing == 0 AND bun <= -6.32 AND urine_was_missing == 0 AND adls == 0 AND dzgroup_CHF == 0 AND dzgroup_Coma == 0 AND dzclass_Coma == 0 AND race_asian == 0 AND race_black == 0 AND race_hispanic == 0 AND ca_no == 1 AND 33.5 <= meanbp <= 92.5,0.1
1,1,0.1,1.0,0,0,22,22,dzgroup_COPD == 0 AND totcst <= 1.42e+05 AND dnr_no dnr == 0 AND num_co == 2 AND income_was_missing == 1 AND 6.09 <= edu <= 21.9 AND crea <= 9.05 AND 7.28 <= ph <= 7.66 AND dzgroup_CHF == 0 AND dzgroup_Cirrhosis == 0 AND dnr_dnr before sadm == 0 AND adls == 1 AND scoma <= 35.5 AND 33.3 <= temp <= 39.1 AND pafi <= 492 AND adlp == 0 AND 1.36 <= adlsc <= 4.76 AND sex == 1 AND race_hispanic == 0 AND dzgroup_Lung Cancer == 0 AND dnr_dnr after sadm == 1 AND race_black == 0,0.1
1,1,0.1,1.0,0,0,22,22,hrt <= 146 AND adlp_was_missing == 1 AND dzgroup_CHF == 0 AND dzgroup_COPD == 0 AND 18.4 <= age <= 80.2 AND totmcst <= 2.58e+05 AND dementia == 0 AND dzgroup_Colon Cancer == 0 AND dnr_dnr after sadm == 1 AND diabetes == 1 AND bun <= 103 AND income == 1 AND race_hispanic == 0 AND ca_yes == 0 AND dnr_no dnr == 0 AND urine <= 3.4e+03 AND dzgroup_Lung Cancer == 0 AND race_white == 1 AND 38.5 <= aps <= 117 AND 75.5 <= meanbp <= 172 AND bun_was_missing == 0 AND income_was_missing == 1,0.1
1,1,0.1,1.0,0,0,32,32,27.8 <= age <= 86.4 AND num_co == 1 AND 2.5 <= scoma <= 71.5 AND totcst <= 1.37e+05 AND totmcst <= 1.21e+05 AND 5.06 <= avtisst <= 38.9 AND 0.881 <= sps <= 56.3 AND diabetes == 0 AND dnrday <= 60.8 AND 25.2 <= meanbp <= 111 AND 14.5 <= hrt <= 122 AND bili <= 11.2 AND 7.19 <= ph <= 7.73 AND glucose_was_missing == 1 AND glucose <= 382 AND bun <= 97.8 AND adlp_was_missing == 1 AND adls == 6 AND adlsc >= 4.2 AND income_was_missing == 1 AND income == 1 AND dzgroup_Cirrhosis == 0 AND dzgroup_Colon Cancer == 0 AND dzgroup_MOSF w/Malig == 1 AND dzclass_COPD/CHF/Cirrhosis == 0 AND dzclass_Coma == 0 AND race_black == 0 AND race_other == 0 AND ca_no == 0 AND dnr_dnr after sadm == 1 AND dnr_dnr before sadm == 0 AND dnr_no dnr == 0,0.1
1,1,0.1,1.0,0,0,13,13,dnr_dnr before sadm == 0 AND dzclass_Cancer == 0 AND sex == 0 AND dnr_dnr after sadm == 1 AND dzgroup_Cirrhosis == 0 AND ca_yes == 1 AND alb <= 10.6 AND dzgroup_Colon Cancer == 0 AND 12.4 <= sps <= 49 AND dzclass_COPD/CHF/Cirrhosis == 0 AND dnr_no dnr == 0 AND pafi <= 384 AND race_asian == 1,0.1
0,1,0.1,1.0,0,0,21,21,dzclass_COPD/CHF/Cirrhosis == 1 AND wblc <= 66.5 AND adlp_was_missing == 0 AND dzclass_Coma == 0 AND dnr_dnr before sadm == 0 AND diabetes == 0 AND dzgroup_Colon Cancer == 0 AND 33.4 <= hrt <= 197 AND dzgroup_Lung Cancer == 0 AND 2.39 <= edu <= 21.6 AND resp <= 34.9 AND 7.11 <= ph <= 7.73 AND dzgroup_Cirrhosis == 0 AND 3.97 <= alb <= 9.58 AND avtisst <= 20.4 AND dnrday <= 74 AND crea <= 5.27 AND 345 <= urine <= 3.58e+03 AND dzgroup_MOSF w/Malig == 0 AND bun_was_missing == 1 AND totmcst <= 2.23e+05,0.1
0,1,0.1,1.0,0,0,24,24,crea <= 7.3 AND adlp == 0 AND scoma <= 34.5 AND charges <= 5.12e+05 AND adls == 1 AND dzclass_Coma == 0 AND dnr_dnr after sadm == 0 AND urine_was_missing == 1 AND dnrday <= 82.4 AND 7.29 <= ph <= 7.75 AND sex == 1 AND dzgroup_CHF == 0 AND race_black == 0 AND race_other == 0 AND dnr_no dnr == 1 AND 5.33 <= sps <= 31.1 AND diabetes == 0 AND dzgroup_Coma == 0 AND dnr_dnr before sadm == 0 AND 1.86 <= adlsc <= 4.05 AND ca_no == 0 AND 48.2 <= meanbp <= 172 AND adlp_was_missing == 1 AND race_asian == 0,0.1
0,1,0.1,1.0,0,0,19,19,dzclass_Cancer == 1 AND dzgroup_CHF == 0 AND race_black == 0 AND race_asian == 0 AND dnr_no dnr == 1 AND 31.5 <= meanbp <= 122 AND resp <= 51.3 AND 104 <= pafi <= 438 AND totcst <= 2.47e+05 AND dnrday <= 114 AND dzclass_COPD/CHF/Cirrhosis == 0 AND race_other == 0 AND dementia == 0 AND adlp_was_missing == 0 AND adlsc <= 2.51 AND dzgroup_Colon Cancer == 0 AND dnr_dnr after sadm == 0 AND 3.49 <= edu <= 16.5 AND dzgroup_MOSF w/Malig == 0,0.1
1,1,0.1,1.0,0,0,21,21,dzgroup_Cirrhosis == 0 AND avtisst >= 29.1 AND dementia == 0 AND adlp == 0 AND dzclass_Cancer == 0 AND dnr_no dnr == 0 AND dzgroup_Colon Cancer == 0 AND totcst <= 2.31e+05 AND 118 <= sod <= 156 AND dzgroup_Lung Cancer == 0 AND 4.09 <= edu <= 19.9 AND dzclass_Coma == 0 AND dzgroup_Coma == 0 AND race_hispanic == 0 AND alb <= 10.6 AND diabetes == 0 AND urine_was_missing == 1 AND 705 <= urine <= 3.22e+03 AND dzgroup_MOSF w/Malig == 0 AND dnr_dnr after sadm == 1 AND sex == 1,0.1
0,1,0.1,1.0,0,0,21,21,edu <= 20.9 AND charges <= -2.56e+05 AND totmcst <= 1.2e+05 AND wblc <= 56.7 AND 35.7 <= hrt <= 130 AND resp <= 63.6 AND 33.7 <= temp <= 37.6 AND alb <= 8.31 AND crea <= 10.4 AND 345 <= urine <= 3.58e+03 AND adlsc >= 4.13 AND sex == 1 AND income_was_missing == 0 AND dzgroup_Coma == 0 AND dzgroup_Lung Cancer == 0 AND dzclass_Coma == 0 AND race_hispanic == 0 AND ca_yes == 0 AND dnr_dnr after sadm == 0 AND dnr_dnr before sadm == 0 AND dzgroup_COPD == 0,0.1
0,1,0.1,1.0,0,0,19,19,dnr_dnr after sadm == 0 AND race_other == 0 AND avtisst <= 42.3 AND diabetes == 0 AND sps <= 48 AND adlp == 0 AND dementia == 0 AND 1.64 <= edu <= 22.4 AND 7.22 <= ph <= 7.73 AND dzclass_Cancer == 0 AND dzclass_COPD/CHF/Cirrhosis == 0 AND 121 <= sod <= 155 AND glucose_was_missing == 0 AND urine <= 4.64e+03 AND income_was_missing == 1 AND crea <= 9.96 AND race_black == 1 AND dzgroup_MOSF w/Malig == 0 AND wblc <= 56,0.1
1,1,0.1,1.0,0,0,23,22,dzclass_Cancer == 0 AND dnr_dnr before sadm == 0 AND dnr_dnr after sadm == 1 AND dnr_no dnr == 0 AND adlp == 0 AND 9.18 <= edu <= 22.8 AND dzclass_COPD/CHF/Cirrhosis == 0 AND totmcst <= 1.73e+05 AND 7.22 <= ph <= 7.7 AND urine_was_missing == 0 AND dzgroup_CHF == 0 AND race_hispanic == 0 AND avtisst >= 23.5 AND glucose <= 377 AND 28.5 <= bun <= 113 AND dzgroup_COPD == 0 AND sex == 1 AND dementia == 0 AND dnrday <= 70.1 AND ca_yes == 1 AND 35.1 <= temp <= 40.5 AND income_was_missing == 0,0.1
0,1,0.1,1.0,0,0,21,21,race_other == 0 AND dzgroup_Coma == 0 AND crea <= 7.3 AND totcst <= 1.15e+05 AND diabetes == 0 AND glucose_was_missing == 1 AND 5.33 <= sps <= 40.7 AND wblc <= 80.2 AND 38.7 <= age <= 65.5 AND income == 0 AND alb <= 9.43 AND 30 <= urine <= 3.9e+03 AND 7.9 <= meanbp <= 161 AND race_white == 1 AND dnr_dnr after sadm == 0 AND dnr_dnr before sadm == 0 AND scoma <= 14.5 AND 33.3 <= temp <= 39.1 AND bun_was_missing == 1 AND adlp == 3 AND ca_yes == 0,0.1
0,1,0.1,1.0,0,0,19,19,dzclass_COPD/CHF/Cirrhosis == 0 AND crea <= 6.74 AND race_black == 0 AND dnr_no dnr == 1 AND 52.5 <= meanbp <= 121 AND age >= 25.8 AND totcst <= 2.47e+05 AND race_other == 0 AND 2.67e+04 <= charges <= 3.45e+05 AND 3.72 <= avtisst <= 25.3 AND 5.48 <= resp <= 34.5 AND income == 1 AND dzgroup_Coma == 0 AND dzgroup_MOSF w/Malig == 0 AND race_asian == 0 AND ca_no == 0 AND dnrday <= 83.8 AND dzgroup_COPD == 0 AND dnr_dnr after sadm == 0,0.1
0,1,0.1,1.0,0,0,13,13,1.43 <= alb <= 11.6 AND dzclass_Cancer == 0 AND dnr_dnr after sadm == 0 AND sps <= 48.1 AND dzgroup_COPD == 0 AND glucose_was_missing == 1 AND race_asian == 0 AND 3.21 <= aps <= 56.8 AND diabetes == 0 AND 7.57 <= ph <= 7.6 AND income == 0 AND scoma <= 14.5 AND totmcst <= 2.28e+05,0.1
0,1,0.1,1.0,0,0,19,19,totcst <= 2.42e+05 AND resp <= 28.3 AND glucose <= 969 AND dzgroup_Cirrhosis == 0 AND dzgroup_Colon Cancer == 0 AND dzgroup_Coma == 0 AND race_white == 1 AND dnr_dnr after sadm == 1 AND 7.3 <= ph <= 7.64 AND meanbp >= 42.8 AND adls == 1 AND dnr_dnr before sadm == 0 AND urine_was_missing == 0 AND adlp_was_missing == 0 AND scoma <= 24 AND dementia == 0 AND urine <= 5.3e+03 AND race_other == 0 AND adlp == 6,0.1
0,1,0.1,1.0,0,0,10,10,dnr_no dnr == 1 AND 25.8 <= age <= 81.1 AND adlp == 0 AND 0.0195 <= adlsc <= 4.38 AND bun_was_missing == 1 AND alb <= 11.6 AND 3.97 <= crea <= 7.3 AND glucose <= 340 AND urine_was_missing == 1 AND hrt <= 113,0.1
0,1,0.1,1.0,0,0,20,20,dzclass_COPD/CHF/Cirrhosis == 1 AND dzgroup_Colon Cancer == 0 AND race_white == 1 AND alb <= 8.58 AND race_hispanic == 0 AND dnr_dnr before sadm == 0 AND age >= 43.4 AND charges <= 4.31e+05 AND 7.3 <= ph <= 7.64 AND dzclass_Coma == 0 AND race_asian == 0 AND 3.98 <= hrt <= 152 AND num_co == 4 AND 29.8 <= meanbp <= 161 AND resp <= 51.3 AND adls == 1 AND 2.87 <= adlsc <= 5.13 AND race_other == 0 AND 3.59 <= avtisst <= 44.4 AND crea <= 4.77,0.1
1,1,0.1,1.0,0,0,22,22,dzgroup_COPD == 0 AND dzgroup_MOSF w/Malig == 0 AND race_asian == 0 AND dzgroup_Cirrhosis == 0 AND dementia == 0 AND dnr_dnr after sadm == 1 AND 30.8 <= aps <= 101 AND adlp == 0 AND adlp_was_missing == 1 AND edu <= 26.4 AND crea <= 11.8 AND dzgroup_Colon Cancer == 0 AND alb <= 7.54 AND dzgroup_Coma == 1 AND 25.4 <= age <= 63.9 AND diabetes == 0 AND 15.6 <= meanbp <= 32 AND ca_no == 1 AND resp <= 33.8 AND urine <= 4.12e+03 AND dzclass_Coma == 1 AND totcst <= 8.76e+04,0.1
1,1,0.1,1.0,0,0,21,21,dnr_no dnr == 0 AND totcst <= 1.63e+05 AND adlp == 0 AND dzclass_Cancer == 0 AND dnr_dnr before sadm == 0 AND ca_yes == 0 AND 11.4 <= meanbp <= 174 AND wblc <= 74.7 AND 525 <= urine <= 3.4e+03 AND income_was_missing == 1 AND 34 <= sps <= 49 AND glucose <= 477 AND dzgroup_COPD == 0 AND dzgroup_Colon Cancer == 0 AND dzgroup_MOSF w/Malig == 0 AND 47.7 <= age <= 98.3 AND num_co == 3 AND 7.28 <= ph <= 7.66 AND urine_was_missing == 0 AND sex == 0 AND dzgroup_Cirrhosis == 0,0.1
1,1,0.1,1.0,0,0,19,19,income_was_missing == 0 AND dnrday <= 55.5 AND race_asian == 0 AND ca_yes == 0 AND 56.8 <= pafi <= 391 AND bili <= 16.3 AND scoma >= 41.3 AND alb <= 7.54 AND 127 <= sod <= 169 AND urine <= 3.22e+03 AND dzgroup_MOSF w/Malig == 0 AND race_other == 0 AND 5.8 <= edu <= 18.2 AND dnr_dnr before sadm == 0 AND adlsc >= 2.45 AND income == 1 AND num_co == 5 AND 11.8 <= resp <= 52.2 AND dzgroup_Colon Cancer == 0,0.1
1,1,0.1,1.0,0,0,19,19,165 <= urine <= 3.76e+03 AND 23.5 <= avtisst <= 50.8 AND adlp == 0 AND dzgroup_COPD == 0 AND dzgroup_Cirrhosis == 0 AND glucose_was_missing == 1 AND dzclass_Cancer == 0 AND 1.22e+05 <= totmcst <= 2.31e+05 AND race_asian == 0 AND income_was_missing == 1 AND dzgroup_Lung Cancer == 0 AND num_co == 2 AND glucose <= 477 AND bun <= 113 AND adlsc <= 2.41 AND race_other == 0 AND dnr_dnr before sadm == 0 AND dnr_no dnr == 0 AND dzclass_COPD/CHF/Cirrhosis == 0,0.1
1,1,0.1,1.0,0,0,20,20,avtisst >= 23.5 AND race_hispanic == 0 AND dnr_dnr after sadm == 1 AND dementia == 0 AND diabetes == 0 AND 2.11 <= adlsc <= 6.78 AND ca_yes == 1 AND dnr_dnr before sadm == 0 AND dnr_no dnr == 0 AND dzclass_Cancer == 0 AND bun_was_missing == 0 AND race_white == 1 AND 10.8 <= sps <= 63.4 AND hrt <= 146 AND alb <= 11.4 AND 1.34 <= crea <= 13.1 AND dzclass_COPD/CHF/Cirrhosis == 0 AND glucose_was_missing == 0 AND adls == 6 AND dzgroup_Colon Cancer == 0,0.1
1,1,0.1,1.0,0,0,19,19,dnr_no dnr == 0 AND 112 <= sod <= 156 AND meanbp <= 127 AND dzgroup_COPD == 0 AND dzgroup_CHF == 0 AND race_asian == 0 AND avtisst >= 20.5 AND diabetes == 0 AND dzgroup_Colon Cancer == 0 AND dzgroup_MOSF w/Malig == 0 AND totcst <= 1.96e+05 AND 25.4 <= age <= 63.9 AND charges <= 4.73e+05 AND totmcst <= 2.71e+05 AND aps <= 77.2 AND bun <= 4.26 AND income_was_missing == 1 AND 7.22 <= ph <= 7.5 AND dzclass_Cancer == 0,0.1
0,1,0.1,1.0,0,0,18,18,dzgroup_Coma == 0 AND race_other == 0 AND 1.94 <= edu <= 20.9 AND bili <= 16.9 AND glucose <= 581 AND dzgroup_Colon Cancer == 0 AND dnr_dnr after sadm == 0 AND urine_was_missing == 1 AND dnr_no dnr == 1 AND dnr_dnr before sadm == 0 AND adlsc <= 2.66 AND scoma <= 34.5 AND 30.3 <= aps <= 74.9 AND 34.1 <= temp <= 37.9 AND glucose_was_missing == 0 AND dzgroup_Cirrhosis == 0 AND race_asian == 0 AND ca_yes == 0,0.1
0,1,0.1,1.0,0,0,21,21,race_other == 0 AND aps <= 29.6 AND dzgroup_Cirrhosis == 0 AND diabetes == 0 AND totcst <= 1.42e+05 AND dzgroup_Coma == 0 AND dzgroup_Lung Cancer == 0 AND avtisst <= 23.3 AND race_black == 0 AND dnr_dnr before sadm == 0 AND glucose_was_missing == 0 AND wblc <= 72.2 AND sex == 1 AND dnr_dnr after sadm == 1 AND 1.94 <= edu <= 22.2 AND dementia == 0 AND dnrday <= 114 AND bun_was_missing == 0 AND dnr_no dnr == 0 AND crea <= 4.89 AND dzclass_Coma == 0,0.1
1,1,0.0998510187910895,0.6307692307692307,65,41,20,20,dzgroup_Lung Cancer == 0 AND dzclass_COPD/CHF/Cirrhosis == 0 AND bun <= 85.8 AND avtisst >= 30.2 AND dnrday <= 55.5 AND 8.65 <= meanbp <= 147 AND pafi <= 524 AND alb <= 10.6 AND 7.29 <= ph <= 7.61 AND 18.7 <= sps <= 45.5 AND bun_was_missing == 1 AND race_other == 0 AND totcst <= 9.77e+04 AND bili <= 11.9 AND sod <= 151 AND glucose <= 326 AND dzgroup_Coma == 0 AND dzclass_Coma == 0 AND race_asian == 0 AND race_black == 0,0.0998510187910895
1,1,0.09958658297887482,0.6304347826086957,46,29,19,19,dnr_no dnr == 0 AND totcst <= 1.97e+05 AND adlp == 0 AND dzclass_Cancer == 0 AND dnr_dnr before sadm == 0 AND 42.8 <= pafi <= 695 AND ca_yes == 0 AND 14.6 <= resp <= 37.4 AND 121 <= sod <= 169 AND totmcst <= 2.71e+05 AND 40.5 <= meanbp <= 174 AND wblc <= 74.7 AND crea <= 13.8 AND 795 <= urine <= 3.14e+03 AND adlp_was_missing == 1 AND income_was_missing == 1 AND income == 1 AND race_asian == 0 AND race_black == 0,0.09958658297887482
0,1,0.096754378250535,0.9933333333333334,0,0,20,20,dnr_dnr after sadm == 0 AND scoma <= 34.5 AND sps <= 48 AND race_asian == 0 AND dzgroup_Cirrhosis == 0 AND totcst <= 8.4e+04 AND race_other == 0 AND dnr_no dnr == 1 AND avtisst <= 28.4 AND glucose <= 314 AND dzgroup_Coma == 0 AND race_black == 0 AND 11.1 <= meanbp <= 129 AND 7.14 <= ph <= 7.72 AND charges <= 4.09e+05 AND aps <= 5.87 AND crea <= 7.3 AND dzgroup_MOSF w/Malig == 0 AND totmcst <= 1.33e+05 AND pafi <= 438,0.096754378250535
0,1,0.09645537937102894,0.9927007299270073,0,0,16,16,dementia == 0 AND avtisst <= 25.3 AND race_other == 0 AND wblc <= 72.2 AND 7.09 <= ph <= 7.73 AND dzgroup_Cirrhosis == 0 AND ca_yes == 0 AND charges <= 4.45e+05 AND dzgroup_Lung Cancer == 0 AND dzclass_COPD/CHF/Cirrhosis == 1 AND race_asian == 0 AND 7.77 <= edu <= 17.6 AND dnrday <= 65.1 AND 35.5 <= meanbp <= 129 AND dzgroup_MOSF w/Malig == 0 AND hrt <= 148,0.09645537937102894
0,1,0.09561685667273101,0.990909090909091,0,0,23,23,glucose_was_missing == 1 AND dzclass_COPD/CHF/Cirrhosis == 0 AND dzgroup_COPD == 0 AND adlp == 0 AND dzgroup_Cirrhosis == 0 AND dzgroup_MOSF w/Malig == 0 AND dnr_dnr before sadm == 0 AND sps <= 51.7 AND alb <= 9.01 AND hrt <= 157 AND glucose <= 314 AND 31.5 <= meanbp <= 158 AND ca_yes == 0 AND charges >= 8.57e+05 AND 2.39 <= edu <= 26.7 AND race_black == 0 AND dzgroup_Colon Cancer == 0 AND scoma <= 34.5 AND diabetes == 0 AND race_asian == 0 AND race_other == 0 AND race_white == 1 AND totmcst <= 1.94e+05,0.09561685667273101
1,1,0.095367431640625,0.625,16,10,17,17,avtisst >= 23.5 AND race_hispanic == 0 AND dnr_dnr after sadm == 1 AND dementia == 0 AND diabetes == 0 AND glucose <= 377 AND dzclass_Coma == 0 AND ca_yes == 1 AND dnr_dnr before sadm == 0 AND dzclass_Cancer == 0 AND dzgroup_Cirrhosis == 0 AND 121 <= sod <= 146 AND adlp == 0 AND sex == 0 AND dzgroup_Colon Cancer == 0 AND dzgroup_Coma == 0 AND charges <= 3.02e+05,0.095367431640625
0,1,0.095367431640625,0.625,24,15,19,19,sps <= 46 AND 34.2 <= temp <= 40.8 AND glucose_was_missing == 1 AND urine_was_missing == 1 AND dzgroup_Coma == 0 AND dzgroup_MOSF w/Malig == 0 AND 73.9 <= hrt <= 208 AND bili <= 22.9 AND race_black == 1 AND charges <= 5.73e+05 AND 6.75 <= aps <= 77.2 AND pafi <= 335 AND bun_was_missing == 1 AND sex == 1 AND totmcst <= 3.46e+05 AND urine <= 5.25e+03 AND adlp_was_missing == 1 AND race_hispanic == 0 AND ca_no == 1,0.095367431640625
1,1,0.095367431640625,0.625,8,5,20,20,income_was_missing == 0 AND pafi <= 524 AND dzgroup_Coma == 0 AND dzgroup_Lung Cancer == 0 AND race_asian == 0 AND avtisst >= 37.8 AND 7.29 <= ph <= 7.61 AND adlp == 0 AND dnr_no dnr == 1 AND dnrday <= 55.5 AND dzgroup_COPD == 0 AND 8.65 <= meanbp <= 147 AND alb <= 10.6 AND sex == 0 AND dzgroup_CHF == 0 AND dzclass_Coma == 0 AND 11.8 <= sps <= 60.3 AND diabetes == 0 AND hrt <= 70 AND dnr_dnr before sadm == 0,0.095367431640625
1,1,0.095367431640625,0.625,8,5,19,19,dzclass_Cancer == 0 AND dnr_dnr before sadm == 0 AND dzclass_COPD/CHF/Cirrhosis == 0 AND adlp_was_missing == 1 AND pafi <= 391 AND alb <= 7.54 AND 7.22 <= ph <= 7.7 AND race_white == 1 AND dzgroup_Lung Cancer == 0 AND scoma >= 72.5 AND totcst <= 1.09e+05 AND 5.8 <= edu <= 18.2 AND dementia == 0 AND bili <= 16.3 AND 127 <= sod <= 169 AND income_was_missing == 0 AND dzgroup_MOSF w/Malig == 0 AND ca_yes == 0 AND race_asian == 0,0.095367431640625
1,1,0.095367431640625,0.625,8,5,20,20,dzclass_Cancer == 0 AND dnr_dnr before sadm == 0 AND dzclass_COPD/CHF/Cirrhosis == 0 AND adlp_was_missing == 1 AND pafi <= 391 AND alb <= 7.54 AND 7.22 <= ph <= 7.7 AND race_white == 1 AND dzgroup_Lung Cancer == 0 AND scoma >= 72.5 AND totcst <= 1.09e+05 AND 5.8 <= edu <= 18.2 AND dementia == 0 AND bili <= 16.3 AND 127 <= sod <= 169 AND income_was_missing == 0 AND dzgroup_MOSF w/Malig == 0 AND ca_yes == 0 AND charges <= 2.2e+05 AND glucose <= 361,0.095367431640625
1,1,0.095367431640625,0.625,144,90,15,15,dzgroup_COPD == 0 AND dnr_no dnr == 0 AND dzgroup_CHF == 0 AND race_hispanic == 0 AND totcst <= 1.42e+05 AND hrt <= 146 AND pafi <= 492 AND bili <= 9.19 AND 0.237 <= crea <= 5.56 AND 7.47 <= edu <= 17.8 AND adlp_was_missing == 1 AND income_was_missing == 0 AND race_asian == 0 AND ca_no == 0 AND dnrday <= 62,0.095367431640625
0,1,0.09395913818938123,0.9872881355932204,0,0,22,22,bun_was_missing == 0 AND glucose_was_missing == 0 AND adlp == 0 AND dzclass_COPD/CHF/Cirrhosis == 0 AND race_asian == 0 AND diabetes == 1 AND 1 <= crea <= 7.39 AND adls == 1 AND income == 1 AND dzgroup_COPD == 0 AND dzclass_Coma == 0 AND dnr_no dnr == 1 AND charges <= 3.26e+05 AND dzgroup_Cirrhosis == 0 AND 30.7 <= age <= 68.4 AND aps <= 46.8 AND 7.23 <= ph <= 7.61 AND glucose <= 392 AND dzgroup_MOSF w/Malig == 0 AND race_hispanic == 0 AND race_other == 0 AND dnrday <= 152,0.09395913818938123
1,1,0.09358157525624025,0.6226415094339622,53,33,24,24,dzgroup_Lung Cancer == 0 AND dzclass_COPD/CHF/Cirrhosis == 0 AND bun <= 85.8 AND avtisst >= 30.2 AND race_white == 1 AND dnrday <= 55.5 AND 8.65 <= meanbp <= 147 AND pafi <= 524 AND alb <= 10.6 AND 7.29 <= ph <= 7.61 AND 18.7 <= sps <= 45.5 AND bun_was_missing == 1 AND race_other == 0 AND totcst <= 9.77e+04 AND 21.6 <= hrt <= 185 AND bili <= 11.9 AND sod <= 151 AND glucose <= 326 AND dzgroup_Coma == 0 AND dzclass_Coma == 0 AND race_asian == 0 AND race_black == 0 AND dzgroup_Colon Cancer == 0 AND dzgroup_MOSF w/Malig == 0,0.09358157525624025
0,1,0.09220401028806585,0.9833333333333334,0,0,15,15,ca_yes == 0 AND 31.5 <= meanbp <= 169 AND dnrday <= 75.1 AND adlp_was_missing == 0 AND resp <= 57.5 AND dzclass_Coma == 0 AND totcst <= 2.04e+05 AND 30.3 <= aps <= 78.5 AND glucose <= 581 AND dzgroup_CHF == 0 AND charges <= 4.31e+05 AND 32.8 <= temp <= 39.7 AND crea <= 5.27 AND pafi <= 296 AND race_hispanic == 0,0.09220401028806585
0,1,0.09220401028806585,0.9833333333333334,0,0,20,20,dnrday <= 75.1 AND dzgroup_Cirrhosis == 0 AND dzgroup_COPD == 0 AND dzgroup_Lung Cancer == 0 AND totmcst <= 1.23e+05 AND crea <= 6.86 AND dzclass_Cancer == 0 AND 1.49 <= edu <= 14.5 AND resp <= 47.4 AND dzgroup_Colon Cancer == 0 AND race_other == 0 AND dnr_no dnr == 1 AND scoma <= 34.5 AND diabetes == 0 AND hrt <= 51.2 AND sod <= 155 AND ph >= 7.23 AND dnr_dnr after sadm == 0 AND 18.1 <= bili <= 36.9 AND adlp_was_missing == 0,0.09220401028806585
0,1,0.09220401028806585,0.9833333333333334,0,0,16,16,race_asian == 0 AND dzclass_Cancer == 0 AND avtisst <= 42.7 AND race_white == 1 AND adlp_was_missing == 0 AND dzclass_Coma == 0 AND glucose_was_missing == 1 AND diabetes == 1 AND urine <= 5.3e+03 AND dnr_dnr before sadm == 0 AND age >= 25.8 AND 113 <= sod <= 155 AND 7.11 <= ph <= 7.73 AND bun <= 113 AND income == 0 AND race_other == 0,0.09220401028806585
1,1,0.09212394683496279,0.6206896551724138,29,18,13,13,dnr_dnr after sadm == 1 AND adlp == 0 AND dzgroup_Colon Cancer == 0 AND dzclass_Coma == 0 AND adlp_was_missing == 1 AND totcst <= 1.03e+05 AND dzclass_COPD/CHF/Cirrhosis == 0 AND 9.18 <= edu <= 22.8 AND wblc <= 57.4 AND dzgroup_CHF == 0 AND dnr_dnr before sadm == 0 AND sps <= 65.2 AND dzgroup_COPD == 0,0.09212394683496279
0,1,0.09183114484356075,0.6202945990180033,611,379,11,11,6.2 <= meanbp <= 128 AND dzgroup_COPD == 0 AND resp <= 35.8 AND adlp == 0 AND charges <= 6.58e+05 AND 21 <= hrt <= 143 AND alb <= 12.6 AND adlp_was_missing == 1 AND race_other == 0 AND dnr_dnr before sadm == 0 AND 0.375 <= edu <= 23.6,0.09183114484356075
1,1,0.09168681053188404,0.9821428571428572,0,0,18,18,dzgroup_Cirrhosis == 0 AND avtisst >= 31 AND dementia == 0 AND dzclass_Cancer == 0 AND dnr_no dnr == 0 AND dnrday <= 119 AND bun <= 103 AND dzgroup_CHF == 0 AND ca_yes == 0 AND dzgroup_Colon Cancer == 0 AND 47.7 <= age <= 73.7 AND totcst <= 2.31e+05 AND alb <= 11.2 AND 118 <= sod <= 156 AND scoma >= 10.5 AND charges <= 5.18e+05 AND 1.92 <= sps <= 66.3 AND dzclass_COPD/CHF/Cirrhosis == 0,0.09168681053188404
1,1,0.09161328319999999,0.62,50,31,23,23,dzgroup_Lung Cancer == 0 AND dzclass_COPD/CHF/Cirrhosis == 0 AND bun <= 85.8 AND avtisst >= 30.2 AND race_white == 1 AND dnrday <= 55.5 AND 8.65 <= meanbp <= 147 AND pafi <= 524 AND alb <= 10.6 AND 7.29 <= ph <= 7.61 AND 18.7 <= sps <= 45.5 AND bun_was_missing == 1 AND race_other == 0 AND totcst <= 9.77e+04 AND 21.6 <= hrt <= 185 AND bili <= 11.9 AND sod <= 151 AND dzgroup_Coma == 0 AND race_asian == 0 AND race_black == 0 AND dzgroup_Colon Cancer == 0 AND dzgroup_MOSF w/Malig == 0 AND crea <= 5.86,0.09161328319999999
0,1,0.09091180653955425,0.6190476190476191,84,52,21,21,32.1 <= age <= 77.4 AND scoma <= 26 AND bili <= 22.9 AND dzgroup_Coma == 0 AND race_asian == 0 AND dnr_dnr before sadm == 0 AND 8.02 <= hrt <= 226 AND dzgroup_Colon Cancer == 0 AND sps <= 55 AND dementia == 0 AND alb <= 9.01 AND dzgroup_Lung Cancer == 0 AND 4.71 <= edu <= 20.9 AND wblc <= 71.5 AND 6.36 <= resp <= 33.6 AND 52.5 <= pafi <= 395 AND glucose_was_missing == 1 AND dzgroup_Cirrhosis == 0 AND dzclass_COPD/CHF/Cirrhosis == 0 AND race_other == 0 AND race_black == 0,0.09091180653955425
1,1,0.08962352181917531,0.9772727272727273,0,0,19,19,dzgroup_Lung Cancer == 0 AND dzclass_COPD/CHF/Cirrhosis == 0 AND avtisst >= 37.8 AND race_other == 0 AND 21.6 <= hrt <= 219 AND bili <= 11.6 AND dzclass_Coma == 0 AND race_asian == 0 AND age >= 59.4 AND diabetes == 0 AND 39 <= meanbp <= 59.9 AND charges <= -1.81e+05 AND 0.685 <= edu <= 23.3 AND glucose <= 477 AND adlp == 0 AND dnr_dnr after sadm == 1 AND dnr_dnr before sadm == 0 AND dzgroup_Cirrhosis == 0 AND dzclass_Cancer == 0,0.08962352181917531
0,1,0.08555147887685315,0.967032967032967,0,0,19,19,sex == 1 AND dzgroup_COPD == 0 AND avtisst <= 20.4 AND race_asian == 0 AND dzgroup_Cirrhosis == 1 AND 30.3 <= aps <= 78.5 AND 3.76 <= resp <= 44.2 AND glucose_was_missing == 0 AND bun_was_missing == 0 AND race_hispanic == 0 AND bili <= 22.9 AND totmcst <= 2.97e+05 AND diabetes == 0 AND alb <= 9.58 AND bun <= 113 AND dzgroup_Coma == 0 AND crea <= 7.71 AND urine <= 2.43e+03 AND race_other == 0,0.08555147887685315
1,1,0.0848279316175058,0.9651162790697674,0,0,19,19,52.5 <= scoma <= 87 AND race_other == 0 AND adlp == 0 AND race_hispanic == 0 AND dnr_dnr after sadm == 1 AND sex == 0 AND dementia == 0 AND hrt >= 72.9 AND glucose <= 498 AND adlp_was_missing == 1 AND dzclass_Cancer == 0 AND avtisst <= 50.8 AND glucose_was_missing == 1 AND bun <= 103 AND dzgroup_Lung Cancer == 0 AND dzgroup_MOSF w/Malig == 0 AND dzclass_COPD/CHF/Cirrhosis == 0 AND race_asian == 0 AND race_black == 0,0.0848279316175058
1,1,0.08413505453786807,0.9657407407407408,0,0,13,13,totcst <= 1.69e+05 AND wblc <= 46.8 AND income == 0 AND avtisst <= 37.3 AND 35 <= temp <= 39.8 AND adlp == 0 AND race_hispanic == 0 AND charges <= 5.43e+05 AND dzgroup_Lung Cancer == 0 AND dzgroup_MOSF w/Malig == 0 AND dnr_no dnr == 1 AND resp <= 53.9 AND dzclass_Coma == 1,0.08413505453786807
1,1,0.08356049390158359,0.6086956521739131,23,14,15,15,dnr_dnr after sadm == 0 AND income_was_missing == 0 AND dzgroup_Lung Cancer == 0 AND dnrday <= 55.5 AND race_asian == 0 AND ca_yes == 0 AND 56.8 <= pafi <= 391 AND bili <= 16.3 AND scoma >= 74.5 AND alb <= 7.54 AND 127 <= sod <= 169 AND urine <= 3.22e+03 AND dzgroup_MOSF w/Malig == 0 AND race_other == 0 AND 5.8 <= edu <= 18.2,0.08356049390158359
1,1,0.08280335219957867,0.9629629629629629,0,0,18,18,avtisst >= 23.5 AND dnr_dnr after sadm == 1 AND aps <= 101 AND adlp == 0 AND dzgroup_COPD == 0 AND totcst <= 1.58e+05 AND glucose_was_missing == 1 AND dzgroup_Colon Cancer == 0 AND bun <= 113 AND charges <= 4.58e+05 AND 42.8 <= pafi <= 557 AND dzclass_Cancer == 0 AND ca_yes == 0 AND dnr_dnr before sadm == 0 AND hrt <= 140 AND resp <= 51.2 AND 7.25 <= ph <= 7.59 AND race_asian == 1,0.08280335219957867
0,1,0.0819657811400712,0.9572072072072072,0,0,22,22,44 <= age <= 63.3 AND 4.38 <= edu <= 27.6 AND 2.12 <= avtisst <= 44 AND dementia == 0 AND meanbp >= 5.15 AND bili <= 10.3 AND crea <= 6.12 AND bun <= 93.2 AND adlp == 4 AND adls == 6 AND sex == 0 AND dzgroup_CHF == 0 AND dzgroup_Colon Cancer == 0 AND dzgroup_Coma == 0 AND dzgroup_Lung Cancer == 0 AND dzgroup_MOSF w/Malig == 0 AND dzclass_Coma == 0 AND race_hispanic == 1 AND dnr_dnr after sadm == 0 AND totcst <= 1.06e+05 AND dnrday <= 113 AND glucose <= 482,0.0819657811400712
1,1,0.08176741702836612,0.6060606060606061,33,20,18,18,dementia == 0 AND adlp == 0 AND dnr_dnr before sadm == 0 AND dzclass_Cancer == 0 AND sex == 0 AND 121 <= sod <= 159 AND dzclass_Coma == 0 AND dnr_dnr after sadm == 1 AND dzgroup_Cirrhosis == 0 AND adlp_was_missing == 1 AND charges <= 3.31e+05 AND ca_yes == 1 AND diabetes == 0 AND alb <= 10.6 AND dzgroup_Colon Cancer == 0 AND race_asian == 0 AND dzgroup_Coma == 0 AND resp <= 48.4,0.08176741702836612
1,1,0.0817268750282575,0.9565217391304348,0,0,18,18,totcst <= 9.97e+04 AND 17.6 <= avtisst <= 61.4 AND bun_was_missing == 0 AND urine_was_missing == 0 AND adlsc <= 2.09 AND income_was_missing == 0 AND dzclass_COPD/CHF/Cirrhosis == 0 AND dzclass_Cancer == 0 AND ca_yes == 0 AND dnr_no dnr == 0 AND race_hispanic == 0 AND race_other == 0 AND dnr_dnr before sadm == 1 AND 11.4 <= meanbp <= 103 AND dzgroup_Cirrhosis == 0 AND age >= 60.4 AND 35.5 <= aps <= 105 AND bili <= 12.5,0.0817268750282575
1,1,0.08104606615295776,0.9545454545454546,0,0,19,19,dementia == 0 AND dnr_no dnr == 0 AND race_hispanic == 0 AND dzgroup_Colon Cancer == 0 AND charges <= 5.18e+05 AND dzclass_COPD/CHF/Cirrhosis == 0 AND dzclass_Cancer == 0 AND 47.7 <= age <= 65.7 AND 1.92 <= sps <= 66.3 AND 111 <= sod <= 151 AND race_other == 0 AND adlp_was_missing == 1 AND dzgroup_Cirrhosis == 0 AND dzgroup_Coma == 0 AND dzgroup_Lung Cancer == 0 AND ca_no == 0 AND dnr_dnr before sadm == 0 AND glucose_was_missing == 0 AND adls == 1,0.08104606615295776
0,1,0.08101325305386699,0.9587628865979382,0,0,20,20,31.5 <= meanbp <= 169 AND sod <= 155 AND avtisst <= 5.07 AND crea <= 7.15 AND race_other == 0 AND charges <= 4.16e+05 AND scoma <= 34.5 AND dzgroup_Cirrhosis == 0 AND dzgroup_COPD == 0 AND dementia == 0 AND glucose <= 581 AND adlsc <= 2.66 AND dzgroup_MOSF w/Malig == 0 AND race_asian == 0 AND ca_yes == 0 AND bun <= 143 AND totcst <= 1.25e+05 AND diabetes == 0 AND income == 2 AND dnr_dnr after sadm == 1,0.08101325305386699
1,1,0.08033111840304637,0.9571428571428572,0,0,25,25,dzgroup_COPD == 0 AND dzgroup_MOSF w/Malig == 0 AND race_asian == 0 AND dzgroup_Cirrhosis == 0 AND dnr_dnr before sadm == 0 AND avtisst >= 31 AND totmcst <= 2.74e+05 AND dementia == 0 AND adlp == 0 AND adlp_was_missing == 1 AND dzclass_Cancer == 0 AND 21.6 <= hrt <= 208 AND dnr_no dnr == 0 AND dnrday <= 71.1 AND bun <= 103 AND dzgroup_CHF == 0 AND ca_yes == 0 AND dzgroup_Colon Cancer == 0 AND 25.1 <= age <= 73.7 AND totcst <= 2.31e+05 AND alb <= 11.2 AND 118 <= sod <= 156 AND dzgroup_Lung Cancer == 0 AND urine_was_missing == 1 AND dnr_dnr after sadm == 0,0.08033111840304637
0,1,0.07775999999999998,0.6,5,3,25,25,dzgroup_Colon Cancer == 0 AND dzgroup_Lung Cancer == 0 AND dzclass_Cancer == 0 AND dementia == 0 AND dzgroup_COPD == 0 AND dzgroup_MOSF w/Malig == 0 AND dnr_no dnr == 0 AND 7.5 <= edu <= 19.9 AND 38.3 <= hrt <= 227 AND 118 <= sod <= 156 AND totmcst <= 2.74e+05 AND dnrday <= 71.1 AND alb <= 11.2 AND dzgroup_CHF == 0 AND dzclass_Coma == 0 AND ca_yes == 0 AND dzgroup_Cirrhosis == 0 AND scoma <= 39.5 AND avtisst >= 23.5 AND bili <= 11.3 AND income == 2 AND dzgroup_Coma == 0 AND dnr_dnr after sadm == 1 AND urine <= 3.99e+03 AND dnr_dnr before sadm == 0,0.07775999999999998
1,1,0.07775999999999998,0.6,15,9,13,13,dzgroup_Cirrhosis == 0 AND dzclass_Coma == 0 AND race_hispanic == 0 AND dnr_dnr after sadm == 1 AND dementia == 0 AND dzclass_Cancer == 0 AND dnr_dnr before sadm == 0 AND 30.5 <= aps <= 101 AND bun <= 113 AND dzgroup_COPD == 0 AND dzgroup_Colon Cancer == 0 AND race_other == 0 AND glucose_was_missing == 1,0.07775999999999998
1,1,0.07775999999999998,0.6,5,3,16,16,avtisst >= 23.5 AND urine_was_missing == 1 AND dzgroup_Cirrhosis == 0 AND dzgroup_Colon Cancer == 0 AND dzclass_Cancer == 0 AND adlp == 0 AND totcst <= 1.96e+05 AND race_black == 0 AND 15.5 <= resp <= 52.5 AND bun <= 76.8 AND 23.6 <= meanbp <= 84.4 AND 7.26 <= ph <= 7.54 AND dzgroup_COPD == 0 AND dzgroup_MOSF w/Malig == 0 AND dzclass_Coma == 0 AND 4.71 <= edu <= 19.3,0.07775999999999998
1,1,0.07775999999999998,0.6,45,27,20,20,pafi <= 492 AND dnr_no dnr == 0 AND bili <= 11.6 AND charges <= 5.18e+05 AND sps <= 62.2 AND dzgroup_Cirrhosis == 0 AND 118 <= sod <= 156 AND 7 <= ph <= 7.62 AND dzgroup_Colon Cancer == 0 AND dzgroup_MOSF w/Malig == 0 AND race_hispanic == 0 AND wblc <= 55.5 AND 7.47 <= edu <= 17.8 AND dnrday <= 101 AND 56.6 <= meanbp <= 157 AND glucose_was_missing == 0 AND urine <= 4.22e+03 AND dzgroup_CHF == 0 AND glucose <= 317 AND adlp == 0,0.07775999999999998
0,1,0.07775999999999998,0.6,15,9,12,12,dzgroup_Cirrhosis == 0 AND scoma <= 34.5 AND crea <= 6.42 AND 31.5 <= meanbp <= 169 AND glucose <= 508 AND race_asian == 0 AND charges <= 5.12e+05 AND wblc <= 82 AND income_was_missing == 1 AND dzgroup_Colon Cancer == 0 AND race_black == 0 AND bun <= 113,0.07775999999999998
0,1,0.07775999999999998,0.6,5,3,20,20,sod <= 155 AND race_other == 0 AND dzgroup_Cirrhosis == 0 AND adlsc <= 4.58 AND sex == 0 AND scoma <= 14.5 AND pafi <= 321 AND dnr_dnr before sadm == 0 AND dzgroup_CHF == 0 AND avtisst <= 25.3 AND dementia == 0 AND wblc <= 69.8 AND resp <= 42.1 AND temp >= 33.5 AND bun_was_missing == 0 AND urine_was_missing == 0 AND dzgroup_Lung Cancer == 0 AND race_black == 0 AND ca_yes == 1 AND 5.46 <= edu <= 26.5,0.07775999999999998
0,1,0.07775999999999998,0.6,5,3,19,19,dementia == 0 AND 94 <= pafi <= 343 AND 7.21 <= ph <= 7.64 AND dzgroup_CHF == 0 AND dzgroup_Coma == 0 AND dzgroup_MOSF w/Malig == 1 AND wblc <= 87.9 AND dnr_dnr before sadm == 0 AND dzgroup_Colon Cancer == 0 AND dzclass_Coma == 0 AND race_asian == 0 AND totmcst <= 5.49e+05 AND avtisst <= 46.2 AND sps <= 55 AND alb <= 9.01 AND bili <= 22.9 AND dzgroup_Lung Cancer == 0 AND dzclass_Cancer == 0 AND bun_was_missing == 0,0.07775999999999998
1,1,0.07775999999999998,0.6,30,18,14,14,dzgroup_Cirrhosis == 0 AND dzclass_Coma == 0 AND race_hispanic == 0 AND dnr_dnr after sadm == 1 AND dementia == 0 AND adlp == 0 AND dzclass_Cancer == 0 AND dnr_dnr before sadm == 0 AND bun <= 113 AND dzgroup_COPD == 0 AND dzgroup_Colon Cancer == 0 AND race_other == 0 AND dzgroup_Lung Cancer == 0 AND dzgroup_Coma == 0,0.07775999999999998
1,1,0.07775999999999998,0.6,5,3,21,21,dnr_dnr after sadm == 0 AND income_was_missing == 0 AND pafi <= 524 AND dzgroup_Coma == 0 AND race_black == 0 AND dzgroup_Lung Cancer == 0 AND race_asian == 0 AND avtisst >= 37.8 AND bili <= 11.9 AND 7.29 <= ph <= 7.61 AND adlp == 0 AND dnr_no dnr == 1 AND dnrday <= 55.5 AND 11.2 <= resp <= 36.8 AND glucose_was_missing == 1 AND crea <= 8.81 AND dzgroup_COPD == 0 AND alb <= 6.41 AND 122 <= sod <= 138 AND urine <= 5.25e+03 AND dzclass_Coma == 0,0.07775999999999998
1,1,0.07775999999999998,0.6,5,3,20,20,dzgroup_COPD == 0 AND dzgroup_Coma == 0 AND dnr_dnr before sadm == 0 AND dzclass_Cancer == 0 AND hrt <= 146 AND pafi <= 557 AND dnr_no dnr == 0 AND ca_yes == 0 AND dzgroup_Cirrhosis == 0 AND dzclass_Coma == 0 AND avtisst >= 23.5 AND dzgroup_CHF == 0 AND bun <= 62.4 AND bili <= 11.3 AND dzgroup_Colon Cancer == 0 AND wblc <= 79.3 AND dzgroup_MOSF w/Malig == 1 AND race_asian == 0 AND sex == 1 AND dzclass_COPD/CHF/Cirrhosis == 0,0.07775999999999998
1,1,0.07775999999999998,0.6,5,3,19,19,avtisst >= 23.5 AND dnr_dnr after sadm == 1 AND aps <= 101 AND adlp == 0 AND dzgroup_COPD == 0 AND dzgroup_Colon Cancer == 0 AND bun <= 103 AND charges <= 4.58e+05 AND ca_yes == 0 AND dnr_dnr before sadm == 0 AND hrt <= 140 AND 73.5 <= age <= 98.3 AND totmcst <= 2.62e+05 AND sps <= 62.2 AND bili <= 11.6 AND dzclass_COPD/CHF/Cirrhosis == 0 AND race_other == 0 AND dementia == 0 AND 22.9 <= resp <= 65.1,0.07775999999999998
1,1,0.07775999999999998,0.6,15,9,20,20,dnr_dnr after sadm == 0 AND income_was_missing == 0 AND pafi <= 524 AND dzgroup_Coma == 0 AND race_black == 0 AND dzgroup_Lung Cancer == 0 AND race_asian == 0 AND avtisst >= 37.8 AND bili <= 11.9 AND 7.29 <= ph <= 7.61 AND adlp == 0 AND dnr_no dnr == 1 AND dnrday <= 55.5 AND 11.2 <= resp <= 36.8 AND glucose_was_missing == 1 AND crea <= 8.81 AND dzgroup_COPD == 0 AND alb <= 6.41 AND 122 <= sod <= 138 AND urine <= 5.25e+03,0.07775999999999998
1,1,0.0760953559145272,0.9390243902439024,0,0,19,19,dzgroup_COPD == 0 AND dnr_no dnr == 0 AND pafi <= 524 AND dementia == 0 AND hrt >= 72.9 AND bili <= 10.6 AND dzgroup_CHF == 0 AND 7.26 <= ph <= 7.54 AND dnr_dnr after sadm == 1 AND dnr_dnr before sadm == 0 AND 705 <= urine <= 3.22e+03 AND diabetes == 0 AND dzgroup_Lung Cancer == 0 AND dzclass_COPD/CHF/Cirrhosis == 0 AND race_other == 0 AND race_white == 1 AND age <= 40.1 AND sps >= 68.1 AND 41.9 <= meanbp <= 114,0.0760953559145272
1,1,0.07564544677734375,0.9375,0,0,22,22,dzgroup_Coma == 0 AND dzgroup_MOSF w/Malig == 0 AND race_hispanic == 0 AND adlp == 0 AND dnr_no dnr == 0 AND dzgroup_Lung Cancer == 0 AND dnr_dnr before sadm == 0 AND glucose <= 379 AND adlp_was_missing == 1 AND race_other == 0 AND sex == 1 AND dzclass_Coma == 0 AND charges <= 4.58e+05 AND wblc <= 72.3 AND bili <= 9.19 AND 1.36 <= adlsc <= 4.76 AND dzgroup_CHF == 0 AND dzgroup_COPD == 0 AND dzgroup_Cirrhosis == 0 AND num_co == 3 AND sps >= 52.3 AND 53.2 <= meanbp <= 101,0.07564544677734375
1,1,0.075141884282545,0.9444444444444444,0,0,23,23,dzgroup_Cirrhosis == 0 AND dzclass_Coma == 0 AND race_hispanic == 0 AND dnr_dnr after sadm == 1 AND dnr_no dnr == 0 AND totcst <= 1.97e+05 AND dzgroup_Coma == 0 AND dementia == 0 AND adlp == 0 AND dzclass_Cancer == 0 AND dnr_dnr before sadm == 0 AND 45 <= age <= 81.9 AND 29.1 <= avtisst <= 62.9 AND diabetes == 0 AND alb <= 10.6 AND dnrday <= 75.4 AND 7.5 <= edu <= 16.5 AND 14.8 <= resp <= 41.2 AND dzgroup_MOSF w/Malig == 0 AND ca_yes == 0 AND urine <= 4.49e+03 AND sex == 0 AND race_other == 0,0.075141884282545
0,1,0.07472287811932173,0.5952380952380952,42,25,16,16,dzgroup_Cirrhosis == 0 AND race_other == 0 AND dnr_dnr before sadm == 0 AND sex == 1 AND resp <= 53 AND 1.73 <= alb <= 9.01 AND bili <= 17.6 AND race_hispanic == 0 AND 1.64e+05 <= charges <= 6.16e+05 AND dzgroup_Coma == 0 AND dzgroup_CHF == 0 AND dementia == 0 AND pafi <= 511 AND bun_was_missing == 0 AND crea <= 4.41 AND race_black == 0,0.07472287811932173
1,1,0.07385081737104511,0.9411764705882353,0,0,24,24,crea <= 6.12 AND bun <= 103 AND dzgroup_Lung Cancer == 0 AND dzgroup_COPD == 0 AND dzgroup_MOSF w/Malig == 0 AND dnr_dnr before sadm == 0 AND dnr_no dnr == 0 AND wblc <= 61.9 AND 7.5 <= edu <= 19.9 AND 21.6 <= hrt <= 208 AND urine_was_missing == 1 AND adlp_was_missing == 1 AND 1.64e+05 <= totmcst <= 2.74e+05 AND race_asian == 0 AND 25.4 <= age <= 73.7 AND alb <= 2.48 AND dzgroup_CHF == 0 AND ca_yes == 0 AND pafi <= 379 AND 15.9 <= avtisst <= 42.1 AND 25.4 <= aps <= 123 AND bili <= 15.1 AND 121 <= sod <= 143 AND race_other == 0,0.07385081737104511
0,1,0.07294844913444394,0.9278846153846154,0,0,28,28,income_was_missing == 0 AND glucose_was_missing == 0 AND race_hispanic == 0 AND resp <= 58.7 AND bili <= 23 AND 126 <= sod <= 155 AND dzgroup_Coma == 0 AND race_asian == 0 AND dzgroup_CHF == 0 AND dzgroup_Lung Cancer == 0 AND 56.6 <= age <= 95.1 AND charges <= 3.92e+05 AND totcst <= 1.28e+05 AND sps <= 49.8 AND dnrday <= 100 AND alb <= 11.9 AND 7.05 <= ph <= 7.67 AND 56.7 <= bun <= 191 AND adlp == 0 AND adlsc >= 4.48 AND sex == 1 AND income == 0 AND dzclass_Cancer == 0 AND dzclass_Coma == 0 AND ca_no == 0 AND dnr_dnr after sadm == 1 AND dnr_dnr before sadm == 0 AND 33.1 <= temp <= 39.6,0.07294844913444394
1,1,0.07257175920708916,0.9264705882352942,0,0,17,17,aps <= 118 AND adlp == 0 AND dnr_dnr before sadm == 0 AND dzclass_Cancer == 0 AND 23.5 <= avtisst <= 50.8 AND sps <= 51.9 AND race_asian == 0 AND totmcst <= 1.61e+05 AND 2.36 <= resp <= 29.6 AND bili <= 19.8 AND 499 <= glucose <= 803 AND income_was_missing == 0 AND income == 2 AND dzgroup_Cirrhosis == 0 AND race_hispanic == 1 AND race_white == 0 AND dzclass_Coma == 1,0.07257175920708916
0,1,0.07204491900081343,0.5909090909090909,22,13,19,19,meanbp <= 169 AND sod <= 155 AND avtisst <= 24.4 AND crea <= 7.15 AND race_other == 0 AND charges <= 6.04e+05 AND scoma <= 34.5 AND dzgroup_Cirrhosis == 0 AND dzgroup_COPD == 0 AND glucose <= 581 AND adlsc <= 2.66 AND race_asian == 0 AND ca_yes == 0 AND bun <= 143 AND 1.49 <= edu <= 14.5 AND totmcst <= 1.23e+05 AND race_hispanic == 0 AND dzclass_COPD/CHF/Cirrhosis == 0 AND dnr_no dnr == 0,0.07204491900081343
0,1,0.06770462989807129,0.90625,0,0,18,18,totcst <= 2.76e+05 AND totmcst <= 2.83e+05 AND 4.61 <= sps <= 65 AND resp <= 33.1 AND bili <= 20.4 AND 119 <= sod <= 157 AND 7.26 <= ph <= 7.55 AND adls == 5 AND dzclass_COPD/CHF/Cirrhosis == 0 AND race_hispanic == 0 AND race_white == 0 AND ca_yes == 1 AND dnr_dnr before sadm == 0 AND dnr_no dnr == 0 AND edu <= 26.7 AND avtisst <= 46.5 AND ca_no == 0 AND 30.3 <= age <= 78.9,0.06770462989807129
0,1,0.06754356352880661,0.5833333333333334,12,7,19,19,dementia == 0 AND avtisst <= 42.8 AND alb <= 9.58 AND race_other == 0 AND 7.11 <= ph <= 7.73 AND meanbp <= 161 AND dzgroup_Cirrhosis == 0 AND ca_yes == 0 AND hrt <= 217 AND dzgroup_Coma == 0 AND totmcst <= 2.62e+05 AND 4.56 <= resp <= 27.4 AND glucose <= 513 AND dzgroup_COPD == 0 AND race_hispanic == 0 AND dnr_dnr before sadm == 0 AND dnrday <= 106 AND dzclass_Cancer == 0 AND dnr_no dnr == 0,0.06754356352880661
1,1,0.06754356352880661,0.5833333333333334,24,14,18,17,race_hispanic == 0 AND dnr_dnr after sadm == 1 AND 30.5 <= aps <= 101 AND adlp == 0 AND bun <= 113 AND dzgroup_Colon Cancer == 0 AND alb <= 10.6 AND glucose <= 377 AND dnr_no dnr == 0 AND totcst <= 1.96e+05 AND dnrday <= 104 AND glucose_was_missing == 1 AND dzgroup_Cirrhosis == 0 AND totmcst <= 2.25e+05 AND diabetes == 0 AND ca_no == 0 AND bun_was_missing == 1,0.06754356352880661
1,1,0.06754356352880661,0.5833333333333334,12,7,28,28,1.77 <= edu <= 22.2 AND charges <= 3.22e+05 AND totmcst <= 2.33e+05 AND 5.51 <= avtisst <= 62.5 AND 3.06 <= aps <= 98.9 AND dementia == 1 AND dnrday <= 104 AND wblc <= 37.1 AND 35.2 <= temp <= 38.3 AND bili <= 23.1 AND crea <= 6.14 AND 119 <= sod <= 159 AND 7.08 <= ph <= 7.68 AND urine <= 4.8e+03 AND adlp_was_missing == 1 AND dzgroup_CHF == 0 AND dzgroup_COPD == 0 AND dzgroup_Lung Cancer == 0 AND dzgroup_MOSF w/Malig == 0 AND dzclass_Coma == 0 AND race_asian == 0 AND race_black == 0 AND race_other == 0 AND race_white == 1 AND ca_no == 0 AND dnr_dnr after sadm == 1 AND dnr_dnr before sadm == 0 AND dnr_no dnr == 0,0.06754356352880661
1,1,0.0670176922268936,0.9230769230769231,0,0,22,22,dzgroup_COPD == 0 AND totcst <= 1.42e+05 AND hrt <= 146 AND pafi <= 492 AND bili <= 9.19 AND 7.47 <= edu <= 17.8 AND adlp_was_missing == 1 AND race_asian == 0 AND ca_no == 0 AND dnrday <= 62 AND charges <= 4.58e+05 AND avtisst >= 23.5 AND adlp == 0 AND dnr_dnr after sadm == 1 AND meanbp >= 74.3 AND wblc <= 81 AND ca_yes == 0 AND 9.41 <= aps <= 92.6 AND temp >= 35.7 AND urine <= 3.66e+03 AND income == 1 AND dzgroup_CHF == 1,0.0670176922268936
1,1,0.0670176922268936,0.9230769230769231,0,0,19,19,dzgroup_COPD == 0 AND totcst <= 1.42e+05 AND hrt <= 146 AND pafi <= 492 AND bili <= 9.19 AND 7.47 <= edu <= 17.8 AND adlp_was_missing == 1 AND race_asian == 0 AND ca_no == 0 AND dnrday <= 62 AND charges <= 4.58e+05 AND avtisst >= 23.5 AND adlp == 0 AND dnr_dnr after sadm == 1 AND meanbp >= 74.3 AND wblc <= 81 AND ca_yes == 0 AND 7.19 <= ph <= 7.61 AND dzclass_COPD/CHF/Cirrhosis == 1,0.0670176922268936
0,1,0.06561920865161727,0.9191919191919192,0,0,17,17,race_black == 0 AND dzgroup_Cirrhosis == 0 AND urine <= 4.44e+03 AND scoma <= 24 AND diabetes == 0 AND bun_was_missing == 0 AND dzclass_Cancer == 1 AND charges <= 3.46e+05 AND totmcst <= 2.78e+05 AND resp <= 46.5 AND glucose <= 482 AND dzgroup_MOSF w/Malig == 0 AND race_other == 0 AND wblc <= 51.5 AND glucose_was_missing == 0 AND adlp == 6 AND dzgroup_Colon Cancer == 0,0.06561920865161727
0,1,0.06447219761890413,0.8901960784313725,0,0,27,27,70.5 <= age <= 99.9 AND diabetes == 0 AND meanbp >= 43.5 AND wblc <= 42.2 AND hrt <= 162 AND resp <= 35.3 AND 98.1 <= pafi <= 311 AND alb <= 8.58 AND crea <= 7.09 AND 122 <= sod <= 160 AND glucose_was_missing == 0 AND bun_was_missing == 0 AND adls == 7 AND adlsc >= 5.51 AND income == 0 AND dzgroup_COPD == 0 AND dzgroup_Coma == 0 AND dzclass_Cancer == 0 AND race_black == 0 AND ca_yes == 1 AND dnr_no dnr == 0 AND totcst <= 1.06e+05 AND avtisst <= 44 AND dnrday <= 113 AND glucose <= 503 AND dzgroup_CHF == 0 AND dzclass_Coma == 0,0.06447219761890413
0,1,0.06447219761890413,0.8901960784313725,0,0,19,19,dzgroup_Cirrhosis == 0 AND dementia == 0 AND 31.5 <= meanbp <= 102 AND race_asian == 0 AND race_black == 0 AND totmcst <= 2.66e+05 AND pafi <= 355 AND num_co == 1 AND charges <= 4.58e+05 AND 33.5 <= temp <= 38.5 AND bili <= 11.2 AND 7.08 <= ph <= 7.68 AND urine_was_missing == 0 AND sex == 1 AND dzclass_Coma == 0 AND race_white == 0 AND dnr_dnr before sadm == 0 AND adls == 7 AND ca_no == 0,0.06447219761890413
1,1,0.06438788667039236,0.5777777777777777,45,26,22,22,totcst <= 2.38e+05 AND avtisst <= 40.6 AND dnrday <= 104 AND pafi <= 593 AND 119 <= sod <= 159 AND glucose_was_missing == 1 AND bun_was_missing == 1 AND sex == 1 AND dzgroup_Cirrhosis == 0 AND dzgroup_Colon Cancer == 0 AND dzgroup_Coma == 0 AND dzclass_COPD/CHF/Cirrhosis == 0 AND race_black == 0 AND race_other == 0 AND ca_no == 0 AND dnr_dnr after sadm == 1 AND dnr_no dnr == 0 AND num_co == 1 AND dementia == 0 AND 33.3 <= temp <= 39.2 AND alb <= 9.72 AND urine <= 4.62e+03,0.06438788667039236
1,1,0.0636294839443727,0.8855421686746988,0,0,14,14,dementia == 0 AND dzgroup_Cirrhosis == 0 AND totcst <= 1.58e+05 AND dzgroup_Colon Cancer == 0 AND crea <= 5.56 AND dzgroup_CHF == 0 AND charges <= 2.54e+05 AND 12.8 <= sps <= 43.4 AND diabetes == 0 AND dnrday <= 47 AND 7.55 <= alb <= 13.9 AND adlp_was_missing == 1 AND race_black == 0 AND race_hispanic == 0,0.0636294839443727
1,1,0.06301063901153425,0.9117647058823529,0,0,18,18,bun_was_missing == 1 AND dzgroup_Cirrhosis == 0 AND dementia == 0 AND sod <= 156 AND pafi <= 524 AND bili <= 11.6 AND crea <= 7.51 AND 43.6 <= age <= 86.3 AND scoma <= 38 AND race_hispanic == 0 AND 37.8 <= avtisst <= 61.7 AND dnrday <= 55.5 AND wblc <= 36.5 AND dzgroup_Coma == 0 AND 14.3 <= sps <= 46.9 AND 7.44 <= ph <= 7.7 AND adls == 6 AND dzgroup_Lung Cancer == 0,0.06301063901153425
0,1,0.06231124632085218,0.8777777777777778,0,0,24,24,dzgroup_Coma == 0 AND race_other == 0 AND dzgroup_COPD == 0 AND dnr_dnr before sadm == 0 AND bun_was_missing == 0 AND dzgroup_Cirrhosis == 0 AND 33.6 <= temp <= 37.8 AND dzclass_Cancer == 0 AND race_asian == 0 AND dzgroup_CHF == 0 AND race_white == 1 AND 48.6 <= aps <= 99.4 AND 26.6 <= hrt <= 101 AND bili <= 15.1 AND ph >= 7.07 AND 4.13e+03 <= urine <= 6.92e+03 AND adlp_was_missing == 1 AND adls == 4 AND 2.16 <= adlsc <= 5.84 AND income == 1 AND dzgroup_Colon Cancer == 0 AND race_black == 0 AND ca_yes == 0 AND crea <= 8.36,0.06231124632085218
0,1,0.06218009471861161,0.9089068825910931,0,0,22,22,dnr_dnr before sadm == 0 AND meanbp <= 127 AND dzgroup_COPD == 0 AND dzgroup_CHF == 0 AND race_asian == 0 AND avtisst >= 23.5 AND diabetes == 0 AND dzgroup_Colon Cancer == 0 AND dzgroup_MOSF w/Malig == 0 AND dnr_dnr after sadm == 1 AND totcst <= 1.96e+05 AND edu <= 26.4 AND scoma >= 41.3 AND totmcst <= 1.29e+05 AND dementia == 0 AND wblc <= 72.3 AND crea <= 11.8 AND adlp == 0 AND dzgroup_Cirrhosis == 0 AND dzgroup_Coma == 1 AND race_white == 0 AND alb <= 11.3,0.06218009471861161
0,1,0.06209213230591551,0.9090909090909091,0,0,20,20,dzgroup_Coma == 0 AND crea <= 7.4 AND sex == 1 AND dzgroup_COPD == 0 AND dzgroup_Lung Cancer == 0 AND race_asian == 0 AND race_white == 1 AND dzgroup_Cirrhosis == 1 AND totcst <= 2.04e+05 AND bili <= 22.9 AND 7.3 <= ph <= 7.64 AND glucose <= 340 AND bun_was_missing == 1 AND dzclass_COPD/CHF/Cirrhosis == 1 AND ca_yes == 0 AND sps <= 46.9 AND scoma <= 12.5 AND bun <= 110 AND dzclass_Cancer == 0 AND dnr_no dnr == 0,0.06209213230591551
0,1,0.06092699470458736,0.5714285714285714,7,4,21,21,26.9 <= age <= 87.2 AND num_co == 1 AND 8.42 <= edu <= 19.6 AND charges <= 5.53e+05 AND totmcst <= 1.45e+05 AND 4.09 <= aps <= 74.9 AND diabetes == 0 AND dementia == 0 AND 34.2 <= temp <= 38.1 AND 1.37e+03 <= urine <= 6.23e+03 AND dzgroup_Colon Cancer == 0 AND dzgroup_Lung Cancer == 0 AND race_hispanic == 0 AND dnr_dnr before sadm == 0 AND sps <= 55 AND 31.5 <= meanbp <= 161 AND glucose_was_missing == 0 AND adlsc <= 2.94 AND race_other == 0 AND 37.5 <= scoma <= 84.5 AND bun_was_missing == 0,0.06092699470458736
1,1,0.06092699470458736,0.5714285714285714,14,8,17,17,dzgroup_COPD == 0 AND ca_no == 1 AND dnr_dnr after sadm == 1 AND dzgroup_MOSF w/Malig == 0 AND adlp_was_missing == 1 AND hrt <= 198 AND sps <= 69.5 AND crea <= 7.47 AND race_black == 0 AND dzgroup_CHF == 0 AND diabetes == 1 AND dzgroup_Colon Cancer == 0 AND race_asian == 0 AND num_co == 1 AND dzclass_Cancer == 0 AND dnrday <= 51.6 AND race_hispanic == 0,0.06092699470458736
1,1,0.06092699470458736,0.5714285714285714,7,4,21,21,bun <= 103 AND dzgroup_Colon Cancer == 0 AND dzclass_Cancer == 0 AND dementia == 0 AND dzgroup_COPD == 0 AND dzgroup_MOSF w/Malig == 0 AND dnr_no dnr == 0 AND 34.7 <= temp <= 41.5 AND 38.3 <= hrt <= 208 AND 118 <= sod <= 156 AND adlp_was_missing == 1 AND totmcst <= 2.74e+05 AND race_asian == 0 AND dnrday <= 71.1 AND dzgroup_CHF == 0 AND dzclass_Coma == 0 AND ca_yes == 0 AND dzgroup_Cirrhosis == 0 AND 2.2 <= resp <= 41.8 AND crea <= 5.45 AND adlsc >= 4.45,0.06092699470458736
1,1,0.06092699470458736,0.5714285714285714,7,4,17,17,hrt >= 80.4 AND dzgroup_Colon Cancer == 0 AND dzgroup_MOSF w/Malig == 0 AND charges <= 4.58e+05 AND avtisst >= 23.5 AND dzgroup_CHF == 0 AND dnr_dnr before sadm == 0 AND bun_was_missing == 1 AND aps <= 71.3 AND 27.9 <= meanbp <= 102 AND 7.42 <= ph <= 7.66 AND glucose <= 466 AND dzgroup_Cirrhosis == 0 AND race_hispanic == 0 AND ca_yes == 0 AND scoma <= 14.5 AND sex == 1,0.06092699470458736
0,1,0.06092699470458736,0.5714285714285714,7,4,21,21,dnr_dnr before sadm == 0 AND dzclass_COPD/CHF/Cirrhosis == 0 AND race_asian == 0 AND 6.02 <= hrt <= 208 AND alb <= 5.49 AND adlp_was_missing == 1 AND dzgroup_Cirrhosis == 0 AND sex == 0 AND race_other == 0 AND 0.375 <= edu <= 22.2 AND ca_no == 1 AND dzgroup_Colon Cancer == 0 AND dzclass_Cancer == 0 AND dementia == 0 AND 7.9 <= meanbp <= 118 AND resp <= 42.1 AND bun_was_missing == 0 AND income == 1 AND dzgroup_Lung Cancer == 0 AND dzgroup_MOSF w/Malig == 0 AND adlsc <= 1.45,0.06092699470458736
1,1,0.06086030889718061,0.868421052631579,0,0,18,18,4.32 <= aps <= 101 AND dzgroup_COPD == 0 AND dzgroup_Cirrhosis == 0 AND dzgroup_Colon Cancer == 0 AND bun <= 113 AND 0.237 <= crea <= 5.56 AND dzgroup_CHF == 0 AND dnr_no dnr == 0 AND avtisst <= 2.05 AND 53.5 <= meanbp <= 112 AND bili <= 20.9 AND bun_was_missing == 1 AND adlp == 0 AND adls == 3 AND dzclass_COPD/CHF/Cirrhosis == 0 AND dzclass_Cancer == 0 AND race_black == 0 AND race_hispanic == 0,0.06086030889718061
1,1,0.05929672160409354,0.8571428571428572,0,0,22,22,pafi <= 490 AND dzclass_COPD/CHF/Cirrhosis == 0 AND adlp == 0 AND dzgroup_Cirrhosis == 0 AND 80.4 <= hrt <= 146 AND crea <= 8.02 AND income_was_missing == 1 AND dzgroup_Colon Cancer == 0 AND dzgroup_MOSF w/Malig == 0 AND glucose_was_missing == 1 AND num_co == 0 AND 6.57 <= edu <= 17.4 AND diabetes == 0 AND dementia == 0 AND glucose <= 398 AND bun_was_missing == 1 AND 435 <= urine <= 3.5e+03 AND 2.64 <= adlsc <= 4.77 AND dzclass_Cancer == 1 AND ca_no == 0 AND dnr_dnr before sadm == 1 AND 9.5 <= scoma <= 78.5,0.05929672160409354
0,1,0.056313514709472656,0.5625,16,9,17,17,bili <= 22.5 AND dzclass_Cancer == 0 AND dzclass_Coma == 0 AND charges <= 2.21e+05 AND sex == 0 AND income == 1 AND sps <= 26.1 AND dementia == 0 AND dzgroup_Lung Cancer == 0 AND race_white == 1 AND adlsc <= 2.4 AND dzgroup_Colon Cancer == 0 AND dzgroup_MOSF w/Malig == 0 AND bun <= 107 AND dzgroup_Coma == 0 AND dnr_dnr before sadm == 0 AND dnr_no dnr == 0,0.056313514709472656
1,1,0.05519670448944635,0.8846153846153846,0,0,20,20,dzgroup_Cirrhosis == 0 AND race_hispanic == 0 AND bun <= 85.8 AND sex == 1 AND totcst <= 1.58e+05 AND aps <= 86.7 AND diabetes == 0 AND dementia == 0 AND alb <= 10.6 AND adlp == 0 AND 0.704 <= adlsc <= 4.74 AND income == 1 AND dzgroup_COPD == 0 AND dzclass_Coma == 1 AND race_asian == 0 AND dnr_dnr before sadm == 0 AND dnr_no dnr == 0 AND num_co == 2 AND scoma >= 82.5 AND avtisst <= 35.6,0.05519670448944635
1,1,0.053888000000000005,0.8,0,0,22,22,num_co == 3 AND aps <= 101 AND 49.6 <= meanbp <= 110 AND resp <= 50.4 AND alb <= 8.86 AND 117 <= sod <= 156 AND bun_was_missing == 1 AND urine_was_missing == 1 AND adlp == 5 AND adls == 5 AND dzgroup_CHF == 0 AND dzgroup_COPD == 1 AND dzclass_Cancer == 0 AND race_asian == 0 AND race_black == 0 AND race_other == 0 AND dnr_no dnr == 0 AND totcst <= 1.77e+05 AND diabetes == 0 AND dnrday <= 101 AND crea <= 11.8 AND glucose_was_missing == 1,0.053888000000000005
1,1,0.053888000000000005,0.8,0,0,26,26,num_co == 1 AND 10.5 <= scoma <= 61.5 AND avtisst <= 48.1 AND 2.66 <= sps <= 54.1 AND dementia == 1 AND 89.3 <= meanbp <= 141 AND wblc <= 72.3 AND pafi <= 391 AND crea <= 8.14 AND glucose <= 291 AND bun <= 93.7 AND income_was_missing == 0 AND dzgroup_Colon Cancer == 0 AND dzgroup_MOSF w/Malig == 0 AND dzclass_COPD/CHF/Cirrhosis == 0 AND dzclass_Coma == 1 AND race_black == 0 AND race_white == 1 AND ca_no == 1 AND dnr_dnr after sadm == 0 AND dnr_no dnr == 0 AND 47.7 <= age <= 98.3 AND 36.6 <= aps <= 93.1 AND adlp == 0 AND urine_was_missing == 0 AND adlp_was_missing == 1,0.053888000000000005
1,1,0.05337717817644033,0.7916666666666667,0,0,26,26,num_co == 2 AND totcst <= 2.1e+05 AND 8.65 <= meanbp <= 168 AND wblc <= 54.8 AND 124 <= sod <= 146 AND glucose_was_missing == 0 AND adlp == 0 AND adls == 1 AND sex == 0 AND dzgroup_COPD == 0 AND dzgroup_Coma == 0 AND dzgroup_Lung Cancer == 0 AND dzclass_COPD/CHF/Cirrhosis == 1 AND dzclass_Cancer == 0 AND race_white == 0 AND ca_no == 1 AND dnr_no dnr == 1 AND scoma <= 17.5 AND avtisst >= 37.8 AND pafi <= 524 AND income_was_missing == 0 AND dzclass_Coma == 0 AND race_asian == 0 AND adlp_was_missing == 1 AND dzgroup_MOSF w/Malig == 0 AND ca_yes == 0,0.05337717817644033
0,1,0.05292214940134466,0.5555555555555556,9,5,16,16,aps <= 92.6 AND bun_was_missing == 0 AND dnr_dnr after sadm == 0 AND crea <= 5.92 AND totcst <= 2.17e+05 AND sex == 1 AND 46.5 <= age <= 75 AND wblc <= 88.1 AND glucose <= 508 AND dzgroup_Cirrhosis == 0 AND edu <= 26.7 AND dementia == 0 AND glucose_was_missing == 0 AND race_hispanic == 0 AND dnr_dnr before sadm == 1 AND pafi <= 507,0.05292214940134466
1,1,0.05292214940134466,0.5555555555555556,18,10,17,17,bili <= 11.8 AND glucose <= 345 AND dzgroup_Cirrhosis == 0 AND race_hispanic == 0 AND dnr_dnr after sadm == 1 AND totmcst <= 2.62e+05 AND 65.9 <= meanbp <= 147 AND dzgroup_COPD == 0 AND ca_yes == 0 AND scoma <= 20.5 AND totcst <= 2.39e+05 AND dzgroup_CHF == 0 AND dementia == 0 AND 0.489 <= adlsc <= 6 AND dzgroup_Coma == 0 AND wblc <= 94.1 AND glucose_was_missing == 1,0.05292214940134466
1,1,0.05292214940134466,0.5555555555555556,9,5,17,17,race_hispanic == 0 AND race_asian == 0 AND dnr_no dnr == 0 AND bili <= 9.19 AND adlp_was_missing == 1 AND dzgroup_CHF == 0 AND race_black == 0 AND 7.12 <= ph <= 7.72 AND pafi <= 250 AND crea <= 8.02 AND adlp == 0 AND dementia == 0 AND dzgroup_Lung Cancer == 1 AND totcst <= 2.18e+05 AND wblc <= 35 AND 42.3 <= hrt <= 182 AND sex == 1,0.05292214940134466
1,1,0.05292214940134466,0.5555555555555556,9,5,17,17,dzgroup_COPD == 0 AND dnr_dnr after sadm == 1 AND totmcst <= 2.62e+05 AND sps <= 62.2 AND adlp == 0 AND dzclass_COPD/CHF/Cirrhosis == 0 AND 73.5 <= age <= 98.3 AND urine_was_missing == 1 AND race_other == 0 AND totcst <= 1.77e+05 AND bun <= 103 AND dzgroup_Colon Cancer == 0 AND 39 <= meanbp <= 115 AND bili <= 11.6 AND dzclass_Coma == 0 AND dnr_dnr before sadm == 0 AND race_white == 1,0.05292214940134466
1,1,0.05292214940134466,0.5555555555555556,18,10,20,20,adlp == 0 AND dzgroup_COPD == 0 AND dzgroup_Colon Cancer == 0 AND dzgroup_Coma == 0 AND dnr_dnr after sadm == 1 AND dzclass_COPD/CHF/Cirrhosis == 0 AND race_black == 0 AND 3.63 <= edu <= 20.4 AND wblc <= 44.1 AND 36.1 <= temp <= 41.2 AND alb <= 8.86 AND crea <= 6.95 AND bun_was_missing == 0 AND income_was_missing == 0 AND dzgroup_Cirrhosis == 0 AND race_asian == 0 AND race_other == 0 AND resp <= 52.7 AND ca_no == 0 AND ca_yes == 0,0.05292214940134466
1,1,0.05264610747006724,0.7777777777777778,0,0,13,13,dnr_no dnr == 0 AND 25.4 <= age <= 63.9 AND 32 <= meanbp <= 108 AND dementia == 0 AND dnrday <= 49.6 AND adlp == 0 AND income_was_missing == 1 AND 42.3 <= hrt <= 182 AND bili <= 9.19 AND adlp_was_missing == 1 AND race_asian == 0 AND 2.08 <= edu <= 21.9 AND dnr_dnr before sadm == 1,0.05264610747006724
1,1,0.05264610747006724,0.7777777777777778,0,0,19,19,race_hispanic == 0 AND dnr_no dnr == 0 AND dzgroup_CHF == 0 AND race_black == 0 AND 7.12 <= ph <= 7.72 AND pafi <= 379 AND crea <= 8.02 AND adlp == 0 AND dementia == 0 AND dzgroup_Lung Cancer == 1 AND totcst <= 2.18e+05 AND wblc <= 35 AND sex == 1 AND 30.8 <= aps <= 77.2 AND 33 <= temp <= 39.4 AND dzgroup_COPD == 0 AND dzgroup_MOSF w/Malig == 0 AND num_co == 1 AND charges <= 3.05e+05,0.05264610747006724
1,1,0.05235521573252658,0.8776455026455026,0,0,23,23,dzclass_Cancer == 0 AND dnr_dnr after sadm == 1 AND dnr_no dnr == 0 AND adlp == 0 AND crea <= 7.51 AND dzclass_COPD/CHF/Cirrhosis == 0 AND totmcst <= 2.58e+05 AND 118 <= aps <= 122 AND dzgroup_Lung Cancer == 0 AND adlp_was_missing == 1 AND dzclass_Coma == 0 AND totcst <= 1.06e+05 AND dzgroup_Coma == 0 AND dementia == 0 AND bili <= 35.1 AND bun <= 113 AND urine_was_missing == 0 AND income_was_missing == 1 AND dzgroup_Cirrhosis == 0 AND race_other == 0 AND ca_no == 0 AND ca_yes == 1 AND 7.33 <= ph <= 7.67,0.05235521573252658
1,1,0.05219071182905436,0.8780487804878049,0,0,15,15,aps <= 118 AND dnr_dnr after sadm == 1 AND adlp == 0 AND dnr_dnr before sadm == 0 AND dzclass_Cancer == 0 AND avtisst >= 23.5 AND diabetes == 0 AND bun <= 113 AND dzgroup_Colon Cancer == 0 AND dzgroup_MOSF w/Malig == 0 AND age >= 55 AND charges <= 4.67e+05 AND 3.15e+04 <= totcst <= 2.66e+05 AND adlp_was_missing == 0 AND dzclass_COPD/CHF/Cirrhosis == 0,0.05219071182905436
0,1,0.05165834239604259,0.8759784632105541,0,0,15,15,scoma <= 34.5 AND totmcst <= 5.49e+05 AND avtisst <= 46.2 AND bili <= 22.9 AND glucose <= 513 AND race_asian == 0 AND dnr_dnr before sadm == 0 AND sps <= 55 AND dzclass_Cancer == 0 AND edu <= 17 AND adlsc <= 2.66 AND 9.7 <= meanbp <= 150 AND wblc <= 62.1 AND dzgroup_Coma == 0 AND race_other == 0,0.05165834239604259
0,1,0.05165834239604259,0.8759784632105541,0,0,15,15,race_other == 0 AND charges <= 5e+05 AND dzgroup_Cirrhosis == 0 AND race_asian == 0 AND bun <= 99.2 AND urine_was_missing == 1 AND 32.1 <= age <= 77.4 AND dementia == 0 AND 21.6 <= hrt <= 208 AND alb <= 9.01 AND 7.2 <= ph <= 7.64 AND dzgroup_Colon Cancer == 0 AND dzgroup_Coma == 0 AND dzgroup_Lung Cancer == 0 AND income == 0,0.05165834239604259
0,1,0.050867076495791634,0.7222222222222222,0,0,27,27,scoma <= -22 AND 5.1 <= sps <= 43.7 AND 7.09 <= aps <= 64.9 AND 11.1 <= meanbp <= 131 AND 24.2 <= pafi <= 556 AND alb <= 8.44 AND crea <= 7.83 AND 120 <= sod <= 156 AND urine_was_missing == 1 AND urine <= 4.8e+03 AND dzgroup_Colon Cancer == 0 AND dzclass_COPD/CHF/Cirrhosis == 1 AND race_hispanic == 0 AND race_other == 0 AND ca_no == 1 AND ca_yes == 0 AND dnr_dnr before sadm == 0 AND totmcst <= 2.58e+05 AND diabetes == 0 AND 21.6 <= hrt <= 208 AND 7.2 <= ph <= 7.56 AND glucose_was_missing == 1 AND dzgroup_Coma == 0 AND dzgroup_MOSF w/Malig == 0 AND race_black == 0 AND resp <= 36.2 AND bun_was_missing == 1,0.050867076495791634
1,1,0.048282842081079885,0.5454545454545454,11,6,22,22,dementia == 0 AND adlp == 0 AND dnr_dnr before sadm == 0 AND dzclass_Cancer == 0 AND sex == 0 AND 121 <= sod <= 159 AND glucose <= 387 AND dzclass_Coma == 0 AND dzgroup_Cirrhosis == 0 AND aps >= 30.5 AND adlp_was_missing == 1 AND charges <= 3.31e+05 AND ca_yes == 1 AND 45 <= age <= 81.9 AND diabetes == 0 AND alb <= 10.6 AND dzgroup_Colon Cancer == 0 AND race_asian == 0 AND 12.5 <= meanbp <= 146 AND dzgroup_MOSF w/Malig == 1 AND edu <= 14.4 AND dzgroup_CHF == 0,0.048282842081079885
1,1,0.048282842081079885,0.5454545454545454,11,6,18,18,dnr_dnr after sadm == 0 AND 1.62 <= edu <= 22.4 AND 28.5 <= meanbp <= 125 AND dnrday <= 92.3 AND glucose_was_missing == 0 AND bun_was_missing == 0 AND dzgroup_MOSF w/Malig == 0 AND 117 <= sod <= 157 AND 14.9 <= avtisst <= 61.1 AND dzclass_COPD/CHF/Cirrhosis == 0 AND dnr_no dnr == 0 AND resp <= 32.7 AND race_hispanic == 0 AND totcst <= 2.41e+05 AND bun <= 128 AND urine_was_missing == 0 AND adlp_was_missing == 1 AND race_white == 1,0.048282842081079885
0,1,0.04768034344040187,0.8623188405797102,0,0,20,20,dzgroup_Cirrhosis == 0 AND pafi <= 520 AND race_black == 0 AND avtisst <= 42.3 AND charges <= 4.27e+05 AND 32.4 <= meanbp <= 85.6 AND glucose <= 340 AND dzgroup_COPD == 0 AND dzgroup_Colon Cancer == 0 AND aps <= 74.9 AND race_other == 0 AND ph >= 7.04 AND totcst <= 1.26e+05 AND dzgroup_MOSF w/Malig == 0 AND race_asian == 0 AND dnr_dnr before sadm == 0 AND bun <= 105 AND bili <= 22.7 AND 141 <= sod <= 165 AND adlp == 0,0.04768034344040187
1,1,0.04202944677734376,0.8375,0,0,20,20,race_hispanic == 0 AND race_other == 0 AND dnr_dnr before sadm == 0 AND dnr_no dnr == 0 AND sex == 0 AND dzclass_COPD/CHF/Cirrhosis == 0 AND dnr_dnr after sadm == 1 AND dementia == 0 AND glucose <= 477 AND bun <= 106 AND dzgroup_CHF == 0 AND totmcst <= 2.58e+05 AND 10.8 <= sps <= 54.2 AND 1.34 <= crea <= 13.1 AND bun_was_missing == 0 AND income == 1 AND dzgroup_COPD == 0 AND dzgroup_Coma == 0 AND pafi <= 528 AND adlp == 1,0.04202944677734376
1,1,0.04018775720164611,0.8333333333333334,0,0,16,16,dzgroup_MOSF w/Malig == 0 AND dnr_no dnr == 0 AND 21.6 <= hrt <= 208 AND dnr_dnr before sadm == 0 AND dzgroup_CHF == 0 AND age <= 50.5 AND dzgroup_Coma == 0 AND dzgroup_Lung Cancer == 0 AND 1.76e+04 <= totcst <= 4.01e+05 AND race_white == 0 AND ca_no == 1 AND race_asian == 0 AND scoma <= 22.5 AND dnrday <= 121 AND adls == 3 AND sex == 0,0.04018775720164611
0,1,0.0393333908056229,0.8297595841455491,0,0,17,17,118 <= sod <= 156 AND dzgroup_MOSF w/Malig == 0 AND dzgroup_Coma == 0 AND glucose_was_missing == 1 AND crea <= 5.27 AND dzclass_Coma == 0 AND sps <= 44 AND 13.4 <= aps <= 58.6 AND 7.12 <= ph <= 7.64 AND 21.6 <= hrt <= 208 AND totcst <= 2.71e+05 AND diabetes == 0 AND dzgroup_Cirrhosis == 0 AND 33.2 <= resp <= 86.8 AND income == 3 AND race_hispanic == 0 AND ca_yes == 1,0.0393333908056229
1,1,0.03860675676251278,0.8128654970760234,0,0,18,18,30.5 <= aps <= 101 AND dementia == 0 AND adlp == 0 AND dzgroup_Cirrhosis == 0 AND dzclass_Cancer == 0 AND totmcst <= 1.22e+05 AND race_asian == 0 AND income_was_missing == 1 AND dzgroup_Lung Cancer == 0 AND hrt <= 185 AND dzgroup_CHF == 0 AND dzgroup_COPD == 0 AND race_hispanic == 0 AND ca_no == 1 AND num_co == 1 AND sps <= 46.3 AND 0.772 <= adlsc <= 3.95 AND income == 1,0.03860675676251278
1,1,0.038020403200000004,0.52,25,13,23,23,dzgroup_COPD == 0 AND dzgroup_CHF == 0 AND race_asian == 0 AND race_black == 0 AND temp >= 34.5 AND totcst <= 2.49e+05 AND dementia == 0 AND income == 0 AND dzgroup_Colon Cancer == 0 AND dzclass_Coma == 0 AND dnr_dnr after sadm == 1 AND 1.33 <= edu <= 14.7 AND dnrday <= 73.4 AND 9.92 <= resp <= 38.1 AND 111 <= pafi <= 746 AND alb <= 7.45 AND bili <= 22.4 AND crea <= 9.25 AND 5.66 <= bun <= 104 AND urine_was_missing == 1 AND race_hispanic == 0 AND race_white == 1 AND dnr_dnr before sadm == 0,0.038020403200000004
1,1,0.03540925979614258,0.8125,0,0,18,18,165 <= urine <= 3.76e+03 AND avtisst >= 23.5 AND 30.5 <= aps <= 101 AND dementia == 0 AND dzgroup_COPD == 0 AND dzgroup_Cirrhosis == 0 AND glucose_was_missing == 1 AND dzclass_Cancer == 0 AND totmcst <= 1.22e+05 AND race_asian == 0 AND income_was_missing == 1 AND dzgroup_Lung Cancer == 0 AND 25.3 <= hrt <= 175 AND dzgroup_Coma == 0 AND pafi <= 223 AND ph >= 7.32 AND dzclass_Coma == 0 AND ca_no == 0,0.03540925979614258
1,1,0.032844198104848864,0.7971014492753623,0,0,17,17,21.1 <= meanbp <= 39 AND diabetes == 0 AND dzclass_COPD/CHF/Cirrhosis == 0 AND adlp == 0 AND bili <= 11.6 AND dzgroup_Coma == 0 AND dzclass_Coma == 0 AND totmcst <= 1.77e+05 AND avtisst <= 40.6 AND 26.7 <= sps <= 52.5 AND dementia == 0 AND dnrday <= 104 AND 33.3 <= temp <= 39.2 AND race_other == 0 AND ca_no == 0 AND dnr_dnr after sadm == 1 AND income == 0,0.032844198104848864
1,1,0.03125,0.5,6,3,19,18,dzgroup_Cirrhosis == 0 AND race_hispanic == 0 AND dnr_dnr after sadm == 1 AND dnr_no dnr == 0 AND totcst <= 1.97e+05 AND dzgroup_Coma == 0 AND dementia == 0 AND adlp == 0 AND age <= 81.9 AND diabetes == 0 AND alb <= 10.6 AND glucose_was_missing == 1 AND 30.5 <= aps <= 101 AND bun <= 113 AND dzgroup_Colon Cancer == 0 AND ca_no == 0 AND 2.86 <= edu <= 21.1 AND 30 <= urine <= 3.9e+03,0.03125
1,1,0.03125,0.5,8,4,14,14,race_hispanic == 0 AND race_asian == 0 AND dnr_no dnr == 0 AND bili <= 9.19 AND adlp_was_missing == 1 AND dzgroup_CHF == 0 AND race_black == 0 AND 7.12 <= ph <= 7.72 AND pafi <= 250 AND crea <= 8.02 AND adlp == 0 AND dementia == 0 AND dzgroup_Lung Cancer == 1 AND urine_was_missing == 0,0.03125
1,1,0.03125,0.5,16,8,18,18,dnr_dnr before sadm == 0 AND temp >= 34.1 AND glucose <= 477 AND dzgroup_Lung Cancer == 0 AND 51.6 <= meanbp <= 152 AND dzgroup_CHF == 0 AND dzgroup_Cirrhosis == 0 AND pafi <= 524 AND dnr_no dnr == 0 AND 121 <= sod <= 169 AND num_co == 2 AND adlsc <= 2.41 AND totcst <= 1.97e+05 AND diabetes == 0 AND dementia == 0 AND alb <= 10.6 AND bun_was_missing == 0 AND dzclass_Cancer == 0,0.03125
1,1,0.03125,0.5,12,6,17,17,dzclass_Cancer == 0 AND dnr_dnr before sadm == 0 AND dnr_dnr after sadm == 1 AND dnr_no dnr == 0 AND 9.18 <= edu <= 16.5 AND crea <= 7.51 AND 52.8 <= aps <= 118 AND alb <= 10.6 AND dzgroup_CHF == 0 AND race_hispanic == 0 AND 45 <= age <= 81.9 AND dementia == 0 AND dzgroup_MOSF w/Malig == 0 AND dzclass_Coma == 0 AND ca_yes == 0 AND resp <= 47.8 AND bun_was_missing == 0,0.03125
1,1,0.03125,0.5,2,1,13,13,urine <= 3.76e+03 AND race_hispanic == 0 AND dnr_dnr after sadm == 1 AND dzgroup_COPD == 0 AND bun <= 113 AND 21.6 <= hrt <= 132 AND dzclass_COPD/CHF/Cirrhosis == 1 AND race_black == 0 AND sex == 0 AND 4.09 <= edu <= 19.9 AND totmcst <= 2.74e+05 AND dnrday <= 71.1 AND adlp_was_missing == 1,0.03125
1,1,0.03125,0.5,2,1,18,18,dementia == 0 AND adlp == 0 AND dnr_dnr before sadm == 0 AND dzclass_Cancer == 0 AND sex == 0 AND 121 <= sod <= 159 AND dzclass_Coma == 0 AND dnr_dnr after sadm == 1 AND dzgroup_Cirrhosis == 0 AND adlp_was_missing == 1 AND charges <= 3.31e+05 AND ca_yes == 1 AND 45 <= age <= 81.9 AND race_asian == 0 AND dzgroup_Coma == 0 AND urine_was_missing == 0 AND dzgroup_COPD == 0 AND adls == 7,0.03125
1,1,0.03125,0.5,2,1,21,21,dzgroup_COPD == 0 AND dnr_dnr after sadm == 1 AND adlp == 0 AND dzclass_COPD/CHF/Cirrhosis == 0 AND urine_was_missing == 1 AND dzgroup_Colon Cancer == 0 AND 39 <= meanbp <= 115 AND dzclass_Coma == 0 AND dnr_dnr before sadm == 0 AND avtisst >= 23.5 AND dnrday <= 49.6 AND adlp_was_missing == 1 AND race_asian == 0 AND income_was_missing == 1 AND dzgroup_CHF == 0 AND dementia == 0 AND pafi <= 375 AND bili <= 11.6 AND dzgroup_Coma == 0 AND ca_yes == 0 AND charges <= 3.36e+05,0.03125
0,1,0.03125,0.5,2,1,21,21,bili <= 22.5 AND crea <= 5.27 AND glucose <= 594 AND bun <= 87.3 AND adlp_was_missing == 1 AND dzgroup_COPD == 0 AND race_other == 0 AND 8.02 <= hrt <= 140 AND urine <= 3.99e+03 AND totcst <= 1.06e+05 AND 35.3 <= temp <= 38 AND sps <= 46 AND wblc <= 27.3 AND age >= 25.8 AND 24.6 <= aps <= 65.4 AND alb <= 1.6 AND sex == 0 AND race_asian == 0 AND totmcst <= 3.22e+05 AND adls == 1 AND dzclass_Coma == 0,0.03125
0,1,0.03125,0.5,4,2,24,24,num_co == 1 AND 20.7 <= aps <= 67.3 AND diabetes == 0 AND dementia == 1 AND 23.6 <= meanbp <= 122 AND wblc <= 60.4 AND 91.4 <= hrt <= 169 AND 5.8 <= resp <= 54.2 AND pafi <= 546 AND 7.28 <= ph <= 7.56 AND glucose_was_missing == 0 AND adlp == 0 AND adls == 2 AND adlsc <= 4.09 AND sex == 1 AND dzgroup_Cirrhosis == 0 AND dzgroup_Colon Cancer == 0 AND dzgroup_MOSF w/Malig == 0 AND race_asian == 0 AND race_black == 0 AND race_hispanic == 0 AND race_white == 1 AND ca_yes == 0 AND dnr_no dnr == 0,0.03125
1,1,0.03125,0.5,14,7,18,18,pafi <= 492 AND dzclass_COPD/CHF/Cirrhosis == 0 AND adlp == 0 AND dnr_no dnr == 0 AND bili <= 11.6 AND charges <= 5.18e+05 AND sps <= 62.2 AND dzgroup_Cirrhosis == 0 AND 9.45 <= hrt <= 146 AND 0.237 <= crea <= 8.02 AND 121 <= sod <= 156 AND 7 <= ph <= 7.62 AND income_was_missing == 1 AND dzgroup_Colon Cancer == 0 AND dzgroup_MOSF w/Malig == 0 AND race_hispanic == 0 AND wblc <= 55.5 AND dnr_dnr after sadm == 0,0.03125
1,1,0.03125,0.5,14,7,28,28,age >= 49.1 AND 3.79 <= edu <= 20.2 AND totcst <= 1.87e+05 AND avtisst <= 40.5 AND diabetes == 0 AND dementia == 0 AND dnrday <= 123 AND 66.7 <= meanbp <= 167 AND wblc <= 72.9 AND hrt <= 150 AND 32.8 <= temp <= 38.3 AND 134 <= sod <= 158 AND urine_was_missing == 1 AND 615 <= urine <= 3.32e+03 AND adlp_was_missing == 1 AND sex == 0 AND income_was_missing == 1 AND income == 1 AND dzgroup_COPD == 1 AND dzgroup_Cirrhosis == 0 AND dzgroup_Lung Cancer == 0 AND dzgroup_MOSF w/Malig == 0 AND dzclass_Cancer == 0 AND race_hispanic == 0 AND race_other == 0 AND race_white == 1 AND ca_yes == 0 AND dnr_dnr after sadm == 1,0.03125
0,1,0.03125,0.5,4,2,17,17,adlp == 0 AND dnr_dnr before sadm == 0 AND dzclass_Cancer == 0 AND hrt >= 72.9 AND dnr_no dnr == 0 AND dzgroup_CHF == 0 AND 5.32 <= resp <= 31.9 AND 7.26 <= ph <= 7.6 AND adlp_was_missing == 1 AND dzgroup_Coma == 1 AND dzgroup_Lung Cancer == 0 AND race_black == 0 AND age >= 62.1 AND glucose_was_missing == 0 AND adls == 0 AND race_asian == 0 AND race_hispanic == 0,0.03125
0,1,0.03125,0.5,10,5,14,14,meanbp <= 169 AND crea <= 6.86 AND race_other == 0 AND dnrday <= 97.8 AND sex == 0 AND dnr_dnr after sadm == 0 AND bili <= 21.7 AND dzgroup_COPD == 0 AND dementia == 0 AND 7.11 <= ph <= 7.73 AND 82.5 <= pafi <= 511 AND glucose_was_missing == 0 AND adlp == 0 AND scoma >= 75.5,0.03125
1,1,0.03125,0.5,6,3,20,20,dzgroup_COPD == 0 AND dzgroup_MOSF w/Malig == 0 AND dnr_dnr after sadm == 1 AND totmcst <= 2.62e+05 AND sps <= 62.2 AND dzclass_COPD/CHF/Cirrhosis == 0 AND 119 <= sod <= 156 AND dnr_dnr before sadm == 0 AND dementia == 0 AND urine <= 4.89e+03 AND diabetes == 0 AND wblc <= 86.6 AND resp <= 38.1 AND bun <= 60.4 AND adlp == 0 AND dzgroup_CHF == 0 AND ca_no == 0 AND 7.75 <= bili <= 36.1 AND sex == 0 AND dzclass_Coma == 0,0.03125
1,1,0.03125,0.5,2,1,19,19,dzgroup_MOSF w/Malig == 0 AND avtisst >= 37.8 AND dzgroup_Cirrhosis == 0 AND race_asian == 0 AND bun <= 113 AND dzgroup_Colon Cancer == 0 AND ca_yes == 0 AND dzgroup_CHF == 0 AND pafi <= 524 AND race_other == 0 AND age >= 55 AND num_co == 1 AND charges <= 4.67e+05 AND totmcst <= 2.19e+05 AND 39 <= meanbp <= 115 AND bili <= 9.71 AND adlp == 0 AND dzclass_COPD/CHF/Cirrhosis == 0 AND income_was_missing == 0,0.03125
1,1,0.03125,0.5,2,1,18,18,dzgroup_MOSF w/Malig == 0 AND dnr_no dnr == 0 AND 21.6 <= hrt <= 208 AND crea <= 11.8 AND edu <= 26.4 AND dzclass_Cancer == 0 AND dnr_dnr before sadm == 0 AND dzgroup_CHF == 0 AND age <= 50.5 AND 35 <= scoma <= 89.3 AND dzgroup_Coma == 0 AND dzgroup_Lung Cancer == 0 AND ca_no == 1 AND dnr_dnr after sadm == 1 AND 1.76e+04 <= totcst <= 2.71e+05 AND race_white == 0 AND dzgroup_Colon Cancer == 0 AND race_asian == 0,0.03125
1,1,0.03125,0.5,4,2,15,15,dnr_dnr after sadm == 1 AND race_other == 0 AND race_hispanic == 0 AND 38.2 <= temp <= 41 AND dzgroup_Coma == 0 AND glucose_was_missing == 1 AND income_was_missing == 0 AND ca_yes == 0 AND 26.9 <= avtisst <= 60 AND diabetes == 1 AND pafi <= 413 AND income == 1 AND dzgroup_CHF == 0 AND adlp == 0 AND dzgroup_Cirrhosis == 0,0.03125
1,1,0.03125,0.5,2,1,17,17,glucose_was_missing == 0 AND bun <= 76.8 AND dzgroup_Coma == 0 AND dnrday <= 101 AND dzclass_COPD/CHF/Cirrhosis == 0 AND race_other == 0 AND totmcst <= 2.37e+05 AND 33.4 <= meanbp <= 125 AND income_was_missing == 1 AND scoma <= 28 AND 58.9 <= aps <= 101 AND 118 <= sod <= 169 AND dzgroup_Lung Cancer == 0 AND dnr_no dnr == 1 AND 71.2 <= hrt <= 191 AND resp <= 35.5 AND income == 1,0.03125
0,1,0.03125,0.5,2,1,21,21,dementia == 0 AND 4.71 <= edu <= 20.9 AND dzclass_COPD/CHF/Cirrhosis == 0 AND ca_no == 0 AND dzgroup_Coma == 0 AND 11.1 <= aps <= 74.9 AND 3.76 <= resp <= 44.2 AND bili <= 21.7 AND sex == 0 AND dnr_dnr before sadm == 0 AND scoma <= 21 AND totcst <= 1.4e+05 AND adlsc <= 1.34 AND dnrday <= 75.1 AND meanbp <= 161 AND adls == 0 AND dzgroup_MOSF w/Malig == 0 AND dnr_dnr after sadm == 0 AND wblc <= 39.5 AND 2.57e+03 <= urine <= 5.18e+03 AND dzclass_Coma == 0,0.03125
1,1,0.03125,0.5,4,2,20,20,hrt <= 146 AND income_was_missing == 0 AND dnr_no dnr == 0 AND adlp_was_missing == 1 AND dnrday <= 147 AND dzgroup_CHF == 0 AND dzgroup_COPD == 0 AND 18.4 <= age <= 80.2 AND dzclass_Cancer == 0 AND 7.47 <= edu <= 26.4 AND totcst <= 1.97e+05 AND 30.8 <= aps <= 109 AND glucose_was_missing == 0 AND bun <= 120 AND sex == 0 AND dzgroup_Coma == 0 AND dzclass_Coma == 0 AND ca_yes == 0 AND adlsc <= 1.17 AND dzgroup_Cirrhosis == 0,0.03125
1,1,0.03125,0.5,20,10,22,22,bun <= 103 AND dzgroup_Colon Cancer == 0 AND dzgroup_Lung Cancer == 0 AND dzclass_Cancer == 0 AND dementia == 0 AND dzgroup_COPD == 0 AND dzgroup_MOSF w/Malig == 0 AND dnr_no dnr == 0 AND 34.7 <= temp <= 41.5 AND 7.5 <= edu <= 19.9 AND 38.3 <= hrt <= 208 AND 118 <= sod <= 156 AND totmcst <= 2.74e+05 AND race_asian == 0 AND dnrday <= 71.1 AND alb <= 11.2 AND dzgroup_CHF == 0 AND dzclass_Coma == 0 AND ca_yes == 0 AND dzgroup_Cirrhosis == 0 AND 1.41 <= sps <= 43 AND glucose_was_missing == 0,0.03125
1,1,0.03125,0.5,2,1,23,23,dnr_dnr before sadm == 0 AND temp >= 33.4 AND glucose <= 477 AND dzgroup_Lung Cancer == 0 AND 51.6 <= meanbp <= 152 AND dzgroup_CHF == 0 AND dzgroup_Cirrhosis == 0 AND 23.5 <= avtisst <= 62.9 AND pafi <= 524 AND dnr_no dnr == 0 AND bun <= 113 AND 121 <= sod <= 169 AND dnr_dnr after sadm == 1 AND num_co == 2 AND adlsc <= 2.41 AND totcst <= 1.97e+05 AND diabetes == 0 AND dementia == 0 AND alb <= 10.6 AND bun_was_missing == 0 AND dzclass_Cancer == 0 AND bili <= 16 AND race_white == 0,0.03125
1,1,0.03125,0.5,2,1,14,14,race_other == 0 AND dzgroup_Lung Cancer == 0 AND income == 1 AND race_hispanic == 0 AND race_asian == 0 AND diabetes == 0 AND dnr_no dnr == 0 AND urine <= 5.2e+03 AND 68.4 <= hrt <= 146 AND 34.3 <= temp <= 38.4 AND 43.8 <= age <= 98.2 AND 74.5 <= meanbp <= 132 AND adlp == 6 AND dzclass_Cancer == 0,0.03125
1,1,0.03125,0.5,12,6,22,22,dzgroup_COPD == 0 AND avtisst >= 14.9 AND race_hispanic == 0 AND adls == 1 AND 30.5 <= aps <= 109 AND dementia == 0 AND urine_was_missing == 1 AND 165 <= urine <= 3.76e+03 AND dzgroup_Lung Cancer == 0 AND totcst <= 4.77e+05 AND dnrday <= 92.3 AND glucose_was_missing == 0 AND dzclass_COPD/CHF/Cirrhosis == 0 AND alb <= 7.2 AND diabetes == 0 AND hrt <= 147 AND temp <= 39.1 AND 7 <= ph <= 7.62 AND bun <= 85.8 AND adlp == 0 AND dzgroup_Colon Cancer == 0 AND dzclass_Cancer == 0,0.03125
1,1,0.03125,0.5,2,1,23,23,dzgroup_Cirrhosis == 0 AND dzclass_Coma == 0 AND race_hispanic == 0 AND dnr_no dnr == 0 AND dementia == 0 AND adlp == 0 AND dzclass_Cancer == 0 AND dnr_dnr before sadm == 0 AND avtisst >= 37.9 AND alb <= 11.2 AND dnrday <= 87.1 AND dzgroup_Colon Cancer == 0 AND race_other == 0 AND adlp_was_missing == 1 AND dzgroup_COPD == 0 AND race_asian == 0 AND edu <= 26.4 AND totmcst <= 1.29e+05 AND hrt <= 197 AND 7 <= ph <= 7.62 AND race_white == 1 AND glucose_was_missing == 0 AND dnr_dnr after sadm == 1,0.03125
0,1,0.03125,0.5,4,2,25,25,dzgroup_Colon Cancer == 0 AND dzgroup_Lung Cancer == 0 AND dzclass_Cancer == 0 AND dementia == 0 AND dzgroup_MOSF w/Malig == 0 AND dnr_no dnr == 0 AND 7.5 <= edu <= 19.9 AND 38.3 <= hrt <= 227 AND 118 <= sod <= 156 AND totmcst <= 2.74e+05 AND dnrday <= 71.1 AND alb <= 11.2 AND dzgroup_CHF == 0 AND dzclass_Coma == 0 AND ca_yes == 0 AND dzgroup_Cirrhosis == 0 AND scoma <= 39.5 AND avtisst >= 23.5 AND bili <= 11.3 AND income == 2 AND dzgroup_Coma == 0 AND dnr_dnr after sadm == 1 AND urine <= 3.99e+03 AND dnr_dnr before sadm == 0 AND ca_no == 1,0.03125
0,1,0.03125,0.5,2,1,17,17,dzgroup_COPD == 0 AND dzgroup_MOSF w/Malig == 0 AND dzgroup_Cirrhosis == 0 AND dnr_dnr before sadm == 0 AND dementia == 0 AND ca_no == 1 AND adlp == 0 AND adlp_was_missing == 1 AND dzclass_Cancer == 0 AND 21.6 <= hrt <= 208 AND dnr_no dnr == 0 AND bun <= 103 AND ca_yes == 0 AND dzgroup_Lung Cancer == 0 AND income_was_missing == 1 AND adls == 0 AND dzclass_Coma == 1,0.03125
1,1,0.03125,0.5,2,1,16,16,dzgroup_COPD == 0 AND dementia == 0 AND bun <= 103 AND race_hispanic == 0 AND scoma <= 37 AND dzgroup_Colon Cancer == 0 AND dnr_dnr after sadm == 1 AND income_was_missing == 1 AND totmcst <= 1.29e+05 AND wblc <= 43.8 AND 73.5 <= age <= 98.3 AND totcst <= 1.77e+05 AND bili <= 11.6 AND race_white == 1 AND 33.8 <= temp <= 38.3 AND sex == 1,0.03125
1,1,0.03125,0.5,2,1,20,20,dzgroup_COPD == 0 AND dzgroup_MOSF w/Malig == 0 AND race_asian == 0 AND dnr_dnr before sadm == 0 AND totmcst <= 2.05e+05 AND dementia == 0 AND adlp == 0 AND dnr_no dnr == 0 AND dnrday <= 71.1 AND dzgroup_CHF == 0 AND dzgroup_Colon Cancer == 0 AND 118 <= sod <= 156 AND 4.09 <= edu <= 19.9 AND bun_was_missing == 1 AND race_black == 0 AND bili <= 20.4 AND race_white == 1 AND wblc <= 35.8 AND num_co == 2 AND glucose <= 361,0.03125
1,1,0.03125,0.5,2,1,20,20,pafi <= 524 AND dzgroup_Coma == 0 AND race_black == 0 AND 37.8 <= avtisst <= 61.7 AND bili <= 11.6 AND adlp == 0 AND dnrday <= 55.5 AND glucose_was_missing == 1 AND crea <= 7.51 AND 122 <= sod <= 156 AND diabetes == 0 AND scoma <= 38 AND dementia == 0 AND wblc <= 36.5 AND bun_was_missing == 1 AND adlp_was_missing == 1 AND race_other == 0 AND 72.2 <= meanbp <= 158 AND 5.33 <= edu <= 18.7 AND dzclass_COPD/CHF/Cirrhosis == 0,0.03125
1,1,0.03125,0.5,4,2,23,23,pafi <= 492 AND dzgroup_Cirrhosis == 0 AND race_other == 0 AND dnr_no dnr == 0 AND adlp == 0 AND urine_was_missing == 0 AND dzgroup_COPD == 0 AND totcst <= 1.06e+05 AND dzgroup_MOSF w/Malig == 0 AND race_asian == 0 AND dnr_dnr after sadm == 1 AND ca_yes == 0 AND 15.6 <= aps <= 66.4 AND dementia == 0 AND wblc <= 61.4 AND 34.9 <= temp <= 41.2 AND alb <= 11.4 AND glucose <= 379 AND num_co == 1 AND resp <= 46.8 AND dzgroup_CHF == 0 AND dzgroup_Coma == 0 AND dzgroup_Lung Cancer == 0,0.03125
1,1,0.02957885573215846,0.7837837837837838,0,0,24,24,1.94 <= edu <= 18.1 AND charges <= 5.18e+05 AND aps <= 86.7 AND diabetes == 0 AND dnrday <= 66.4 AND temp <= 38.9 AND glucose_was_missing == 1 AND bun <= 119 AND urine_was_missing == 1 AND 840 <= urine <= 3.09e+03 AND adlp_was_missing == 1 AND adls == 1 AND income == 1 AND dzgroup_COPD == 0 AND dzgroup_Lung Cancer == 0 AND dzgroup_MOSF w/Malig == 0 AND dnr_dnr after sadm == 1 AND totmcst <= 2.58e+05 AND dementia == 0 AND 66.7 <= meanbp <= 129 AND dnr_no dnr == 0 AND adlp == 0 AND dnr_dnr before sadm == 0 AND dzclass_Cancer == 1,0.02957885573215846
1,1,0.028249234375000005,0.775,0,0,19,19,dnr_dnr before sadm == 0 AND dnr_no dnr == 0 AND 7.47 <= edu <= 26.4 AND 118 <= sod <= 157 AND bili <= 20.5 AND totmcst <= 2.23e+05 AND adlp_was_missing == 1 AND dzgroup_Colon Cancer == 0 AND adlsc <= 1.73 AND race_hispanic == 0 AND totcst <= 9.77e+04 AND hrt <= 146 AND 97.4 <= bun <= 207 AND race_asian == 0 AND ca_no == 0 AND dementia == 0 AND 35.4 <= temp <= 37.9 AND dzgroup_CHF == 0 AND race_black == 0,0.028249234375000005
0,1,0.025022128248914022,0.4782608695652174,23,11,12,12,race_other == 0 AND hrt <= 152 AND dementia == 0 AND glucose <= 513 AND 7.9 <= meanbp <= 136 AND dzgroup_Cirrhosis == 0 AND dnr_dnr before sadm == 0 AND totcst <= 1.03e+05 AND dzgroup_MOSF w/Malig == 0 AND race_asian == 0 AND 3.57 <= edu <= 14.4 AND dzclass_Coma == 1,0.025022128248914022
1,1,0.02448519270213934,0.47619047619047616,21,10,17,17,dnr_dnr before sadm == 0 AND dzgroup_Coma == 0 AND pafi <= 557 AND adlp == 0 AND 165 <= urine <= 4.58e+03 AND charges <= 4.82e+05 AND totmcst <= 2.62e+05 AND adlsc <= 2.37 AND dzgroup_CHF == 0 AND 21.6 <= hrt <= 143 AND 30.5 <= aps <= 101 AND bun_was_missing == 1 AND dzgroup_COPD == 0 AND dzclass_Cancer == 0 AND race_asian == 0 AND race_hispanic == 0 AND ca_no == 1,0.02448519270213934
1,1,0.023847592523562257,0.47368421052631576,19,9,18,18,165 <= urine <= 3.76e+03 AND avtisst >= 23.5 AND 30.5 <= aps <= 101 AND dementia == 0 AND adlp == 0 AND dzgroup_COPD == 0 AND dzgroup_Cirrhosis == 0 AND glucose_was_missing == 1 AND dzgroup_Colon Cancer == 0 AND dzclass_Cancer == 0 AND ca_yes == 0 AND totmcst <= 1.22e+05 AND race_black == 0 AND dnr_dnr before sadm == 0 AND 2.95e+05 <= charges <= 1.18e+06 AND 118 <= sod <= 150 AND urine_was_missing == 1 AND dzgroup_Coma == 0,0.023847592523562257
1,1,0.023847592523562257,0.47368421052631576,19,9,18,18,income_was_missing == 0 AND pafi <= 524 AND dzgroup_Coma == 0 AND dzgroup_Lung Cancer == 0 AND race_asian == 0 AND avtisst >= 37.8 AND 7.29 <= ph <= 7.61 AND adlp == 0 AND dnr_no dnr == 1 AND dzgroup_COPD == 0 AND 8.65 <= meanbp <= 147 AND sex == 0 AND dzgroup_CHF == 0 AND dzclass_Coma == 0 AND diabetes == 0 AND dzclass_Cancer == 0 AND scoma <= 17.5 AND totmcst <= 1.09e+05,0.023847592523562257
1,1,0.023078380428451596,0.47058823529411764,17,8,18,18,dnr_dnr before sadm == 0 AND temp >= 34.1 AND glucose <= 477 AND dzgroup_Lung Cancer == 0 AND 51.6 <= meanbp <= 152 AND dzgroup_Cirrhosis == 0 AND pafi <= 524 AND dnr_no dnr == 0 AND 121 <= sod <= 169 AND num_co == 2 AND adlsc <= 2.41 AND totcst <= 1.97e+05 AND dementia == 0 AND alb <= 10.6 AND bun_was_missing == 0 AND dzclass_Cancer == 0 AND 109 <= urine <= 3.08e+03 AND adlp == 0,0.023078380428451596
1,1,0.02094302882090425,0.46153846153846156,13,6,20,20,avtisst >= 30.2 AND urine_was_missing == 1 AND dzgroup_Colon Cancer == 0 AND dzgroup_Lung Cancer == 0 AND dzclass_Cancer == 0 AND race_other == 0 AND totcst <= 1.41e+05 AND race_black == 0 AND race_hispanic == 0 AND 18.7 <= sps <= 45.5 AND 8.65 <= meanbp <= 147 AND pafi <= 524 AND alb <= 10.6 AND bun <= 85.8 AND dzclass_Coma == 0 AND race_asian == 0 AND diabetes == 1 AND 55.7 <= hrt <= 116 AND adlp == 0 AND ca_yes == 0,0.02094302882090425
0,1,0.018452812500000002,0.45,20,9,13,13,race_other == 0 AND charges <= 5e+05 AND scoma <= 34.5 AND dzgroup_Cirrhosis == 0 AND adlsc <= 2.66 AND race_asian == 0 AND bun <= 99.2 AND edu <= 17 AND urine_was_missing == 1 AND sps <= 32.4 AND pafi <= 358 AND 7.28 <= ph <= 7.64 AND dnr_dnr after sadm == 1,0.018452812500000002
1,1,0.018449596514917694,0.7083333333333333,0,0,13,13,dzgroup_Lung Cancer == 0 AND adlp == 0 AND hrt <= 108 AND dnr_dnr before sadm == 0 AND edu <= 16.5 AND totcst <= -6.39e+04 AND bun <= 85.8 AND race_other == 0 AND aps <= 118 AND diabetes == 0 AND glucose <= 477 AND glucose_was_missing == 0 AND ca_no == 1,0.018449596514917694
1,1,0.01734152991583261,0.4444444444444444,9,4,16,16,race_hispanic == 0 AND dnr_dnr before sadm == 0 AND dnr_dnr after sadm == 1 AND 121 <= sod <= 169 AND race_other == 0 AND dzgroup_Cirrhosis == 0 AND sps <= 51.9 AND dzclass_COPD/CHF/Cirrhosis == 0 AND race_asian == 0 AND income_was_missing == 1 AND 29.1 <= hrt <= 98.9 AND alb <= 13.6 AND 7.18 <= ph <= 7.66 AND aps <= 71.8 AND dnrday <= 91.9 AND bun_was_missing == 1,0.01734152991583261
1,1,0.01734152991583261,0.4444444444444444,9,4,18,18,dzgroup_COPD == 0 AND dzgroup_Cirrhosis == 0 AND dzgroup_Lung Cancer == 0 AND dzclass_COPD/CHF/Cirrhosis == 0 AND dzclass_Cancer == 0 AND race_black == 0 AND race_hispanic == 0 AND dzgroup_MOSF w/Malig == 0 AND dnr_dnr before sadm == 0 AND adlp == 0 AND dzgroup_CHF == 0 AND totcst <= 1.77e+05 AND bun <= 81.3 AND dzclass_Coma == 0 AND 30.4 <= age <= 61.4 AND totmcst <= 1.8e+05 AND adls == 6 AND ca_yes == 0,0.01734152991583261
1,1,0.01734152991583261,0.4444444444444444,9,4,19,19,dnr_dnr after sadm == 0 AND 1.62 <= edu <= 22.4 AND 28.5 <= meanbp <= 125 AND dnrday <= 92.3 AND glucose_was_missing == 0 AND bun_was_missing == 0 AND dzgroup_MOSF w/Malig == 0 AND 117 <= sod <= 157 AND 14.9 <= avtisst <= 61.1 AND dzclass_COPD/CHF/Cirrhosis == 0 AND dnr_no dnr == 0 AND resp <= 32.7 AND race_hispanic == 0 AND totcst <= 2.41e+05 AND bun <= 128 AND urine_was_missing == 0 AND adlp_was_missing == 1 AND race_white == 1 AND crea <= 5.8,0.01734152991583261
1,1,0.01734152991583261,0.4444444444444444,9,4,17,17,aps <= 77.2 AND adlp == 0 AND dnrday <= 101 AND pafi <= 524 AND bun <= 119 AND race_hispanic == 0 AND dzgroup_Colon Cancer == 0 AND race_asian == 0 AND 7.47 <= edu <= 17.8 AND charges <= 5.18e+05 AND sps <= 62.2 AND wblc <= 55.5 AND 118 <= sod <= 156 AND urine <= 243 AND dzgroup_CHF == 0 AND dzgroup_COPD == 0 AND dzclass_Cancer == 0,0.01734152991583261
1,1,0.013854029979917696,0.6733333333333333,0,0,20,20,dzgroup_COPD == 0 AND dnr_dnr before sadm == 0 AND dzgroup_Lung Cancer == 0 AND dnr_dnr after sadm == 1 AND 1.2e+03 <= urine <= 5.7e+03 AND race_other == 0 AND 49.1 <= hrt <= 208 AND dzgroup_Coma == 0 AND dzgroup_MOSF w/Malig == 0 AND dzclass_Coma == 0 AND crea <= 5.3 AND bun <= 110 AND race_white == 0 AND 7.06 <= ph <= 7.76 AND race_asian == 0 AND ca_yes == 0 AND num_co == 5 AND totcst <= 2.51e+05 AND glucose <= 308 AND adlp_was_missing == 0,0.013854029979917696
0,1,0.010240000000000003,0.4,5,2,15,15,dzgroup_Cirrhosis == 0 AND alb <= 9.01 AND race_asian == 0 AND race_other == 0 AND urine_was_missing == 1 AND dzclass_Cancer == 1 AND dnr_dnr before sadm == 0 AND wblc <= 63.8 AND pafi <= 464 AND 45.6 <= age <= 80.8 AND dementia == 0 AND 29.3 <= resp <= 38.7 AND ca_yes == 0 AND bili <= 9.49 AND dnr_dnr after sadm == 1,0.010240000000000003
1,1,0.010240000000000003,0.4,5,2,26,26,dzgroup_COPD == 0 AND dzgroup_Lung Cancer == 0 AND ca_no == 1 AND dnr_dnr after sadm == 1 AND dzgroup_MOSF w/Malig == 0 AND adlp_was_missing == 1 AND urine <= 4.26e+03 AND 58.1 <= age <= 98.3 AND bili <= 9.19 AND dzgroup_Cirrhosis == 0 AND race_other == 0 AND hrt >= 61.5 AND 35 <= temp <= 40.7 AND sps <= 69.5 AND crea <= 7.47 AND dzgroup_Coma == 1 AND race_black == 0 AND ca_yes == 0 AND 7.26 <= ph <= 7.58 AND dzclass_COPD/CHF/Cirrhosis == 0 AND race_hispanic == 0 AND dzgroup_CHF == 0 AND diabetes == 1 AND dzgroup_Colon Cancer == 0 AND race_asian == 0 AND aps <= 61.7,0.010240000000000003
1,1,0.010240000000000003,0.4,5,2,15,15,dzgroup_COPD == 0 AND dzgroup_Cirrhosis == 0 AND dzgroup_Lung Cancer == 0 AND dzclass_COPD/CHF/Cirrhosis == 0 AND dzclass_Cancer == 0 AND race_black == 0 AND race_hispanic == 0 AND dzgroup_MOSF w/Malig == 0 AND dnr_dnr before sadm == 0 AND dzgroup_CHF == 0 AND totcst <= 1.77e+05 AND scoma >= 52.5 AND 7.26 <= ph <= 7.55 AND dnr_no dnr == 1 AND diabetes == 1,0.010240000000000003
1,1,0.010240000000000003,0.4,10,4,23,23,0.545 <= edu <= 19.5 AND charges <= 5.2e+05 AND totcst <= 1.36e+05 AND 15.4 <= aps <= 98.6 AND dementia == 0 AND dnrday <= 71.2 AND 17.1 <= hrt <= 208 AND crea <= 5.16 AND bun <= 125 AND 1.2e+03 <= urine <= 4.9e+03 AND dzgroup_CHF == 0 AND dzgroup_Cirrhosis == 1 AND dzgroup_Coma == 0 AND dzclass_Coma == 0 AND dnr_dnr before sadm == 0 AND diabetes == 1 AND alb <= 13.3 AND race_asian == 0 AND ca_no == 1 AND ca_yes == 0 AND dnr_dnr after sadm == 1 AND meanbp <= 127 AND race_black == 0,0.010240000000000003
0,1,0.010240000000000003,0.4,5,2,15,15,bun_was_missing == 0 AND totcst <= 2.17e+05 AND glucose <= 581 AND dzgroup_Cirrhosis == 0 AND edu <= 26.7 AND glucose_was_missing == 0 AND dnr_dnr before sadm == 1 AND sod <= 155 AND adlsc <= 2.66 AND dzgroup_COPD == 0 AND dzgroup_MOSF w/Malig == 0 AND ca_yes == 0 AND scoma <= 38 AND dnrday <= 71.7 AND crea <= 5.13,0.010240000000000003
1,1,0.007437568855079005,0.5907608695652173,0,0,19,19,income_was_missing == 0 AND dzgroup_Lung Cancer == 0 AND avtisst >= 37.8 AND 7.29 <= ph <= 7.61 AND adlp == 0 AND dnr_no dnr == 1 AND dnrday <= 55.5 AND dzgroup_COPD == 0 AND 8.65 <= meanbp <= 147 AND alb <= 10.6 AND dzgroup_CHF == 0 AND 11.8 <= sps <= 60.3 AND dnr_dnr before sadm == 0 AND urine <= -955 AND dzgroup_MOSF w/Malig == 0 AND race_other == 0 AND ca_yes == 0 AND 28.5 <= scoma <= 59.5 AND dementia == 0,0.007437568855079005
1,1,0.007437568855079005,0.5907608695652173,0,0,16,16,income_was_missing == 0 AND scoma >= 41.3 AND 127 <= sod <= 169 AND 5.8 <= edu <= 18.2 AND dnr_dnr before sadm == 0 AND wblc <= 43.8 AND dzgroup_Lung Cancer == 0 AND dzgroup_COPD == 0 AND diabetes == 0 AND hrt <= 70 AND sex == 0 AND dzgroup_Coma == 0 AND dzclass_Coma == 0 AND race_asian == 0 AND income == 2 AND dzgroup_Colon Cancer == 0,0.007437568855079005
1,1,0.0063582343481257495,0.36363636363636365,11,4,16,16,dzgroup_MOSF w/Malig == 0 AND dzclass_Cancer == 0 AND race_other == 0 AND adlp_was_missing == 1 AND dzgroup_Colon Cancer == 0 AND dnr_no dnr == 0 AND dnr_dnr before sadm == 0 AND totmcst <= 2.23e+05 AND dzclass_Coma == 0 AND race_asian == 0 AND pafi <= 492 AND 7.47 <= edu <= 26.4 AND dementia == 0 AND bun <= 188 AND urine_was_missing == 0 AND dzgroup_COPD == 1,0.0063582343481257495
0,1,0.004115226337448558,0.3333333333333333,6,2,18,18,dzgroup_Cirrhosis == 0 AND scoma <= 34.5 AND crea <= 6.42 AND 31.5 <= meanbp <= 169 AND glucose <= 508 AND race_asian == 0 AND charges <= 5.12e+05 AND wblc <= 82 AND income_was_missing == 1 AND dzgroup_Colon Cancer == 0 AND race_black == 0 AND ca_no == 1 AND bun <= 218 AND 2.42 <= edu <= 13.6 AND bili <= 13.5 AND dzgroup_CHF == 0 AND dzgroup_MOSF w/Malig == 0 AND race_hispanic == 0,0.004115226337448558
1,1,0.004115226337448558,0.3333333333333333,6,2,21,21,49.6 <= age <= 87.2 AND charges <= 2.24e+05 AND sps <= 54.7 AND 3.54 <= aps <= 106 AND dementia == 0 AND bili <= 25.7 AND 116 <= sod <= 146 AND glucose_was_missing == 1 AND glucose <= 282 AND bun_was_missing == 1 AND urine_was_missing == 1 AND sex == 0 AND income_was_missing == 1 AND income == 1 AND dzgroup_COPD == 0 AND dzgroup_Cirrhosis == 1 AND dzgroup_Colon Cancer == 0 AND dzgroup_MOSF w/Malig == 0 AND dzclass_COPD/CHF/Cirrhosis == 1 AND ca_yes == 0 AND dnr_no dnr == 1,0.004115226337448558
0,1,0.004115226337448558,0.3333333333333333,3,1,13,13,dzgroup_Colon Cancer == 0 AND race_black == 0 AND glucose_was_missing == 0 AND race_other == 0 AND wblc <= 80.4 AND bun_was_missing == 0 AND race_asian == 0 AND race_hispanic == 0 AND scoma <= 27.5 AND 31 <= avtisst <= 35.9 AND 7.23 <= ph <= 7.7 AND dzgroup_Cirrhosis == 0 AND charges <= 4.44e+05,0.004115226337448558
0,1,0.004115226337448558,0.3333333333333333,3,1,19,19,crea <= 7.15 AND race_other == 0 AND sex == 1 AND dzgroup_COPD == 0 AND avtisst <= 36.5 AND dementia == 0 AND dzgroup_CHF == 0 AND race_asian == 0 AND race_white == 1 AND dnr_dnr before sadm == 0 AND dzgroup_Cirrhosis == 1 AND 30.3 <= aps <= 78.5 AND 3.76 <= resp <= 44.2 AND glucose_was_missing == 0 AND glucose <= 581 AND bun_was_missing == 0 AND dzclass_Coma == 0 AND race_hispanic == 0 AND bili <= 22.9,0.004115226337448558
1,1,0.004115226337448558,0.3333333333333333,3,1,21,21,dementia == 0 AND dnr_no dnr == 0 AND bili <= 9.19 AND dzclass_COPD/CHF/Cirrhosis == 0 AND race_other == 0 AND urine <= 3.62e+03 AND dzclass_Cancer == 0 AND pafi <= 524 AND dzgroup_COPD == 0 AND adlp == 0 AND dnr_dnr before sadm == 0 AND urine_was_missing == 0 AND dnrday <= 49.6 AND 11.4 <= meanbp <= 103 AND bun <= 119 AND edu <= 16.2 AND scoma >= 65.5 AND bun_was_missing == 0 AND dzgroup_Coma == 1 AND aps <= 86.4 AND income_was_missing == 1,0.004115226337448558
1,1,0.004115226337448558,0.3333333333333333,3,1,19,19,urine <= 4.8e+03 AND 5.8 <= edu <= 18.2 AND dzgroup_Lung Cancer == 0 AND glucose <= 540 AND dzgroup_Colon Cancer == 0 AND dzclass_COPD/CHF/Cirrhosis == 0 AND 1.27 <= adlsc <= 4.73 AND totcst <= 2.35e+05 AND 3.62 <= sps <= 67 AND aps >= 30.5 AND 7.27 <= ph <= 7.48 AND dnr_dnr after sadm == 1 AND dnr_dnr before sadm == 0 AND 18.5 <= avtisst <= 40.8 AND 33.3 <= temp <= 38.7 AND adlp == 0 AND income == 1 AND dzgroup_Coma == 0 AND race_other == 0,0.004115226337448558
1,1,0.004115226337448558,0.3333333333333333,9,3,21,21,avtisst >= 30.2 AND dzclass_Cancer == 0 AND race_other == 0 AND totcst <= 1.41e+05 AND 18.7 <= sps <= 45.5 AND pafi <= 524 AND alb <= 10.6 AND dzclass_Coma == 0 AND adlp == 0 AND 30.8 <= aps <= 101 AND dnrday <= 147 AND glucose_was_missing == 0 AND adlp_was_missing == 1 AND race_white == 1 AND dzgroup_MOSF w/Malig == 0 AND dzclass_COPD/CHF/Cirrhosis == 0 AND totmcst <= 2.37e+05 AND 33.4 <= meanbp <= 125 AND 71.2 <= hrt <= 191 AND income_was_missing == 1 AND dzgroup_Coma == 0,0.004115226337448558
1,1,0.004115226337448558,0.3333333333333333,3,1,24,24,118 <= sod <= 169 AND dzgroup_COPD == 0 AND dzgroup_Lung Cancer == 0 AND glucose_was_missing == 1 AND ca_yes == 0 AND dzclass_Cancer == 0 AND dnr_dnr after sadm == 1 AND crea <= 5.3 AND dzgroup_CHF == 0 AND race_other == 0 AND 21.6 <= hrt <= 96.8 AND glucose <= 329 AND urine_was_missing == 1 AND dzgroup_Coma == 0 AND dzgroup_MOSF w/Malig == 0 AND ca_no == 1 AND dnr_dnr before sadm == 0 AND totcst <= 2.01e+05 AND dnrday <= 57.8 AND resp <= 57.1 AND diabetes == 0 AND dzclass_COPD/CHF/Cirrhosis == 1 AND charges <= 4.59e+05 AND dzclass_Coma == 0,0.004115226337448558
1,1,0.004115226337448558,0.3333333333333333,3,1,18,18,dzgroup_COPD == 0 AND dnr_dnr before sadm == 0 AND dnr_no dnr == 0 AND adlp == 0 AND dzgroup_CHF == 0 AND race_hispanic == 0 AND pafi <= 492 AND dzgroup_MOSF w/Malig == 0 AND sex == 1 AND totcst <= 1.42e+05 AND dzgroup_Cirrhosis == 0 AND charges <= 4.58e+05 AND 1.36 <= adlsc <= 4.76 AND race_black == 1 AND alb <= 6.77 AND ca_no == 0 AND scoma <= 35.5 AND 33.3 <= temp <= 39.1,0.004115226337448558
1,1,0.004115226337448558,0.3333333333333333,3,1,15,15,charges <= 5.05e+05 AND dzgroup_Coma == 0 AND race_other == 0 AND dzgroup_MOSF w/Malig == 0 AND dnr_dnr before sadm == 0 AND avtisst <= 41.2 AND dzgroup_Colon Cancer == 0 AND wblc <= 71.5 AND race_asian == 0 AND 47 <= meanbp <= 161 AND glucose_was_missing == 1 AND dzgroup_COPD == 0 AND dzgroup_Lung Cancer == 0 AND adlsc >= 5.05 AND sex == 1,0.004115226337448558
0,1,0.004115226337448558,0.3333333333333333,3,1,21,21,dzgroup_Cirrhosis == 0 AND pafi <= 520 AND race_black == 0 AND avtisst <= 42.3 AND charges <= 4.27e+05 AND 32.4 <= meanbp <= 85.6 AND glucose <= 340 AND dzgroup_COPD == 0 AND dzgroup_Colon Cancer == 0 AND aps <= 74.9 AND race_other == 0 AND ph >= 7.04 AND totcst <= 1.26e+05 AND dzgroup_MOSF w/Malig == 0 AND race_asian == 0 AND dnr_dnr before sadm == 0 AND bun <= 105 AND adlp == 0 AND income == 1 AND dzgroup_Lung Cancer == 0 AND ca_no == 1,0.004115226337448558
1,1,0.004115226337448558,0.3333333333333333,3,1,14,14,dzgroup_MOSF w/Malig == 0 AND dzclass_Cancer == 0 AND avtisst >= 37.9 AND glucose <= 373 AND race_asian == 0 AND bun <= 103 AND dzgroup_Colon Cancer == 0 AND ca_yes == 0 AND totcst <= 1.41e+05 AND diabetes == 1 AND race_hispanic == 0 AND race_other == 0 AND dnrday <= 57.7 AND dnr_dnr after sadm == 0,0.004115226337448558
1,1,0.004115226337448558,0.3333333333333333,3,1,20,20,scoma <= 19 AND 21.9 <= aps <= 88.1 AND dementia == 0 AND dnrday <= 111 AND hrt <= 160 AND crea <= 8.34 AND 120 <= sod <= 156 AND 7.22 <= ph <= 7.52 AND glucose_was_missing == 0 AND glucose <= 362 AND bun_was_missing == 0 AND adlsc >= 3.42 AND sex == 0 AND dzgroup_Cirrhosis == 0 AND dzgroup_Colon Cancer == 0 AND dzclass_Cancer == 0 AND race_black == 1 AND race_white == 0 AND ca_no == 0 AND dnr_dnr before sadm == 0,0.004115226337448558
0,1,0.004115226337448558,0.3333333333333333,3,1,21,21,dnr_dnr after sadm == 0 AND diabetes == 0 AND sps <= 48 AND adlp == 0 AND dzclass_Cancer == 0 AND 51.5 <= hrt <= 178 AND dnr_no dnr == 1 AND charges <= 4.27e+05 AND 9.41 <= aps <= 92.6 AND wblc <= 63.8 AND 115 <= sod <= 146 AND dzgroup_CHF == 0 AND dzgroup_Lung Cancer == 0 AND 1.43 <= alb <= 11.6 AND glucose <= 503 AND bun_was_missing == 1 AND dzgroup_Cirrhosis == 0 AND dzgroup_MOSF w/Malig == 0 AND dzclass_Coma == 0 AND ca_yes == 0 AND sex == 1,0.004115226337448558
1,1,0.0024299999999999994,0.3,10,3,22,22,totmcst <= 2.43e+05 AND glucose_was_missing == 1 AND glucose <= 379 AND sex == 0 AND dzgroup_COPD == 0 AND dzgroup_Coma == 0 AND race_black == 0 AND dnr_dnr after sadm == 1 AND dnr_dnr before sadm == 0 AND dnr_no dnr == 0 AND adlp == 0 AND sps <= 57.9 AND dementia == 0 AND wblc <= 112 AND 45 <= age <= 81.9 AND totcst <= 1.58e+05 AND 34 <= hrt <= 191 AND race_other == 0 AND adlp_was_missing == 1 AND adls == 1 AND dzgroup_Lung Cancer == 1 AND ca_yes == 0,0.0024299999999999994
1,1,0.001903968584518355,0.2857142857142857,7,2,15,15,adlp == 0 AND dzgroup_COPD == 0 AND glucose_was_missing == 1 AND dzgroup_Colon Cancer == 0 AND urine_was_missing == 1 AND 8 <= scoma <= 44 AND hrt <= 146 AND adlp_was_missing == 1 AND dzclass_Cancer == 0 AND race_asian == 0 AND ca_yes == 1 AND dnr_dnr before sadm == 0 AND diabetes == 0 AND income == 1 AND race_black == 0,0.001903968584518355
1,1,0.0016538171687920206,0.2777777777777778,18,5,17,17,urine_was_missing == 1 AND dzgroup_COPD == 0 AND dzgroup_Cirrhosis == 0 AND dnr_dnr after sadm == 0 AND dnr_dnr before sadm == 0 AND race_other == 0 AND 1.33 <= sps <= 65.4 AND charges <= 5.36e+05 AND wblc <= 72.2 AND 7.11 <= ph <= 7.54 AND 122 <= sod <= 156 AND income_was_missing == 0 AND dnr_no dnr == 1 AND 24.9 <= age <= 82.2 AND resp <= 58.4 AND adls == 5 AND pafi <= 226,0.0016538171687920206
1,1,0.0015088388150337464,0.2727272727272727,11,3,19,19,dzgroup_COPD == 0 AND dzgroup_Cirrhosis == 0 AND dzgroup_Lung Cancer == 0 AND dzclass_COPD/CHF/Cirrhosis == 0 AND dzclass_Cancer == 0 AND race_black == 0 AND race_hispanic == 0 AND dzgroup_MOSF w/Malig == 0 AND dnr_dnr before sadm == 0 AND adlp == 0 AND dzgroup_CHF == 0 AND totcst <= 1.77e+05 AND scoma >= 52.5 AND bun <= 81.3 AND 7.26 <= ph <= 7.55 AND dzclass_Coma == 0 AND dnr_no dnr == 1 AND 30.4 <= age <= 61.4 AND totmcst <= 1.8e+05,0.0015088388150337464
1,1,0.0015088388150337464,0.2727272727272727,11,3,18,18,dzgroup_MOSF w/Malig == 0 AND glucose <= 373 AND dzgroup_Cirrhosis == 0 AND dzgroup_Colon Cancer == 0 AND ca_yes == 0 AND totcst <= 1.97e+05 AND diabetes == 1 AND race_other == 0 AND 58.1 <= age <= 98.3 AND scoma <= 37 AND wblc <= 64.5 AND glucose_was_missing == 1 AND adlp == 0 AND 0.126 <= adlsc <= 3.87 AND dzgroup_COPD == 0 AND dzclass_Coma == 0 AND resp <= 35.1 AND bun <= 94.8,0.0015088388150337464
1,1,0.0009765625,0.25,4,1,16,16,23.5 <= avtisst <= 62.9 AND urine_was_missing == 1 AND dzgroup_Cirrhosis == 0 AND dzgroup_Colon Cancer == 0 AND dzgroup_Lung Cancer == 0 AND race_other == 0 AND race_black == 0 AND 15.5 <= resp <= 52.5 AND bun <= 76.8 AND dementia == 0 AND alb <= 11.2 AND bun_was_missing == 1 AND adls == 2 AND dzgroup_CHF == 0 AND ca_no == 1 AND dnr_dnr before sadm == 0,0.0009765625
0,1,0.0009765625,0.25,4,1,15,15,dnrday <= 62 AND scoma >= 74.5 AND urine <= 3.22e+03 AND race_other == 0 AND dnr_dnr before sadm == 0 AND adlp == 0 AND race_hispanic == 0 AND dnr_dnr after sadm == 1 AND dnr_no dnr == 0 AND sex == 0 AND dementia == 0 AND hrt >= 72.9 AND glucose <= 612 AND adlp_was_missing == 1 AND dzclass_Cancer == 0,0.0009765625
1,1,0.0009765625,0.25,4,1,21,21,race_other == 0 AND bun <= 188 AND dzclass_COPD/CHF/Cirrhosis == 0 AND dnrday <= 48.9 AND sod <= 147 AND dzclass_Coma == 0 AND dnr_dnr before sadm == 0 AND 7.66 <= edu <= 16.3 AND charges <= 5.05e+05 AND 14.7 <= aps <= 61.3 AND 84.1 <= hrt <= 236 AND alb <= 10.9 AND glucose_was_missing == 0 AND adlsc <= 4.97 AND sex == 0 AND dzgroup_Cirrhosis == 0 AND dzclass_Cancer == 1 AND race_black == 1 AND ca_no == 0 AND 14.2 <= sps <= 40 AND 1.48e+03 <= urine <= 3.72e+03,0.0009765625
0,1,0.0009765625,0.25,4,1,19,19,118 <= sod <= 156 AND ca_no == 1 AND dnr_dnr after sadm == 1 AND dnr_dnr before sadm == 0 AND dzgroup_MOSF w/Malig == 0 AND totmcst <= 2.58e+05 AND 21.6 <= hrt <= 208 AND urine_was_missing == 1 AND dzgroup_Coma == 0 AND glucose_was_missing == 1 AND ca_yes == 0 AND diabetes == 0 AND sps <= 44 AND wblc <= 82.5 AND alb <= 11.2 AND 2.1 <= crea <= 8.7 AND adls == 6 AND income == 1 AND dnr_no dnr == 0,0.0009765625
1,1,0.0009765625,0.25,4,1,13,13,glucose_was_missing == 0 AND bun <= 76.8 AND dnrday <= 101 AND dzclass_COPD/CHF/Cirrhosis == 0 AND race_other == 0 AND scoma <= 28 AND 58.9 <= aps <= 109 AND 118 <= sod <= 169 AND dzgroup_Lung Cancer == 0 AND dnr_no dnr == 1 AND resp <= 35.5 AND income == 1 AND dzgroup_Colon Cancer == 0,0.0009765625
1,1,0.0009765625,0.25,4,1,22,22,dzgroup_Cirrhosis == 0 AND race_hispanic == 0 AND 165 <= urine <= 4.94e+03 AND dzclass_Cancer == 0 AND adlp == 0 AND dnrday <= 71.1 AND 34.7 <= temp <= 41.5 AND adlp_was_missing == 1 AND dzgroup_COPD == 0 AND race_asian == 0 AND bun_was_missing == 1 AND dzgroup_Colon Cancer == 0 AND 30.5 <= aps <= 101 AND dementia == 0 AND glucose <= 326 AND income_was_missing == 1 AND dzgroup_Coma == 0 AND dzgroup_Lung Cancer == 0 AND ca_no == 1 AND totmcst <= 2.08e+05 AND 54 <= hrt <= 186 AND 1.5 <= crea <= 8.1,0.0009765625
1,1,0.0003200000000000001,0.2,5,1,22,22,dnr_dnr after sadm == 1 AND dnr_no dnr == 0 AND totcst <= 1.97e+05 AND avtisst >= 23.5 AND dzgroup_Coma == 0 AND dzgroup_CHF == 0 AND dementia == 0 AND dzclass_Cancer == 0 AND dnr_dnr before sadm == 0 AND ca_yes == 0 AND bun_was_missing == 0 AND dzgroup_COPD == 0 AND dzclass_COPD/CHF/Cirrhosis == 0 AND ca_no == 1 AND 30.8 <= meanbp <= 99.2 AND 2.91e+04 <= charges <= 3.88e+05 AND 94.9 <= pafi <= 379 AND 35 <= scoma <= 89.3 AND adlp_was_missing == 1 AND dzgroup_Colon Cancer == 0 AND num_co == 0 AND 955 <= urine <= 7.34e+03,0.0003200000000000001
1,1,0.0003200000000000001,0.2,5,1,22,22,1.3 <= edu <= 22.7 AND 20.1 <= sps <= 93.3 AND diabetes == 0 AND 53.2 <= hrt <= 173 AND 34.1 <= temp <= 39.9 AND bili <= 22 AND 125 <= sod <= 150 AND bun_was_missing == 0 AND 860 <= urine <= 4.28e+03 AND income == 2 AND dzgroup_CHF == 0 AND dzgroup_Cirrhosis == 0 AND dzclass_Coma == 0 AND race_asian == 0 AND race_black == 0 AND race_other == 0 AND ca_yes == 0 AND dnr_dnr after sadm == 1 AND dnr_dnr before sadm == 0 AND bun <= 113 AND adlp == 0 AND dzgroup_Coma == 0,0.0003200000000000001
0,1,0.0003200000000000001,0.2,15,3,23,23,dzgroup_Lung Cancer == 0 AND avtisst >= 37.8 AND adlp == 0 AND alb <= 11.7 AND dzclass_Coma == 0 AND hrt <= 147 AND dnr_dnr before sadm == 0 AND edu <= 16.5 AND totcst <= 9.77e+04 AND bun <= 85.8 AND dzclass_COPD/CHF/Cirrhosis == 0 AND totmcst <= 2.19e+05 AND race_other == 0 AND race_white == 1 AND 30.8 <= aps <= 86.2 AND diabetes == 0 AND 39 <= meanbp <= 115 AND glucose <= 477 AND dnrday <= 77.1 AND glucose_was_missing == 0 AND dzclass_Cancer == 0 AND bili <= 9.71 AND bun_was_missing == 0,0.0003200000000000001
0,1,0.0003200000000000001,0.2,15,3,15,15,edu <= 19.2 AND 45.6 <= aps <= 96.4 AND temp >= 36.8 AND urine_was_missing == 1 AND urine <= 5.02e+03 AND adlsc >= 2.38 AND income_was_missing == 0 AND dzgroup_COPD == 0 AND dzgroup_Cirrhosis == 0 AND dzgroup_Coma == 0 AND dzgroup_Lung Cancer == 0 AND race_hispanic == 0 AND dnr_dnr after sadm == 1 AND dnrday <= 113 AND dzgroup_MOSF w/Malig == 0,0.0003200000000000001
1,1,0.0003200000000000001,0.2,10,2,15,15,glucose_was_missing == 0 AND bun <= 76.8 AND dzgroup_Coma == 0 AND dnrday <= 101 AND dzclass_COPD/CHF/Cirrhosis == 0 AND race_other == 0 AND totmcst <= 2.37e+05 AND 33.4 <= meanbp <= 125 AND income_was_missing == 1 AND scoma <= 28 AND 58.9 <= aps <= 101 AND 118 <= sod <= 169 AND dzgroup_Lung Cancer == 0 AND dnr_no dnr == 1 AND 71.2 <= hrt <= 191,0.0003200000000000001
1,1,0.00012860082304526745,0.16666666666666666,6,1,24,24,adlsc <= 4.58 AND dnr_no dnr == 1 AND adlp_was_missing == 0 AND dzgroup_MOSF w/Malig == 0 AND dnr_dnr before sadm == 0 AND diabetes == 0 AND sod <= 155 AND 72.2 <= hrt <= 152 AND dzgroup_Lung Cancer == 0 AND dzclass_Cancer == 0 AND race_hispanic == 0 AND race_other == 0 AND totcst <= 2.11e+05 AND 11.1 <= aps <= 54.9 AND pafi <= 512 AND crea <= 10.9 AND bun <= 204 AND dzgroup_Coma == 0 AND race_white == 1 AND ca_no == 1 AND 20.2 <= age <= 78 AND adlp == 1 AND dzgroup_Cirrhosis == 1 AND race_asian == 0,0.00012860082304526745
1,1,0.00012860082304526745,0.16666666666666666,12,2,15,15,scoma <= 34.5 AND glucose_was_missing == 1 AND adlp_was_missing == 1 AND dzgroup_COPD == 0 AND dzgroup_Colon Cancer == 0 AND dzgroup_Lung Cancer == 0 AND dzclass_Cancer == 0 AND dzgroup_Cirrhosis == 0 AND race_white == 0 AND dnr_no dnr == 1 AND 32.1 <= age <= 77.4 AND totmcst <= 5.49e+05 AND dzgroup_Coma == 0 AND dnr_dnr before sadm == 0 AND dzclass_COPD/CHF/Cirrhosis == 0,0.00012860082304526745
1,1,0.00012860082304526745,0.16666666666666666,6,1,20,20,sex == 1 AND charges <= 5.18e+05 AND bili <= 11.6 AND totcst <= 1.97e+05 AND dzclass_COPD/CHF/Cirrhosis == 0 AND urine <= 3.62e+03 AND dzclass_Cancer == 0 AND pafi <= 524 AND dnrday <= 114 AND 34.7 <= temp <= 41.5 AND glucose <= 357 AND bun <= 75.8 AND dnr_dnr before sadm == 0 AND dementia == 0 AND 30.5 <= aps <= 109 AND race_other == 0 AND race_white == 1 AND 51.2 <= age <= 73 AND adlp_was_missing == 1 AND adls == 0,0.00012860082304526745
1,1,9.813824083770476e-05,0.15789473684210525,19,3,18,18,dnr_dnr before sadm == 0 AND dzgroup_Cirrhosis == 0 AND charges <= 3.46e+05 AND dzgroup_CHF == 0 AND race_asian == 0 AND dementia == 0 AND dzclass_Cancer == 1 AND 38.6 <= hrt <= 226 AND bun <= 143 AND ca_no == 0 AND sps <= 67.6 AND totmcst <= 1.71e+05 AND 11.1 <= aps <= 65.5 AND diabetes == 0 AND pafi <= 438 AND bili <= 16.9 AND urine_was_missing == 0 AND avtisst <= 24.2,9.813824083770476e-05
1,1,5.949901826619859e-05,0.14285714285714285,14,2,16,16,race_other == 0 AND dnr_dnr before sadm == 0 AND dzgroup_Cirrhosis == 0 AND charges <= 5e+05 AND race_asian == 0 AND sps <= 71.3 AND diabetes == 0 AND urine <= 3.67e+03 AND avtisst <= 36.5 AND wblc <= 97.7 AND glucose_was_missing == 0 AND dzgroup_Coma == 0 AND dzclass_Cancer == 1 AND alb <= 9.2 AND income == 1 AND dnr_dnr after sadm == 1,5.949901826619859e-05
1,1,5.949901826619859e-05,0.14285714285714285,14,2,17,17,income_was_missing == 0 AND dnrday <= 55.5 AND ca_yes == 0 AND 56.8 <= pafi <= 391 AND scoma >= 41.3 AND alb <= 7.54 AND 127 <= sod <= 169 AND urine <= 3.22e+03 AND dzgroup_MOSF w/Malig == 0 AND race_other == 0 AND 5.8 <= edu <= 18.2 AND dnr_dnr before sadm == 0 AND wblc <= 43.8 AND dzgroup_Lung Cancer == 0 AND dzgroup_COPD == 0 AND dzgroup_Coma == 1 AND dnr_dnr after sadm == 0,5.949901826619859e-05
1,1,3.200000000000001e-05,0.2,0,0,17,17,urine <= 5.3e+03 AND race_other == 0 AND dnr_no dnr == 1 AND totcst <= 1.8e+05 AND crea <= 7.64 AND scoma <= 34.5 AND diabetes == 0 AND dzgroup_COPD == 1 AND dzgroup_Cirrhosis == 0 AND dnrday <= 74 AND 34.2 <= temp <= 38.6 AND glucose_was_missing == 0 AND adlp_was_missing == 0 AND race_white == 1 AND alb <= 7.55 AND 1.38 <= adlsc <= 6.62 AND income == 1,3.200000000000001e-05
1,1,3.0517578125e-05,0.125,8,1,17,17,urine <= 5.3e+03 AND race_other == 0 AND dnr_no dnr == 1 AND totcst <= 1.8e+05 AND crea <= 7.64 AND bun_was_missing == 0 AND scoma <= 34.5 AND diabetes == 0 AND dzgroup_COPD == 1 AND dzgroup_Cirrhosis == 0 AND dnrday <= 74 AND 34.2 <= temp <= 38.6 AND glucose_was_missing == 0 AND adlp_was_missing == 0 AND dzgroup_Lung Cancer == 0 AND race_white == 1 AND alb <= 7.55,3.0517578125e-05
0,1,1.6935087808430282e-05,0.1111111111111111,9,1,16,16,dzgroup_Cirrhosis == 0 AND resp <= 37.8 AND race_other == 0 AND adlp_was_missing == 1 AND 133 <= sod <= 157 AND adls == 1 AND race_hispanic == 0 AND adlp == 0 AND totcst <= 1.42e+05 AND urine_was_missing == 0 AND dnr_dnr after sadm == 1 AND totmcst <= 1.85e+05 AND 45 <= age <= 80.2 AND 7.47 <= edu <= 26.4 AND dnr_dnr before sadm == 0 AND bili <= 9.83,1.6935087808430282e-05
1,1,1.6935087808430282e-05,0.1111111111111111,9,1,17,17,dzgroup_Cirrhosis == 0 AND dnr_dnr before sadm == 0 AND dzgroup_Lung Cancer == 0 AND scoma <= 34.5 AND avtisst <= 25.3 AND 41.4 <= hrt <= 119 AND 7.09 <= ph <= 7.72 AND race_hispanic == 0 AND dementia == 0 AND meanbp >= 31.5 AND alb <= 11.6 AND crea <= 7.15 AND 129 <= sod <= 147 AND bun_was_missing == 0 AND dzgroup_Colon Cancer == 0 AND adls == 1 AND dnr_no dnr == 0,1.6935087808430282e-05
1,1,6.209213230591552e-06,0.09090909090909091,11,1,25,25,totcst <= 1.77e+05 AND dnrday <= 89.8 AND bun <= 76.8 AND income_was_missing == 1 AND race_other == 0 AND 28.1 <= avtisst <= 55.9 AND urine <= 3.22e+03 AND bili <= 22 AND income == 1 AND dzgroup_Colon Cancer == 0 AND dzgroup_Coma == 0 AND dzclass_COPD/CHF/Cirrhosis == 0 AND resp <= 78.2 AND race_white == 1 AND sex == 0 AND 30.3 <= age <= 81.1 AND dementia == 0 AND 7.12 <= ph <= 7.52 AND bun_was_missing == 0 AND adlp == 0 AND dnr_dnr after sadm == 0 AND meanbp <= 117 AND 66.3 <= hrt <= 196 AND glucose_was_missing == 0 AND race_asian == 0,6.209213230591552e-06
1,1,4.018775720164608e-06,0.08333333333333333,12,1,15,15,scoma <= 34.5 AND glucose_was_missing == 1 AND adlp_was_missing == 1 AND dzgroup_COPD == 0 AND dzgroup_Colon Cancer == 0 AND dzgroup_Lung Cancer == 0 AND dzclass_Cancer == 0 AND dzgroup_Cirrhosis == 0 AND race_white == 0 AND dnr_no dnr == 1 AND 32.1 <= age <= 77.4 AND totmcst <= 2.08e+05 AND dzgroup_Coma == 0 AND dnr_dnr before sadm == 0 AND 17.8 <= sps <= 86.2,4.018775720164608e-06
1,1,4.018775720164608e-06,0.08333333333333333,12,1,27,27,totmcst <= 1.81e+05 AND sps <= 43.5 AND dementia == 0 AND dnrday <= 100 AND 26.8 <= resp <= 61.2 AND bili <= 23.4 AND crea <= 4.54 AND 6.88 <= ph <= 7.5 AND urine <= 4.94e+03 AND adlp_was_missing == 1 AND 0.454 <= adlsc <= 5.55 AND sex == 1 AND dzgroup_CHF == 0 AND dzgroup_COPD == 1 AND dzgroup_Cirrhosis == 0 AND dzgroup_Colon Cancer == 0 AND dzgroup_Coma == 0 AND dzgroup_Lung Cancer == 0 AND dzgroup_MOSF w/Malig == 0 AND dzclass_COPD/CHF/Cirrhosis == 1 AND dzclass_Coma == 0 AND race_asian == 0 AND race_black == 0 AND race_hispanic == 0 AND race_other == 0 AND ca_no == 1 AND ca_yes == 0,4.018775720164608e-06
1,1,2.6932907434290447e-06,0.07692307692307693,13,1,15,15,race_hispanic == 0 AND race_asian == 0 AND crea <= 6.42 AND dzgroup_Colon Cancer == 1 AND dnr_no dnr == 1 AND 7.9 <= meanbp <= 169 AND alb <= 9.01 AND glucose_was_missing == 0 AND race_black == 0 AND dnrday <= 83.4 AND charges <= 4.16e+05 AND race_other == 0 AND 2.08 <= edu <= 21.9 AND bun_was_missing == 0 AND ca_yes == 0,2.6932907434290447e-06
0,1,2.6932907434290447e-06,0.07692307692307693,13,1,19,19,hrt >= 72.9 AND income_was_missing == 0 AND 9.18 <= edu <= 22.8 AND adlp_was_missing == 1 AND age <= 77.8 AND 52.8 <= aps <= 118 AND dzclass_COPD/CHF/Cirrhosis == 0 AND dzclass_Cancer == 0 AND dnr_dnr after sadm == 1 AND glucose_was_missing == 0 AND bun_was_missing == 0 AND crea <= 7.51 AND 7.22 <= ph <= 7.7 AND urine_was_missing == 0 AND dzgroup_CHF == 0 AND race_black == 0 AND race_white == 1 AND dnr_dnr before sadm == 0 AND dnr_no dnr == 0,2.6932907434290447e-06
0,1,9.5367431640625e-07,0.0625,16,1,15,15,dzgroup_COPD == 0 AND dzgroup_Cirrhosis == 0 AND dzgroup_MOSF w/Malig == 0 AND adlp == 0 AND dnr_no dnr == 0 AND 58.1 <= age <= 98.3 AND scoma <= 37 AND totcst <= 1.97e+05 AND avtisst >= 37 AND wblc <= 64.5 AND ca_yes == 0 AND 34.9 <= aps <= 77.2 AND dementia == 0 AND glucose_was_missing == 1 AND bun <= 128,9.5367431640625e-07
0,1,0.0,0.0,5,0,16,16,avtisst >= 23.5 AND dnr_dnr after sadm == 1 AND aps <= 101 AND adlp == 0 AND dzgroup_COPD == 0 AND totcst <= 1.58e+05 AND glucose_was_missing == 1 AND dzgroup_Colon Cancer == 0 AND bun <= 113 AND charges <= 4.58e+05 AND 42.8 <= pafi <= 557 AND dzclass_Cancer == 0 AND ca_yes == 0 AND dnr_dnr before sadm == 0 AND hrt <= 140 AND 1.35 <= adlsc <= 4.18,0.0
1,1,0.0,0.0,4,0,25,25,dzclass_Cancer == 0 AND dnr_no dnr == 1 AND totmcst <= 2.55e+05 AND meanbp <= 161 AND 36.4 <= hrt <= 211 AND age >= 44.6 AND 3.96 <= resp <= 51.3 AND dzgroup_Colon Cancer == 0 AND dzgroup_Coma == 0 AND race_hispanic == 0 AND dnr_dnr before sadm == 0 AND pafi <= 512 AND dzgroup_MOSF w/Malig == 0 AND totcst <= 2.11e+05 AND sps <= 48.1 AND glucose <= 502 AND adlsc <= 1.13 AND dzgroup_COPD == 0 AND race_white == 1 AND ca_yes == 0 AND dnr_dnr after sadm == 0 AND aps <= 38.7 AND urine_was_missing == 0 AND 500 <= urine <= 3.2e+03 AND adlp == 0,0.0
0,1,0.0,0.0,1,0,18,18,dzclass_Coma == 0 AND dnr_dnr after sadm == 0 AND 36.4 <= hrt <= 141 AND dzgroup_Cirrhosis == 0 AND wblc <= 42.3 AND 0.134 <= bili <= 21.7 AND aps <= 46.8 AND edu <= 26.7 AND scoma <= 34.5 AND glucose_was_missing == 0 AND dzgroup_Coma == 0 AND race_hispanic == 0 AND 133 <= sod <= 157 AND urine <= 3.68e+03 AND 3.67e+04 <= totcst <= 2.17e+05 AND dnr_dnr before sadm == 1 AND dzgroup_Lung Cancer == 0 AND ca_no == 1,0.0
1,1,0.0,0.0,3,0,16,16,race_hispanic == 0 AND race_asian == 0 AND crea <= 6.42 AND dzgroup_Colon Cancer == 1 AND dnr_no dnr == 1 AND 7.9 <= meanbp <= 169 AND alb <= 9.01 AND glucose_was_missing == 0 AND race_black == 0 AND dnrday <= 83.4 AND charges <= 5.88e+05 AND race_other == 0 AND 2.08 <= edu <= 21.9 AND bun_was_missing == 0 AND ca_yes == 0 AND dzclass_COPD/CHF/Cirrhosis == 0,0.0
1,1,0.0,0.0,11,0,21,21,race_black == 0 AND 2.39 <= edu <= 21.6 AND dnr_dnr before sadm == 0 AND dzgroup_Cirrhosis == 0 AND dzclass_Coma == 0 AND diabetes == 0 AND bili <= 14.4 AND avtisst <= 42.7 AND dzgroup_MOSF w/Malig == 0 AND dnr_no dnr == 1 AND 7.11 <= ph <= 7.73 AND dzgroup_Lung Cancer == 0 AND dzclass_COPD/CHF/Cirrhosis == 1 AND charges <= 2.77e+05 AND pafi <= 507 AND adlsc <= 4.58 AND dzgroup_Colon Cancer == 0 AND dzclass_Cancer == 0 AND ca_yes == 0 AND adlp == 2 AND race_hispanic == 0,0.0
1,1,0.0,0.0,4,0,19,19,21.6 <= hrt <= 185 AND dnr_dnr before sadm == 0 AND income_was_missing == 0 AND race_asian == 0 AND dnr_dnr after sadm == 0 AND 30.2 <= avtisst <= 37.8 AND 39 <= meanbp <= 115 AND pafi <= 524 AND bili <= 11.9 AND glucose <= 326 AND dzgroup_Coma == 0 AND dzclass_Coma == 0 AND totcst <= 9.77e+04 AND dnrday <= 55.5 AND sod <= 151 AND dzgroup_Lung Cancer == 0 AND race_black == 0 AND num_co == 3 AND urine_was_missing == 1,0.0
1,1,0.0,0.0,4,0,23,23,age >= 51.3 AND 25.5 <= scoma <= 56.5 AND totcst <= 2.96e+05 AND 17.5 <= avtisst <= 49.8 AND sps <= 53.2 AND diabetes == 0 AND crea <= 9.77 AND 117 <= sod <= 157 AND 25.2 <= glucose <= 551 AND bun <= 130 AND dzgroup_CHF == 0 AND dzgroup_Cirrhosis == 0 AND dzgroup_Coma == 1 AND dzclass_Coma == 1 AND race_black == 0 AND race_other == 0 AND race_white == 1 AND ca_no == 1 AND ca_yes == 0 AND dnrday <= 93.3 AND dnr_dnr after sadm == 0 AND 14.1 <= hrt <= 186 AND dnr_no dnr == 1,0.0
1,1,0.0,0.0,1,0,15,15,dzgroup_Cirrhosis == 0 AND pafi <= 524 AND ca_no == 1 AND dnr_dnr after sadm == 1 AND 30.8 <= aps <= 118 AND bili <= 24.7 AND dnrday <= 104 AND dzgroup_CHF == 0 AND dementia == 0 AND glucose <= 477 AND 3.4e+03 <= urine <= 3.93e+03 AND dzgroup_Lung Cancer == 0 AND dnr_no dnr == 0 AND income == 2 AND dzgroup_Colon Cancer == 0,0.0
0,1,0.0,0.0,1,0,17,17,crea <= 7.4 AND race_other == 0 AND sex == 1 AND pafi <= 533 AND avtisst <= 36.5 AND income_was_missing == 0 AND dzgroup_CHF == 0 AND dzgroup_Lung Cancer == 0 AND race_asian == 0 AND race_white == 1 AND dnr_dnr before sadm == 0 AND dzgroup_Cirrhosis == 1 AND 22.9 <= age <= 75.6 AND 32.8 <= temp <= 38.2 AND bun <= 61.9 AND glucose_was_missing == 0 AND bun_was_missing == 0,0.0
0,1,0.0,0.0,1,0,23,23,wblc <= 72.3 AND pafi <= 250 AND dnr_dnr before sadm == 0 AND dnr_no dnr == 0 AND 7.47 <= edu <= 26.4 AND income_was_missing == 0 AND totmcst <= 2.23e+05 AND adlp_was_missing == 1 AND dzclass_Cancer == 0 AND dzclass_Coma == 0 AND race_hispanic == 0 AND avtisst >= 37.9 AND 30.8 <= aps <= 101 AND 21.6 <= hrt <= 208 AND resp <= 25 AND dzgroup_CHF == 0 AND dzgroup_Cirrhosis == 0 AND race_asian == 0 AND dnrday <= 104 AND sod <= 148 AND race_black == 1 AND 23.2 <= age <= 79.3 AND dnr_dnr after sadm == 1,0.0
0,1,0.0,0.0,8,0,22,22,dzgroup_Cirrhosis == 0 AND dzclass_Coma == 0 AND dnr_dnr after sadm == 1 AND avtisst >= 23.5 AND urine <= 4.94e+03 AND dzclass_Cancer == 0 AND dnr_dnr before sadm == 0 AND ca_yes == 0 AND 25.1 <= age <= 73.7 AND 7.5 <= edu <= 19.9 AND adlp == 0 AND dzgroup_MOSF w/Malig == 0 AND totcst <= 2.67e+05 AND totmcst <= 2.74e+05 AND alb <= 11.2 AND adlp_was_missing == 1 AND dzgroup_COPD == 0 AND race_asian == 0 AND bun_was_missing == 1 AND dzgroup_Colon Cancer == 0 AND glucose <= 345 AND dzclass_COPD/CHF/Cirrhosis == 0,0.0
1,1,0.0,0.0,6,0,17,17,dzclass_Cancer == 0 AND totmcst <= 2.55e+05 AND 47 <= meanbp <= 85.6 AND dnr_dnr before sadm == 0 AND glucose <= 340 AND ca_yes == 0 AND alb <= 11.6 AND bili <= 16.9 AND dzclass_Coma == 0 AND charges <= 5.05e+05 AND diabetes == 1 AND 7.77 <= edu <= 26.7 AND scoma <= 34.5 AND crea <= 7.3 AND dzgroup_CHF == 1 AND dzgroup_MOSF w/Malig == 0 AND race_hispanic == 0,0.0
1,1,0.0,0.0,10,0,16,16,scoma <= 34.5 AND adlp_was_missing == 1 AND dzgroup_COPD == 0 AND dzgroup_Colon Cancer == 0 AND dzgroup_Lung Cancer == 0 AND dzclass_Cancer == 0 AND dzgroup_Cirrhosis == 0 AND race_white == 0 AND dnr_no dnr == 1 AND 32.1 <= age <= 77.4 AND totmcst <= 5.49e+05 AND dzgroup_Coma == 0 AND dnr_dnr before sadm == 0 AND dzclass_COPD/CHF/Cirrhosis == 0 AND dementia == 0 AND income == 0,0.0
0,1,0.0,0.0,1,0,19,19,race_other == 0 AND dementia == 0 AND crea <= 7.5 AND dzgroup_COPD == 0 AND dzgroup_Coma == 0 AND adlp_was_missing == 0 AND glucose_was_missing == 0 AND dzgroup_Colon Cancer == 0 AND race_black == 0 AND dnr_dnr after sadm == 1 AND dnr_dnr before sadm == 0 AND scoma <= 24 AND pafi <= 533 AND 7.2 <= ph <= 7.64 AND race_white == 1 AND diabetes == 0 AND bun_was_missing == 0 AND dzgroup_CHF == 0 AND ca_yes == 0,0.0
1,1,0.0,0.0,3,0,20,20,49.6 <= age <= 87.2 AND charges <= 2.24e+05 AND sps <= 54.7 AND 3.54 <= aps <= 106 AND dementia == 0 AND bili <= 25.7 AND 116 <= sod <= 146 AND glucose_was_missing == 1 AND glucose <= 282 AND bun_was_missing == 1 AND urine_was_missing == 1 AND sex == 0 AND income_was_missing == 1 AND income == 1 AND dzgroup_Cirrhosis == 1 AND dzgroup_Colon Cancer == 0 AND dzgroup_MOSF w/Malig == 0 AND dzclass_COPD/CHF/Cirrhosis == 1 AND ca_yes == 0 AND dnr_no dnr == 1,0.0
0,1,0.0,0.0,2,0,21,21,dnr_dnr before sadm == 0 AND temp >= 34.1 AND glucose <= 477 AND dzgroup_Lung Cancer == 0 AND dzgroup_CHF == 0 AND dzgroup_Cirrhosis == 0 AND 23.5 <= avtisst <= 62.9 AND pafi <= 524 AND dnr_no dnr == 0 AND bun <= 113 AND 121 <= sod <= 169 AND dnr_dnr after sadm == 1 AND num_co == 2 AND adlsc <= 2.41 AND totcst <= 1.97e+05 AND diabetes == 0 AND dementia == 0 AND alb <= 10.6 AND bun_was_missing == 0 AND dzclass_Cancer == 0 AND resp <= 34.5,0.0
1,1,0.0,0.0,1,0,17,17,dnr_dnr after sadm == 0 AND 1.62 <= edu <= 22.4 AND 28.5 <= meanbp <= 125 AND dnrday <= 92.3 AND glucose_was_missing == 0 AND bun_was_missing == 0 AND dzgroup_MOSF w/Malig == 0 AND 117 <= sod <= 157 AND 14.9 <= avtisst <= 61.1 AND dzclass_COPD/CHF/Cirrhosis == 0 AND dnr_no dnr == 0 AND resp <= 32.7 AND race_hispanic == 0 AND totcst <= 2.41e+05 AND diabetes == 1 AND glucose <= 330 AND adls == 1,0.0
1,1,0.0,0.0,11,0,17,17,scoma <= 34.5 AND glucose_was_missing == 1 AND adlp_was_missing == 1 AND dzgroup_COPD == 0 AND dzgroup_Colon Cancer == 0 AND dzgroup_Lung Cancer == 0 AND dzclass_Cancer == 0 AND dzgroup_Cirrhosis == 0 AND race_white == 0 AND dnr_no dnr == 1 AND 32.1 <= age <= 77.4 AND totmcst <= 2.08e+05 AND dzgroup_Coma == 0 AND dnr_dnr before sadm == 0 AND 17.8 <= sps <= 86.2 AND glucose <= 392 AND bun_was_missing == 1,0.0
1,1,0.0,0.0,6,0,20,20,race_asian == 0 AND race_other == 0 AND dzgroup_COPD == 0 AND wblc <= 71.5 AND dnr_dnr after sadm == 0 AND dzgroup_Lung Cancer == 0 AND scoma <= 21 AND totmcst <= 2.76e+05 AND bun <= 130 AND adlp_was_missing == 0 AND dzgroup_Coma == 0 AND glucose <= 314 AND urine <= 2.99e+03 AND charges <= 4.31e+05 AND 32.8 <= temp <= 39.7 AND bili <= 18.5 AND totcst <= 1.58e+05 AND pafi <= 281 AND adlp == 0 AND 7.17 <= ph <= 7.64,0.0
1,1,0.0,0.0,1,0,21,21,race_asian == 0 AND ca_no == 0 AND adlp_was_missing == 1 AND dnrday <= 76.5 AND race_black == 0 AND dzgroup_Lung Cancer == 0 AND crea <= 9.58 AND age >= 65.4 AND scoma >= 66 AND totcst <= 1.5e+05 AND dementia == 0 AND 7.12 <= ph <= 7.52 AND glucose_was_missing == 0 AND 78.7 <= glucose <= 667 AND urine <= 3.9e+03 AND sex == 0 AND income == 1 AND dzgroup_MOSF w/Malig == 0 AND ca_yes == 1 AND charges <= 3.31e+05 AND adlp == 0,0.0
1,1,0.0,0.0,2,0,26,26,dzgroup_COPD == 0 AND dzgroup_Lung Cancer == 0 AND ca_no == 1 AND dnr_dnr after sadm == 1 AND dzgroup_MOSF w/Malig == 0 AND adlp_was_missing == 1 AND urine <= 4.26e+03 AND 58.1 <= age <= 98.3 AND bili <= 9.19 AND dzgroup_Cirrhosis == 0 AND race_other == 0 AND 61.5 <= hrt <= 198 AND 35 <= temp <= 40.7 AND sps <= 69.5 AND crea <= 7.47 AND dzgroup_Coma == 1 AND race_black == 0 AND 7.26 <= ph <= 7.58 AND dzclass_COPD/CHF/Cirrhosis == 0 AND race_hispanic == 0 AND dzgroup_CHF == 0 AND diabetes == 1 AND dzgroup_Colon Cancer == 0 AND race_asian == 0 AND num_co == 1 AND 0.53 <= edu <= 23.5,0.0
1,1,0.0,0.0,1,0,22,22,avtisst <= 30.5 AND urine <= 5.3e+03 AND dzgroup_Lung Cancer == 0 AND dzclass_Coma == 0 AND bun <= 125 AND 0.0195 <= adlsc <= 3.98 AND scoma <= 25 AND dementia == 0 AND wblc <= 53.4 AND ph >= 7.25 AND dzgroup_Cirrhosis == 1 AND dzgroup_Colon Cancer == 0 AND ca_no == 1 AND alb <= 11.4 AND num_co == 2 AND totcst <= 1.7e+05 AND 32.7 <= temp <= 39.4 AND crea <= 6.42 AND glucose <= 508 AND dzgroup_Coma == 0 AND race_other == 0 AND race_white == 0,0.0
0,1,0.0,0.0,1,0,20,20,sod <= 155 AND avtisst <= 42.7 AND race_other == 0 AND dzgroup_Cirrhosis == 0 AND dzgroup_MOSF w/Malig == 0 AND race_asian == 0 AND ca_yes == 0 AND bun <= 143 AND dnr_dnr before sadm == 0 AND aps <= 31.6 AND dementia == 0 AND 14.2 <= pafi <= 546 AND bun_was_missing == 0 AND adlp_was_missing == 1 AND totcst <= 1.61e+05 AND totmcst <= 2.11e+05 AND race_white == 1 AND dzgroup_COPD == 0 AND num_co == 1 AND 113 <= meanbp <= 183,0.0
1,1,0.0,0.0,17,0,17,17,dzclass_COPD/CHF/Cirrhosis == 1 AND dnr_no dnr == 1 AND adlsc <= 2.51 AND dnr_dnr after sadm == 0 AND ca_yes == 0 AND charges <= 5.05e+05 AND avtisst <= 23.3 AND 1.43 <= alb <= 11.6 AND crea <= 6.67 AND glucose_was_missing == 1 AND urine <= 5.06e+03 AND dzgroup_COPD == 0 AND dzgroup_MOSF w/Malig == 0 AND dzclass_Cancer == 0 AND 34 <= hrt <= 166 AND dzgroup_CHF == 1 AND dnr_dnr before sadm == 0,0.0
1,1,0.0,0.0,5,0,12,12,avtisst <= 36.5 AND race_other == 0 AND glucose_was_missing == 0 AND race_hispanic == 0 AND 1.5 <= crea <= 11.7 AND dnr_dnr after sadm == 0 AND totcst <= 2.37e+05 AND temp >= 35 AND race_white == 1 AND dnr_no dnr == 1 AND income == 0 AND dzgroup_Coma == 0,0.0
1,1,0.0,0.0,2,0,22,22,dnr_dnr before sadm == 0 AND charges <= 5.05e+05 AND ca_yes == 0 AND resp <= 51.3 AND dzgroup_COPD == 0 AND dnr_no dnr == 1 AND age >= 75.6 AND 8.02 <= hrt <= 172 AND dzgroup_MOSF w/Malig == 0 AND race_asian == 0 AND dzgroup_CHF == 1 AND sps <= 46 AND aps <= 80.6 AND wblc <= 63.8 AND glucose <= 335 AND urine_was_missing == 1 AND dzgroup_Lung Cancer == 0 AND dzclass_Cancer == 0 AND race_other == 0 AND race_white == 1 AND diabetes == 0 AND 7.39 <= ph <= 7.65,0.0
1,1,0.0,0.0,14,0,17,17,wblc <= 71.5 AND race_white == 1 AND dnr_no dnr == 1 AND income_was_missing == 0 AND dzclass_Cancer == 0 AND 29.8 <= meanbp <= 161 AND charges <= 4.27e+05 AND 54.8 <= hrt <= 152 AND race_other == 0 AND 24.5 <= glucose <= 497 AND totcst <= 1.5e+05 AND avtisst <= 36.5 AND dementia == 0 AND glucose_was_missing == 0 AND race_hispanic == 0 AND alb <= 7.87 AND pafi <= 380,0.0
0,1,0.0,0.0,2,0,18,18,race_other == 0 AND dzgroup_Cirrhosis == 0 AND race_hispanic == 0 AND bun_was_missing == 0 AND aps <= 50.9 AND dementia == 0 AND dzgroup_Coma == 0 AND avtisst <= 41.8 AND glucose_was_missing == 0 AND ca_no == 0 AND 7.25 <= ph <= 7.69 AND charges <= 4.67e+05 AND race_black == 1 AND race_white == 0 AND dnr_dnr before sadm == 0 AND num_co == 1 AND 33.8 <= temp <= 39.4 AND adlp == 0,0.0
1,1,0.0,0.0,1,0,20,20,charges <= 5.2e+05 AND 37.9 <= resp <= 66.1 AND alb <= 11.7 AND glucose_was_missing == 1 AND bun_was_missing == 1 AND urine <= 4.62e+03 AND sex == 1 AND dzgroup_Colon Cancer == 0 AND dzgroup_Coma == 0 AND dzclass_COPD/CHF/Cirrhosis == 0 AND race_black == 0 AND dnr_no dnr == 0 AND diabetes == 0 AND 56.7 <= age <= 80.2 AND totcst <= 8.33e+04 AND pafi <= 524 AND race_asian == 0 AND dnr_dnr before sadm == 0 AND bun <= 91.8 AND income_was_missing == 0,0.0
1,1,0.0,0.0,12,0,25,25,0.84 <= edu <= 23.2 AND scoma <= 18.5 AND charges <= 4.16e+05 AND avtisst <= 38.6 AND sps <= 45.8 AND aps <= 60.1 AND 71.7 <= meanbp <= 134 AND wblc <= 66.5 AND resp <= 43.8 AND alb <= 11.5 AND glucose_was_missing == 1 AND adls == 1 AND income_was_missing == 1 AND dzgroup_Lung Cancer == 0 AND dzclass_Cancer == 0 AND race_asian == 0 AND race_hispanic == 0 AND ca_no == 1 AND ca_yes == 0 AND dnrday <= 75.1 AND sod <= 155 AND dzgroup_Cirrhosis == 0 AND dzgroup_MOSF w/Malig == 0 AND race_white == 0 AND dnr_no dnr == 1,0.0
1,1,0.0,0.0,1,0,26,26,dnr_dnr after sadm == 0 AND dzgroup_Lung Cancer == 0 AND race_white == 1 AND 25.8 <= age <= 81.1 AND glucose_was_missing == 0 AND dzclass_Coma == 0 AND 131 <= sod <= 147 AND urine_was_missing == 0 AND 0.134 <= bili <= 11.9 AND dzgroup_Cirrhosis == 0 AND race_hispanic == 0 AND 28.9 <= avtisst <= 68.1 AND adlp_was_missing == 1 AND adls == 1 AND scoma <= 14.5 AND charges <= 3.53e+05 AND totcst <= 1.66e+05 AND aps <= 74.9 AND diabetes == 0 AND dnrday <= 97.8 AND 82.5 <= pafi <= 511 AND alb <= 9.01 AND crea <= 6.98 AND race_other == 0 AND sex == 0 AND ca_no == 0,0.0
1,1,0.0,0.0,2,0,25,25,avtisst <= 42.3 AND glucose <= 581 AND dnrday <= 75.1 AND 7.11 <= ph <= 7.73 AND dnr_dnr after sadm == 0 AND wblc <= 63.8 AND race_white == 1 AND ca_yes == 0 AND sod <= 149 AND crea <= 7.15 AND dzgroup_CHF == 0 AND race_hispanic == 0 AND 1.22 <= aps <= 78.8 AND income_was_missing == 1 AND dzgroup_Lung Cancer == 0 AND dzclass_Cancer == 0 AND scoma <= 34.5 AND charges <= 4.31e+05 AND diabetes == 1 AND dementia == 0 AND resp <= 50.2 AND adlp_was_missing == 0 AND income == 1 AND race_asian == 0 AND bun <= 84.3,0.0
1,1,0.0,0.0,2,0,17,17,dzgroup_COPD == 0 AND sps <= 62.2 AND adlp == 0 AND 73.5 <= age <= 98.3 AND urine_was_missing == 1 AND race_other == 0 AND totcst <= 1.77e+05 AND bun <= 103 AND dzgroup_Colon Cancer == 0 AND dzclass_Coma == 0 AND dnr_dnr before sadm == 0 AND race_white == 1 AND alb <= 14 AND dnr_no dnr == 0 AND avtisst <= 23.4 AND aps <= 70.5 AND dzgroup_MOSF w/Malig == 0,0.0
0,1,0.0,0.0,3,0,27,27,34.5 <= age <= 59.6 AND totcst <= 1.25e+05 AND totmcst <= 2.55e+05 AND dementia == 0 AND dnrday <= 73.4 AND 9.92 <= resp <= 38.1 AND 111 <= pafi <= 746 AND alb <= 7.45 AND bili <= 22.4 AND crea <= 9.25 AND glucose_was_missing == 0 AND glucose <= 640 AND 5.66 <= bun <= 104 AND urine_was_missing == 1 AND dzgroup_CHF == 0 AND dzgroup_Colon Cancer == 0 AND dzclass_COPD/CHF/Cirrhosis == 0 AND dzclass_Cancer == 0 AND dzclass_Coma == 0 AND race_asian == 0 AND race_black == 0 AND race_hispanic == 0 AND race_white == 1 AND ca_yes == 1 AND dnr_dnr after sadm == 1 AND hrt <= 141 AND 0.0278 <= adlsc <= 3.99,0.0
1,1,0.0,0.0,1,0,24,24,pafi <= 492 AND dzgroup_Cirrhosis == 0 AND race_other == 0 AND dnr_no dnr == 0 AND adlp == 0 AND urine_was_missing == 0 AND dzgroup_COPD == 0 AND totcst <= 1.06e+05 AND dzgroup_MOSF w/Malig == 0 AND adlp_was_missing == 1 AND race_asian == 0 AND dnr_dnr after sadm == 1 AND ca_yes == 0 AND 15.6 <= aps <= 66.4 AND dementia == 0 AND wblc <= 61.4 AND 34.9 <= temp <= 41.2 AND alb <= 11.4 AND glucose <= 379 AND num_co == 1 AND resp <= 46.8 AND dzgroup_CHF == 0 AND dzgroup_Coma == 0 AND ca_no == 0,0.0
1,1,0.0,0.0,14,0,19,19,race_other == 0 AND 0.375 <= edu <= 26.7 AND race_asian == 0 AND avtisst <= 28.4 AND dementia == 0 AND adlp == 0 AND dzgroup_Cirrhosis == 0 AND dnr_dnr before sadm == 0 AND 133 <= sod <= 169 AND 7.3 <= ph <= 7.64 AND dzgroup_Lung Cancer == 0 AND charges <= 3.97e+05 AND bili <= 22.6 AND 345 <= urine <= 3.58e+03 AND wblc <= 83.6 AND 34.1 <= temp <= 39.6 AND glucose <= 487 AND race_hispanic == 0 AND glucose_was_missing == 1,0.0
0,1,0.0,0.0,18,0,27,27,dzgroup_COPD == 0 AND dzgroup_MOSF w/Malig == 0 AND race_asian == 0 AND dzgroup_Cirrhosis == 0 AND dnr_dnr before sadm == 0 AND avtisst >= 31 AND totmcst <= 2.74e+05 AND dementia == 0 AND ca_no == 1 AND adlp == 0 AND adlp_was_missing == 1 AND dzclass_Cancer == 0 AND 21.6 <= hrt <= 208 AND dnr_no dnr == 0 AND dnrday <= 71.1 AND bun <= 103 AND dzgroup_CHF == 0 AND ca_yes == 0 AND dzgroup_Colon Cancer == 0 AND 25.1 <= age <= 73.7 AND totcst <= 2.31e+05 AND alb <= 11.2 AND 118 <= sod <= 156 AND dzgroup_Lung Cancer == 0 AND resp <= 32.6 AND bun_was_missing == 1 AND urine <= 4.53e+03,0.0
1,1,0.0,0.0,1,0,17,17,aps <= 118 AND dzgroup_COPD == 0 AND adlp == 0 AND dzclass_Cancer == 0 AND race_asian == 0 AND dnrday <= 49.6 AND hrt >= 72.9 AND dementia == 0 AND pafi <= 524 AND dnr_no dnr == 0 AND avtisst >= 23.5 AND dzgroup_Cirrhosis == 1 AND totcst <= 1.25e+05 AND 11.4 <= meanbp <= 103 AND glucose_was_missing == 0 AND 5.46 <= edu <= 26.5 AND ca_yes == 0,0.0
1,1,0.0,0.0,2,0,15,15,dnr_dnr after sadm == 1 AND sps <= 57.3 AND dzgroup_Cirrhosis == 0 AND charges <= 5.18e+05 AND 9.18 <= edu <= 22.8 AND alb <= 10.6 AND dnr_no dnr == 0 AND 30.5 <= aps <= 109 AND glucose <= 387 AND urine_was_missing == 0 AND dzgroup_COPD == 0 AND 18.4 <= age <= 80.2 AND totmcst <= 2.58e+05 AND ca_no == 1 AND 4.27 <= adlsc <= 7.03,0.0
1,1,0.0,0.0,1,0,26,26,totcst <= 2.41e+05 AND aps <= 49.7 AND dementia == 0 AND dnrday <= 78.7 AND 33.4 <= hrt <= 152 AND 47.1 <= pafi <= 613 AND alb <= 9.5 AND crea <= 7.28 AND glucose <= 304 AND bun_was_missing == 0 AND adlp == 2 AND adls == 0 AND adlsc <= 2.05 AND income_was_missing == 1 AND dzgroup_MOSF w/Malig == 0 AND dzclass_Coma == 0 AND race_black == 0 AND race_hispanic == 0 AND ca_no == 0 AND dnr_dnr before sadm == 0 AND urine <= 3.58e+03 AND dzgroup_CHF == 0 AND race_white == 1 AND ca_yes == 0 AND 2.6 <= avtisst <= 23.4 AND bili <= 23.1,0.0
1,1,0.0,0.0,17,0,17,17,avtisst <= 42.3 AND wblc <= 71.5 AND 117 <= sod <= 155 AND bun <= 104 AND adlsc >= 5.66 AND dzgroup_Colon Cancer == 0 AND race_asian == 0 AND dnr_dnr after sadm == 0 AND dnr_dnr before sadm == 0 AND dzgroup_Coma == 0 AND sps <= 48 AND diabetes == 0 AND alb <= 9.58 AND 7.04 <= ph <= 7.7 AND dzgroup_Cirrhosis == 0 AND race_black == 0 AND dnr_no dnr == 1,0.0
0,1,0.0,0.0,1,0,22,22,sod <= 155 AND avtisst <= 42.7 AND race_other == 0 AND dzgroup_Cirrhosis == 0 AND glucose_was_missing == 0 AND dzgroup_MOSF w/Malig == 0 AND race_asian == 0 AND ca_yes == 0 AND bun <= 143 AND hrt <= 226 AND dnr_dnr before sadm == 0 AND aps <= 31.6 AND dementia == 0 AND 14.2 <= pafi <= 546 AND bun_was_missing == 0 AND adlp_was_missing == 1 AND totcst <= 1.61e+05 AND totmcst <= 2.11e+05 AND race_white == 1 AND alb <= 8.85 AND charges <= 2.68e+05 AND dzgroup_Coma == 1,0.0
0,1,0.0,0.0,2,0,18,18,dnr_dnr after sadm == 1 AND ca_no == 1 AND dzgroup_MOSF w/Malig == 0 AND race_asian == 0 AND 118 <= sod <= 156 AND totmcst <= 2.58e+05 AND dzgroup_Coma == 0 AND age <= 63.9 AND 3.69 <= adlsc <= 6.31 AND glucose <= 325 AND charges <= 4.84e+05 AND dzclass_Cancer == 0 AND 35 <= scoma <= 89.3 AND dzgroup_COPD == 0 AND dzgroup_Lung Cancer == 0 AND totcst <= 2.41e+05 AND income == 0 AND dzgroup_Cirrhosis == 0,0.0
0,1,0.0,0.0,1,0,12,12,dnr_dnr before sadm == 0 AND charges <= 5e+05 AND race_asian == 0 AND dzclass_COPD/CHF/Cirrhosis == 1 AND race_other == 0 AND 7.11 <= ph <= 7.72 AND dzgroup_Cirrhosis == 0 AND dzgroup_Lung Cancer == 0 AND bili <= 22.6 AND race_black == 0 AND ca_no == 1 AND dnr_dnr after sadm == 1,0.0
1,1,0.0,0.0,1,0,27,27,avtisst <= 32.8 AND 11.4 <= sps <= 37.2 AND 7.14 <= aps <= 50.9 AND diabetes == 0 AND dementia == 0 AND dnrday <= 85.6 AND 70.2 <= meanbp <= 190 AND 33.8 <= temp <= 38.7 AND bili <= 11.6 AND crea <= 8.78 AND 126 <= sod <= 152 AND 7.25 <= ph <= 7.49 AND glucose_was_missing == 0 AND bun_was_missing == 0 AND bun <= 84.8 AND urine <= 2.64e+03 AND income == 0 AND dzgroup_Cirrhosis == 0 AND dzgroup_MOSF w/Malig == 0 AND dzclass_Cancer == 1 AND race_asian == 0 AND race_black == 1 AND race_white == 0 AND ca_no == 0 AND dnr_dnr after sadm == 1 AND num_co == 1 AND dzgroup_Lung Cancer == 0,0.0
1,1,0.0,0.0,5,0,22,22,race_black == 0 AND race_other == 0 AND diabetes == 0 AND bili <= 22.5 AND avtisst <= 15.5 AND 1.01 <= crea <= 7.72 AND dzgroup_Coma == 0 AND 1.77 <= edu <= 25 AND adlp == 0 AND num_co == 3 AND scoma <= 25 AND charges <= 6.16e+05 AND hrt >= 21.6 AND dzgroup_COPD == 0 AND aps <= 67.3 AND dnrday <= 106 AND 3.76 <= resp <= 44.2 AND race_white == 1 AND 8.66 <= sps <= 40.3 AND urine_was_missing == 0 AND dzgroup_CHF == 0 AND ca_no == 0,0.0
0,1,0.0,0.0,1,0,28,28,dzgroup_Cirrhosis == 0 AND dzclass_Coma == 0 AND dnr_dnr after sadm == 1 AND dnr_no dnr == 0 AND totcst <= 1.97e+05 AND dementia == 0 AND adlp == 0 AND dzclass_Cancer == 0 AND dnr_dnr before sadm == 0 AND 31 <= avtisst <= 62.9 AND diabetes == 0 AND alb <= 11.2 AND dnrday <= 75.4 AND glucose_was_missing == 1 AND dzgroup_Colon Cancer == 0 AND race_other == 0 AND urine_was_missing == 1 AND totmcst <= 2.74e+05 AND wblc <= 35.8 AND 21.6 <= hrt <= 208 AND bun <= 103 AND adlp_was_missing == 1 AND dzgroup_CHF == 0 AND dzgroup_COPD == 0 AND dzgroup_MOSF w/Malig == 0 AND crea <= 4.33 AND bun_was_missing == 1 AND dzclass_COPD/CHF/Cirrhosis == 0,0.0
